loan_id,loan_status,loan_amnt,funded_amnt,interest_rate,monthly_payment,term,grade,sub_grade,dti,delinq_2yrs,inquiries_6mo,public_records,revolving_utilization,open_accounts,total_accounts,purpose,home_ownership,state,earliest_cr_Line,employment_length,annual_income,verification_status,VAR24,recoveries,total_rec_prncp,default_flag,_LEVEL_,pred_prob,Fair Rate ,Grade implied rate
45,Fully Paid,4200,4200,14.47,144.51,36 months,C,C2,18.93,0,0,0,49.2,7,8,debt_consolidation,RENT,MI,DEC2011,3 years,26000,Source Verified,4200,0,4200,0,1,0.2566223915,0.18577307790056388,0.1715567968159956
71,Fully Paid,10000,10000,7.56,311.34,36 months,A,A3,31.11,0,0,0,14,51,73,debt_consolidation,MORTGAGE,PA,APR2004,6 years,108000,Not Verified,10000,0,10000,0,1,0.0843310164,0.10212325699374343,0.09318522201240317
100,Fully Paid,12000,12000,17.97,304.53,60 months,D,D1,11.45,0,0,1,40.1,10,18,credit_card,RENT,DC,MAR2013,9 years,37000,Not Verified,12000,0,12000,0,1,0.2770890377,0.19858625402785515,0.21124155917823043
119,Fully Paid,40000,40000,7.56,1245.36,36 months,A,A3,15.81,0,1,0,8.9,20,49,debt_consolidation,MORTGAGE,MA,JUN2005,10+ years,151785,Source Verified,40000,0,40000,0,1,0.0742267789,0.09827436447715425,0.09318522201240317
214,Fully Paid,25000,25000,11.8,553.59,60 months,B,B4,22.74,0,0,0,78.4,4,12,debt_consolidation,OWN,NY,DEC1999,n/a,24744,Verified,25000,0,25000,0,1,0.2338196503,0.16652556691298795,0.12551628685844768
255,Fully Paid,30000,30000,18.94,1098.78,36 months,D,D2,27.03,1,0,0,57.4,9,13,debt_consolidation,OWN,MA,MAY2005,1 year,52000,Source Verified,30000,0,30000,0,1,0.4205956699,0.2651821050074596,0.21124155917823043
313,Fully Paid,10000,10000,17.97,361.38,36 months,D,D1,6,0,0,0,49.8,4,5,debt_consolidation,RENT,NY,JUL2015,3 years,35000,Not Verified,10000,0,10000,0,1,0.2537966977,0.1877771842320811,0.21124155917823043
356,Fully Paid,30000,30000,22.35,1151.16,36 months,D,D5,30.46,0,0,1,37,11,19,debt_consolidation,MORTGAGE,CA,JAN2012,5 years,100000,Source Verified,30000,0,30000,0,1,0.4116738979,0.2610418573444947,0.21124155917823043
360,Fully Paid,16800,16800,27.27,515.71,60 months,E,E5,36.22,0,0,0,51.9,20,33,debt_consolidation,MORTGAGE,FL,OCT2004,10+ years,72999,Not Verified,16800,0,16800,0,1,0.4563183437,0.2985714621396336,0.26321838497840144
377,Fully Paid,3000,3000,16.14,105.68,36 months,C,C4,4.49,0,2,1,23.9,6,23,debt_consolidation,OWN,IN,FEB2010,6 years,35000,Not Verified,3000,0,3000,0,1,0.1425968669,0.13433140180594896,0.1715567968159956
385,Fully Paid,16800,16800,14.47,395.02,60 months,C,C2,12.1,0,0,0,20.2,59,92,home_improvement,MORTGAGE,IL,APR1988,5 years,185000,Not Verified,16800,0,16800,0,1,0.2277721686,0.17275753750392497,0.1715567968159956
386,Fully Paid,10000,10000,7.02,308.87,36 months,A,A2,13.36,0,0,0,25,8,26,home_improvement,MORTGAGE,TX,AUG2002,7 years,82000,Not Verified,10000,0,10000,0,1,0.0418975962,0.08595957581927934,0.09318522201240317
478,Fully Paid,7200,7200,8.81,228.33,36 months,A,A5,11.15,1,0,0,30.5,10,12,moving,MORTGAGE,NC,APR2005,10+ years,92000,Not Verified,7200,0,7200,0,1,0.0466704732,0.08777765368689681,0.09318522201240317
502,Fully Paid,9600,9600,7.02,296.51,36 months,A,A2,5.99,0,1,0,43.1,4,10,credit_card,OWN,VA,OCT2005,3 years,74680,Not Verified,9600,0,9600,0,1,0.0436121722,0.08661268979601665,0.09318522201240317
570,Fully Paid,40000,40000,16.14,975.71,60 months,C,C4,50.53,0,0,0,64.5,18,37,credit_card,MORTGAGE,OH,JUN2009,< 1 year,45000,Verified,40000,0,40000,0,1,0.388131137,0.24510216507952473,0.1715567968159956
618,Fully Paid,20000,20000,7.56,622.68,36 months,A,A3,18.92,0,0,0,29.9,9,19,credit_card,MORTGAGE,WA,FEB1999,10+ years,100000,Not Verified,20000,0,20000,0,1,0.0532901354,0.09029920648134848,0.09318522201240317
623,Fully Paid,15000,15000,18.94,388.62,60 months,D,D2,31.15,1,0,0,13.3,18,35,credit_card,MORTGAGE,VA,MAY2007,7 years,68000,Not Verified,15000,0,15000,0,1,0.3022524738,0.21026362680819413,0.21124155917823043
688,Fully Paid,4500,4500,11.31,147.99,36 months,B,B3,4.64,0,0,0,15.3,12,25,credit_card,RENT,TX,DEC2003,10+ years,38500,Not Verified,4500,0,4500,0,1,0.1040323754,0.11294670700219496,0.12551628685844768
784,Fully Paid,7000,7000,10.33,226.96,36 months,B,B1,14.67,0,1,0,0.3,11,29,vacation,MORTGAGE,MA,OCT1995,10+ years,58000,Source Verified,7000,0,7000,0,1,0.0976464404,0.11031046152259726,0.12551628685844768
793,Fully Paid,8425,8425,27.27,345.18,36 months,E,E5,12.37,0,0,0,65.7,21,37,credit_card,MORTGAGE,MA,OCT1997,3 years,450000,Verified,8425,0,8425,0,1,0.3457884525,0.24320665116826476,0.26321838497840144
811,Fully Paid,10000,10000,14.47,235.13,60 months,C,C2,10.96,0,0,0,23.3,11,36,home_improvement,MORTGAGE,CT,JAN2002,4 years,73000,Source Verified,10000,0,10000,0,1,0.1667049642,0.14520757130321307,0.1715567968159956
846,Fully Paid,1500,1500,7.56,46.71,36 months,A,A3,11.9,2,2,0,1.1,23,41,home_improvement,OWN,TX,NOV1975,n/a,70000,Not Verified,1500,0,1500,0,1,0.0899215655,0.1042528014145485,0.09318522201240317
934,Fully Paid,10000,10000,10.33,214.1,60 months,B,B1,11.98,0,0,0,22.4,16,36,debt_consolidation,MORTGAGE,CA,OCT2003,10+ years,61000,Source Verified,10000,0,10000,0,1,0.1034090484,0.11268938477983266,0.12551628685844768
1018,Fully Paid,6000,6000,18.94,219.76,36 months,D,D2,8.26,0,1,0,77,6,8,debt_consolidation,RENT,FL,AUG2012,3 years,71200,Not Verified,6000,0,6000,0,1,0.2592326608,0.19029980345175385,0.21124155917823043
1020,Fully Paid,8000,8000,14.47,275.26,36 months,C,C2,8.43,1,1,0,37.1,10,22,debt_consolidation,RENT,NJ,OCT2001,10+ years,250000,Source Verified,8000,0,8000,0,1,0.220723578,0.16957762392018386,0.1715567968159956
1042,Fully Paid,20000,20000,17.97,507.55,60 months,D,D1,22.18,0,0,0,45.9,10,16,debt_consolidation,RENT,WA,APR1995,4 years,57000,Not Verified,20000,0,20000,0,1,0.3431698587,0.22925179498900602,0.21124155917823043
1046,Fully Paid,6600,6600,11.31,217.05,36 months,B,B3,16.21,0,0,0,58.2,6,13,credit_card,RENT,TX,APR2009,10+ years,45000,Not Verified,6600,0,6600,0,1,0.1241133939,0.12123656498639664,0.12551628685844768
1047,Fully Paid,30000,30000,27.27,920.91,60 months,E,E5,19.29,0,3,0,75.6,40,54,debt_consolidation,MORTGAGE,OH,SEP2004,5 years,95000,Source Verified,30000,0,30000,0,1,0.5182797641,0.3296081553881249,0.26321838497840144
1158,Fully Paid,2500,2500,13.56,84.92,36 months,C,C1,15.09,0,0,0,31.6,3,6,other,RENT,PA,MAR2004,5 years,42000,Not Verified,2500,0,2500,0,1,0.1813192585,0.15180068978584424,0.1715567968159956
1165,Fully Paid,5000,5000,7.56,155.67,36 months,A,A3,2.4,0,2,0,26.7,10,54,major_purchase,MORTGAGE,TX,FEB1998,3 years,76500,Not Verified,5000,0,5000,0,1,0.0271612275,0.08034621813532454,0.09318522201240317
1240,Fully Paid,8000,8000,10.72,260.86,36 months,B,B2,4.22,0,1,0,27.3,4,5,credit_card,MORTGAGE,AZ,SEP2013,2 years,115000,Not Verified,8000,0,8000,0,1,0.0787389836,0.10250507397642132,0.12551628685844768
1370,Fully Paid,16000,16000,13.56,368.66,60 months,C,C1,22.18,0,0,1,32.5,10,23,debt_consolidation,MORTGAGE,OR,NOV2005,10+ years,93000,Source Verified,16000,0,16000,0,1,0.2072890241,0.1635167356004519,0.1715567968159956
1437,Fully Paid,12000,12000,6.46,367.57,36 months,A,A1,7.89,0,1,0,7.9,7,17,debt_consolidation,MORTGAGE,MA,DEC2001,2 years,75000,Verified,12000,0,12000,0,1,0.0428574444,0.08632519990066514,0.09318522201240317
1441,Fully Paid,4000,4000,17.97,144.55,36 months,D,D1,19.1,0,1,0,7.3,11,18,house,MORTGAGE,TX,JUN2007,5 years,60000,Source Verified,4000,0,4000,0,1,0.2283548469,0.17597061000935935,0.21124155917823043
1461,Fully Paid,2700,2700,8.19,84.85,36 months,A,A4,24.95,0,0,1,36.4,21,28,credit_card,OWN,MI,OCT2002,4 years,24000,Not Verified,2700,0,2700,0,1,0.0686533809,0.09615135323022216,0.09318522201240317
1571,Fully Paid,1000,1000,23.4,38.92,36 months,E,E1,20.78,0,0,0,72.8,4,38,debt_consolidation,RENT,OH,SEP2007,3 years,60000,Source Verified,1000,0,1000,0,1,0.3419461588,0.24128203274977686,0.26321838497840144
1596,Fully Paid,15000,15000,7.56,467.01,36 months,A,A3,2.62,0,0,0,39.2,7,45,house,MORTGAGE,ID,FEB2006,10+ years,200000,Not Verified,15000,0,15000,0,1,0.0248584862,0.07946906102602155,0.09318522201240317
1714,Fully Paid,8000,8000,7.56,249.08,36 months,A,A3,20.1,0,0,0,61.2,17,29,other,MORTGAGE,CA,JAN1987,10+ years,250000,Not Verified,8000,0,8000,0,1,0.0475358875,0.08810730613449806,0.09318522201240317
1810,Fully Paid,13500,13500,8.19,424.23,36 months,A,A4,30.29,0,2,1,33.6,9,19,credit_card,MORTGAGE,PA,MAY2006,7 years,59000,Not Verified,13500,0,13500,0,1,0.0619232361,0.09358771555283367,0.09318522201240317
1840,Fully Paid,15500,15500,14.47,364.45,60 months,C,C2,25.5,0,0,0,50.2,10,40,debt_consolidation,MORTGAGE,OH,JUN1999,10+ years,115000,Not Verified,15500,0,15500,0,1,0.1688014787,0.1461533965490516,0.1715567968159956
1845,Fully Paid,25000,25000,12.98,568.58,60 months,B,B5,9.73,0,2,0,16.1,15,62,debt_consolidation,MORTGAGE,TX,JAN2004,9 years,108000,Source Verified,25000,0,25000,0,1,0.1079951227,0.1145826106962371,0.12551628685844768
1890,Fully Paid,6025,6025,18.94,220.67,36 months,D,D2,3.02,1,1,0,1.2,14,21,debt_consolidation,RENT,MA,FEB2005,3 years,36000,Source Verified,6025,0,6025,0,1,0.3024494283,0.21035502573750273,0.21124155917823043
1907,Fully Paid,1300,1300,8.81,41.23,36 months,A,A5,20.13,0,0,0,10.2,7,10,credit_card,RENT,KS,JUN2010,4 years,40000,Source Verified,1300,0,1300,0,1,0.0801778104,0.10054122336743039,0.09318522201240317
2003,Fully Paid,5000,5000,7.56,155.67,36 months,A,A3,14.78,0,0,0,55.1,6,13,credit_card,MORTGAGE,TX,MAR2008,5 years,98000,Not Verified,5000,0,5000,0,1,0.0412613671,0.08571722428886189,0.09318522201240317
2076,Fully Paid,25000,25000,15.02,595.02,60 months,C,C3,33.01,0,5,0,10.2,22,45,debt_consolidation,OWN,OH,MAR2005,10+ years,69000,Source Verified,25000,0,25000,0,1,0.3224780746,0.21548332681986423,0.1715567968159956
2087,Fully Paid,5000,5000,16.14,176.14,36 months,C,C4,3.05,0,2,0,59.7,10,28,debt_consolidation,OWN,NY,FEB2003,5 years,125000,Not Verified,5000,0,5000,0,1,0.1455350248,0.13565692753833952,0.1715567968159956
2118,Fully Paid,29000,29000,8.19,911.3,36 months,A,A4,21.25,0,0,0,15.6,15,34,credit_card,MORTGAGE,IL,JUN1984,10+ years,59000,Source Verified,29000,0,29000,0,1,0.0740352689,0.09820141474632578,0.09318522201240317
2162,Fully Paid,10000,10000,12.98,336.85,36 months,B,B5,27.84,0,0,0,16.3,5,6,debt_consolidation,RENT,IL,DEC2009,2 years,30000,Source Verified,10000,0,10000,0,1,0.2068306125,0.15538393629837294,0.12551628685844768
2192,Fully Paid,10000,10000,14.47,235.13,60 months,C,C2,29.97,0,0,1,35.7,10,59,credit_card,RENT,OH,SEP1992,6 years,43000,Not Verified,10000,0,10000,0,1,0.1936044584,0.1573430565167174,0.1715567968159956
2211,Fully Paid,12950,12950,7.56,403.19,36 months,A,A3,19.88,0,1,0,5,15,24,debt_consolidation,MORTGAGE,AZ,DEC2005,10+ years,55000,Source Verified,12950,0,12950,0,1,0.0656770166,0.09501760055656289,0.09318522201240317
2223,Fully Paid,6400,6400,7.56,199.26,36 months,A,A3,11.58,0,0,0,33.5,16,20,debt_consolidation,MORTGAGE,MI,MAR2008,10+ years,40000,Source Verified,6400,0,6400,0,1,0.0547357905,0.09084988347166655,0.09318522201240317
2281,Fully Paid,11000,11000,17.97,279.15,60 months,D,D1,22.6,0,0,0,97,6,12,debt_consolidation,RENT,TX,JUN2006,4 years,42000,Verified,11000,0,11000,0,1,0.3233304193,0.2200450821733924,0.21124155917823043
2319,Fully Paid,40000,40000,7.56,1245.36,36 months,A,A3,15.13,0,0,1,27.6,15,22,debt_consolidation,OWN,NE,DEC2004,2 years,115000,Source Verified,40000,0,40000,0,1,0.0982726957,0.10743390266358803,0.09318522201240317
2492,Fully Paid,10450,10450,12.98,237.67,60 months,B,B5,21.17,0,1,0,18.3,20,40,credit_card,MORTGAGE,NY,MAY2003,10+ years,58000,Not Verified,10450,0,10450,0,1,0.1164689603,0.11808078536726727,0.12551628685844768
2560,Fully Paid,9500,9500,8.81,301.26,36 months,A,A5,20.04,0,1,0,30.5,8,13,credit_card,MORTGAGE,FL,NOV2002,10+ years,40000,Verified,9500,0,9500,0,1,0.0569692762,0.09170065983125221,0.09318522201240317
2583,Fully Paid,28000,28000,14.47,963.38,36 months,C,C2,22.11,1,2,0,63,10,12,debt_consolidation,MORTGAGE,NJ,JUN2015,6 years,155000,Not Verified,28000,0,28000,0,1,0.2315010077,0.17443977254615808,0.1715567968159956
2624,Fully Paid,10000,10000,15.02,346.76,36 months,C,C3,11.64,0,1,0,38.8,9,27,other,OWN,OH,DEC2006,< 1 year,66000,Not Verified,10000,0,10000,0,1,0.1641352171,0.14404825106831828,0.1715567968159956
2648,Fully Paid,8000,8000,7.02,247.09,36 months,A,A2,10.47,0,4,0,5.3,15,36,home_improvement,OWN,CA,JAN2005,10+ years,55000,Source Verified,8000,0,8000,0,1,0.0569959925,0.0917108365682045,0.09318522201240317
2660,Fully Paid,9000,9000,8.19,282.82,36 months,A,A4,11.87,0,1,0,53.6,8,30,debt_consolidation,MORTGAGE,MI,MAY2007,8 years,90000,Not Verified,9000,0,9000,0,1,0.0400078009,0.08523971754317929,0.09318522201240317
2742,Fully Paid,12000,12000,24.37,473.13,36 months,E,E2,30.05,0,0,0,49.5,9,64,debt_consolidation,MORTGAGE,MA,AUG1998,< 1 year,25000,Not Verified,12000,0,12000,0,1,0.2822314777,0.2113707391130645,0.26321838497840144
2845,Fully Paid,7000,7000,18.94,256.38,36 months,D,D2,17.68,0,1,0,55.6,9,12,debt_consolidation,MORTGAGE,FL,AUG2007,< 1 year,60000,Source Verified,7000,0,7000,0,1,0.2734493748,0.19689722792231187,0.21124155917823043
2948,Fully Paid,1500,1500,13.56,50.95,36 months,C,C1,19.07,0,1,0,6.5,17,28,credit_card,RENT,KS,JUL2011,2 years,28000,Source Verified,1500,0,1500,0,1,0.2428629865,0.17956563568315156,0.1715567968159956
2952,Fully Paid,13525,13525,15.02,468.99,36 months,C,C3,26.78,1,1,0,27.7,23,31,debt_consolidation,RENT,OH,SEP2011,5 years,144000,Source Verified,13525,0,13525,0,1,0.3477747797,0.22689572693448903,0.1715567968159956
2993,Fully Paid,20000,20000,26.31,602.49,60 months,E,E4,22.66,0,0,0,84.5,5,19,credit_card,MORTGAGE,LA,JUN2005,4 years,58000,Not Verified,20000,0,20000,0,1,0.3486744072,0.2446522360204955,0.26321838497840144
3005,Fully Paid,8500,8500,8.19,267.11,36 months,A,A4,12.88,0,0,0,4.3,10,48,other,MORTGAGE,MD,APR2006,< 1 year,75000,Not Verified,8500,0,8500,0,1,0.0346176278,0.08318650007796131,0.09318522201240317
3009,Fully Paid,8000,8000,6.46,245.05,36 months,A,A1,22,0,0,1,36.9,11,34,debt_consolidation,MORTGAGE,CA,DEC1999,7 years,99000,Source Verified,8000,0,8000,0,1,0.0515313678,0.08962925909995928,0.09318522201240317
3140,Fully Paid,12350,12350,16.91,439.76,36 months,C,C5,37.32,0,1,0,50.3,19,42,credit_card,RENT,NY,MAR2000,10+ years,43000,Source Verified,12350,0,12350,0,1,0.3424715599,0.2245032230090114,0.1715567968159956
3150,Fully Paid,25000,25000,6.46,765.77,36 months,A,A1,14.35,0,0,0,60.7,9,14,debt_consolidation,MORTGAGE,MI,JUN2004,5 years,98000,Not Verified,25000,0,25000,0,1,0.0532967146,0.0903017126213363,0.09318522201240317
3162,Fully Paid,10000,10000,12.98,227.43,60 months,B,B5,12.25,1,1,0,21.8,23,40,car,MORTGAGE,RI,AUG1995,1 year,60000,Not Verified,10000,0,10000,0,1,0.1031547571,0.11258440809433147,0.12551628685844768
3175,Fully Paid,15000,15000,10.33,486.34,36 months,B,B1,6.77,0,1,0,33,9,12,debt_consolidation,RENT,NY,MAR1990,10+ years,101000,Not Verified,15000,0,15000,0,1,0.1243525359,0.12133528772887396,0.12551628685844768
3298,Fully Paid,10000,10000,10.72,326.07,36 months,B,B2,22.39,2,1,0,29.6,17,45,moving,RENT,CO,APR2004,2 years,70000,Source Verified,10000,0,10000,0,1,0.164386169,0.13786199592301437,0.12551628685844768
3333,Fully Paid,29050,29050,10.33,941.87,36 months,B,B1,23.65,0,0,0,3.1,17,35,home_improvement,MORTGAGE,IL,JAN2009,< 1 year,68000,Source Verified,29050,0,29050,0,1,0.1726640667,0.14127928256814892,0.12551628685844768
3348,Fully Paid,3000,3000,6.46,91.9,36 months,A,A1,5.04,0,0,1,19.5,11,25,credit_card,MORTGAGE,FL,JUN2005,1 year,100000,Source Verified,3000,0,3000,0,1,0.0400969383,0.08527367164132951,0.09318522201240317
3360,Fully Paid,5000,5000,10.33,162.12,36 months,B,B1,5.3,0,0,0,29.6,6,18,debt_consolidation,MORTGAGE,WI,DEC1982,n/a,36000,Not Verified,5000,0,5000,0,1,0.1123588277,0.11638403798614029,0.12551628685844768
3368,Fully Paid,1000,1000,13.56,33.97,36 months,C,C1,24.18,0,2,0,5.8,7,14,moving,RENT,TN,MAR2003,1 year,42140,Source Verified,1000,0,1000,0,1,0.2485551212,0.18213359536192966,0.1715567968159956
3452,Fully Paid,30000,30000,18.94,1098.78,36 months,D,D2,21.53,0,0,0,28.4,15,23,home_improvement,MORTGAGE,TX,SEP2004,4 years,130000,Not Verified,30000,0,30000,0,1,0.3226157083,0.2197134125737383,0.21124155917823043
3479,Fully Paid,30000,30000,20.89,809.75,60 months,D,D4,27.84,0,1,0,81,11,34,debt_consolidation,RENT,CA,JUN1994,10+ years,101000,Verified,30000,0,30000,0,1,0.4031173824,0.2570711110284044,0.21124155917823043
3535,Fully Paid,3500,3500,18.94,128.19,36 months,D,D2,17.91,2,2,0,50,8,30,small_business,MORTGAGE,NV,SEP2001,10+ years,127300,Verified,3500,0,3500,0,1,0.2711876915,0.1958476685974164,0.21124155917823043
3734,Fully Paid,10000,10000,11.8,331.19,36 months,B,B4,10.6,1,1,0,17.3,10,21,debt_consolidation,RENT,IL,JUN1982,1 year,100000,Source Verified,10000,0,10000,0,1,0.1585846809,0.1354670221598043,0.12551628685844768
3871,Fully Paid,15000,15000,8.19,471.37,36 months,A,A4,38.92,0,0,1,18.5,24,33,debt_consolidation,RENT,CA,MAR2005,10+ years,60000,Source Verified,15000,0,15000,0,1,0.1394409058,0.12311564171369063,0.09318522201240317
4195,Fully Paid,10000,10000,8.19,314.25,36 months,A,A4,19.87,0,0,0,34,7,44,debt_consolidation,MORTGAGE,TX,FEB2002,8 years,65000,Verified,10000,0,10000,0,1,0.044574923,0.08697941953187849,0.09318522201240317
4233,Fully Paid,3000,3000,11.8,99.36,36 months,B,B4,38.02,0,1,0,47.9,8,27,home_improvement,MORTGAGE,MI,MAR1991,n/a,54446,Not Verified,3000,0,3000,0,1,0.1916614434,0.14912179090085037,0.12551628685844768
4297,Fully Paid,9500,9500,8.19,298.53,36 months,A,A4,11.43,0,0,0,32,7,11,credit_card,RENT,MN,DEC2005,5 years,50000,Not Verified,9500,0,9500,0,1,0.0614378336,0.09340281668740381,0.09318522201240317
4331,Fully Paid,6000,6000,10.72,195.64,36 months,B,B2,13.37,0,1,0,21.4,7,18,vacation,MORTGAGE,NM,MAR2002,n/a,65520,Not Verified,6000,0,6000,0,1,0.128220725,0.12293215585062968,0.12551628685844768
4345,Fully Paid,8000,8000,16.14,281.81,36 months,C,C4,24.76,2,0,0,52.9,10,59,debt_consolidation,MORTGAGE,MI,FEB2006,2 years,46000,Not Verified,8000,0,8000,0,1,0.1527480554,0.13891102687344353,0.1715567968159956
4368,Fully Paid,12000,12000,11.31,394.63,36 months,B,B3,17.91,2,0,0,79,12,22,debt_consolidation,MORTGAGE,CA,JUL2002,10+ years,80000,Not Verified,12000,0,12000,0,1,0.1126845984,0.11651852284000434,0.12551628685844768
4562,Fully Paid,28000,28000,15.02,970.91,36 months,C,C3,10.74,0,0,0,15.1,19,24,debt_consolidation,RENT,CA,AUG2014,n/a,58000,Source Verified,28000,0,28000,0,1,0.4226079055,0.26065607517279193,0.1715567968159956
4736,Fully Paid,9000,9000,11.8,298.07,36 months,B,B4,14.47,0,2,0,2.5,29,56,debt_consolidation,OWN,NJ,JUN2005,n/a,45000,Not Verified,9000,0,9000,0,1,0.1852244619,0.14646447237480384,0.12551628685844768
4753,Fully Paid,1000,1000,25.34,39.94,36 months,E,E3,1.8,0,0,0,33.5,3,3,debt_consolidation,RENT,PA,APR2014,7 years,40000,Not Verified,1000,0,1000,0,1,0.3123473183,0.2264558695149921,0.26321838497840144
4896,Fully Paid,16000,16000,19.92,423.2,60 months,D,D3,26.89,0,1,1,53.2,17,19,credit_card,RENT,NC,DEC2012,4 years,54000,Source Verified,16000,0,16000,0,1,0.4336860832,0.2712568570939923,0.21124155917823043
5052,Fully Paid,14000,14000,19.92,519.72,36 months,D,D3,16.8,0,2,1,32.5,17,21,credit_card,RENT,FL,AUG2001,10+ years,75000,Source Verified,14000,0,14000,0,1,0.3770155644,0.2449582716761284,0.21124155917823043
5083,Fully Paid,1200,1200,12.98,40.43,36 months,B,B5,16.21,0,1,0,50,9,23,other,RENT,PA,DEC2007,10+ years,55000,Not Verified,1200,0,1200,0,1,0.1172634055,0.11840874870658848,0.12551628685844768
5098,Fully Paid,10000,10000,10.72,326.07,36 months,B,B2,11.44,0,3,1,14.4,9,27,debt_consolidation,RENT,KY,FEB2002,n/a,30000,Not Verified,10000,0,10000,0,1,0.1757987955,0.14257336317322317,0.12551628685844768
5122,Fully Paid,4000,4000,10.33,129.69,36 months,B,B1,25.91,0,0,0,99.1,3,18,home_improvement,MORTGAGE,SC,APR2008,7 years,27000,Verified,4000,0,4000,0,1,0.1037803222,0.11284265425046507,0.12551628685844768
5156,Fully Paid,4400,4400,8.81,139.54,36 months,A,A5,13.57,0,0,0,93.2,6,18,other,MORTGAGE,WI,JUN2008,1 year,69000,Not Verified,4400,0,4400,0,1,0.039022827,0.08486452261404726,0.09318522201240317
5190,Fully Paid,4800,4800,16.91,170.92,36 months,C,C5,5.44,0,0,0,34.1,7,11,debt_consolidation,MORTGAGE,TX,APR2008,6 years,100000,Source Verified,4800,0,4800,0,1,0.1694590714,0.14645006407848635,0.1715567968159956
5256,Fully Paid,10000,10000,8.81,317.12,36 months,A,A5,3.48,0,0,0,52.6,3,5,credit_card,MORTGAGE,WA,MAY2010,1 year,30000,Not Verified,10000,0,10000,0,1,0.0395453576,0.08506356426523855,0.09318522201240317
5272,Fully Paid,5000,5000,10.72,163.04,36 months,B,B2,19.47,0,0,0,17.5,13,29,other,MORTGAGE,TX,DEC1986,10+ years,95000,Source Verified,5000,0,5000,0,1,0.1063295231,0.11389501688008961,0.12551628685844768
5462,Fully Paid,32000,32000,10.72,691.3,60 months,B,B2,15.84,0,0,0,14.4,7,19,major_purchase,MORTGAGE,LA,SEP2002,10+ years,125087,Not Verified,32000,0,32000,0,1,0.1233359594,0.12091562401435287,0.12551628685844768
5468,Fully Paid,23650,23650,16.91,586.62,60 months,C,C5,32.36,0,1,0,61.3,15,41,home_improvement,MORTGAGE,AL,DEC1993,2 years,191000,Not Verified,23650,0,23650,0,1,0.246406792,0.18116439434102946,0.1715567968159956
5480,Fully Paid,11000,11000,8.81,348.83,36 months,A,A5,10.13,0,1,0,70,5,7,credit_card,RENT,NJ,SEP1995,1 year,70000,Not Verified,11000,0,11000,0,1,0.062872836,0.09394943586560975,0.09318522201240317
5496,Fully Paid,6000,6000,12.98,202.11,36 months,B,B5,15.92,0,0,0,98.6,6,8,credit_card,RENT,CO,JAN2007,10+ years,67000,Source Verified,6000,0,6000,0,1,0.1547746137,0.13389414795532784,0.12551628685844768
5516,Fully Paid,35000,35000,17.97,888.2,60 months,D,D1,3.84,0,2,1,1.8,19,39,debt_consolidation,RENT,FL,MAY1996,< 1 year,104000,Not Verified,35000,0,35000,0,1,0.3172304463,0.21721432176420477,0.21124155917823043
5528,Fully Paid,7000,7000,15.02,242.73,36 months,C,C3,9.92,0,0,0,59.8,12,15,debt_consolidation,MORTGAGE,TX,JUN2012,6 years,41000,Not Verified,7000,0,7000,0,1,0.1558880797,0.14032762296924275,0.1715567968159956
5643,Fully Paid,10000,10000,10.72,326.07,36 months,B,B2,14.96,0,0,0,12.2,13,17,credit_card,RENT,CA,DEC2014,5 years,45000,Not Verified,10000,0,10000,0,1,0.1409199185,0.1281746444539292,0.12551628685844768
5667,Fully Paid,31400,31400,15.02,747.34,60 months,C,C3,14.12,0,2,0,18,26,64,credit_card,MORTGAGE,MN,JAN1996,2 years,100000,Source Verified,31400,0,31400,0,1,0.215573048,0.16725400474013583,0.1715567968159956
5677,Fully Paid,9000,9000,18.94,329.64,36 months,D,D2,15.34,0,0,1,30.4,13,28,medical,MORTGAGE,NM,MAR2001,5 years,47000,Source Verified,9000,0,9000,0,1,0.2657569815,0.19332748713730513,0.21124155917823043
5686,Fully Paid,16000,16000,10.33,518.76,36 months,B,B1,0.75,0,0,0,3.6,7,11,debt_consolidation,OWN,NY,APR2008,10+ years,40000,Source Verified,16000,0,16000,0,1,0.1132632356,0.11675739619258733,0.12551628685844768
5694,Fully Paid,3700,3700,12.98,124.64,36 months,B,B5,13.52,1,0,0,47.6,12,21,credit_card,RENT,CA,NOV2005,3 years,80000,Not Verified,3700,0,3700,0,1,0.1375892945,0.12679969427603988,0.12551628685844768
5744,Fully Paid,21000,21000,13.56,483.86,60 months,C,C1,12.15,0,4,0,14.7,35,47,credit_card,MORTGAGE,GA,SEP2007,3 years,125000,Source Verified,21000,0,21000,0,1,0.2401554473,0.17834415167745662,0.1715567968159956
5764,Fully Paid,3000,3000,26.31,121.37,36 months,E,E4,0.1,0,0,0,0.2,3,24,medical,RENT,VA,SEP2002,n/a,71286,Source Verified,3000,0,3000,0,1,0.4503340865,0.2955739266758327,0.26321838497840144
5798,Fully Paid,10000,10000,8.81,317.12,36 months,A,A5,17.17,0,1,0,15.8,10,25,debt_consolidation,MORTGAGE,VA,DEC1999,< 1 year,143600,Not Verified,10000,0,10000,0,1,0.0506609636,0.08929770590638204,0.09318522201240317
5813,Fully Paid,5000,5000,8.81,158.56,36 months,A,A5,14.17,0,0,0,19.7,3,22,debt_consolidation,RENT,NC,APR1995,10+ years,42000,Not Verified,5000,0,5000,0,1,0.0534089157,0.09034445211297464,0.09318522201240317
5917,Fully Paid,10000,10000,14.47,344.07,36 months,C,C2,7.5,0,2,1,16.4,10,23,debt_consolidation,RENT,IL,NOV2010,10+ years,80000,Not Verified,10000,0,10000,0,1,0.1872033348,0.15445524233627034,0.1715567968159956
5958,Fully Paid,2500,2500,18.94,91.57,36 months,D,D2,17.34,0,0,0,31,15,23,debt_consolidation,MORTGAGE,TX,DEC2002,10+ years,95000,Not Verified,2500,0,2500,0,1,0.2257526189,0.17476301712360734,0.21124155917823043
6035,Fully Paid,5500,5500,11.31,180.88,36 months,B,B3,12.27,0,2,0,4,10,16,debt_consolidation,MORTGAGE,SC,MAR2004,10+ years,38000,Source Verified,5500,0,5500,0,1,0.1097290932,0.11529842942793117,0.12551628685844768
6054,Fully Paid,10000,10000,14.47,235.13,60 months,C,C2,16.45,0,0,0,72.6,6,15,debt_consolidation,OWN,OH,DEC2002,< 1 year,34000,Source Verified,10000,0,10000,0,1,0.2155720899,0.16725357250121356,0.1715567968159956
6063,Fully Paid,12000,12000,20.89,451.43,36 months,D,D4,17.19,0,2,1,49.9,14,19,other,MORTGAGE,CA,DEC2005,10+ years,52000,Not Verified,12000,0,12000,0,1,0.2508627909,0.18641567210511165,0.21124155917823043
6115,Fully Paid,1600,1600,7.56,49.82,36 months,A,A3,26.53,0,1,0,4.2,13,27,home_improvement,MORTGAGE,NV,SEP2011,7 years,90000,Not Verified,1600,0,1600,0,1,0.053901094,0.09053193200699906,0.09318522201240317
6268,Fully Paid,5800,5800,8.81,183.93,36 months,A,A5,15.08,0,2,0,26.9,19,24,debt_consolidation,MORTGAGE,NY,MAR2012,6 years,120000,Source Verified,5800,0,5800,0,1,0.0625971485,0.09384442135504752,0.09318522201240317
6303,Fully Paid,24000,24000,11.8,531.45,60 months,B,B4,23.98,0,0,1,36.2,18,29,major_purchase,RENT,FL,JUL2004,10+ years,57948,Source Verified,24000,0,24000,0,1,0.2263969939,0.1634613414892862,0.12551628685844768
6318,Fully Paid,22400,22400,18.94,820.42,36 months,D,D2,11.77,0,0,0,81,2,9,renewable_energy,MORTGAGE,NC,JUL2005,10+ years,68000,Not Verified,22400,0,22400,0,1,0.2304163907,0.17692729237022328,0.21124155917823043
6374,Fully Paid,16000,16000,8.19,325.88,60 months,A,A4,22.49,0,1,0,22.9,13,44,credit_card,MORTGAGE,CO,OCT2002,10+ years,153000,Not Verified,16000,0,16000,0,1,0.0482485206,0.0883787613735167,0.09318522201240317
6384,Fully Paid,1000,1000,10.72,32.61,36 months,B,B2,2.73,0,1,0,0.2,16,39,other,RENT,NM,DEC1986,5 years,450000,Source Verified,1000,0,1000,0,1,0.1047616962,0.1132477856480278,0.12551628685844768
6483,Fully Paid,10000,10000,12.98,336.85,36 months,B,B5,22.62,0,2,1,36.2,14,27,debt_consolidation,RENT,IL,MAY1999,10+ years,58000,Not Verified,10000,0,10000,0,1,0.1609916717,0.1364606775314818,0.12551628685844768
6539,Fully Paid,18000,18000,10.72,586.92,36 months,B,B2,30.41,0,0,0,23.5,26,61,debt_consolidation,MORTGAGE,TX,SEP1980,10+ years,92000,Not Verified,18000,0,18000,0,1,0.1287454617,0.12314877796678872,0.12551628685844768
6566,Fully Paid,16000,16000,14.47,550.51,36 months,C,C2,39.53,0,1,0,87.7,11,20,credit_card,MORTGAGE,IL,MAY2000,2 years,65000,Not Verified,16000,0,16000,0,1,0.238237512,0.17747889096658395,0.1715567968159956
6590,Fully Paid,17000,17000,16.91,605.34,36 months,C,C5,20.13,0,1,0,32.8,8,10,debt_consolidation,RENT,VA,MAR2013,2 years,45000,Source Verified,17000,0,17000,0,1,0.3126021278,0.21102787477791637,0.1715567968159956
6627,Fully Paid,29000,29000,7.02,895.71,36 months,A,A2,7.51,8,0,0,29.7,7,26,debt_consolidation,RENT,NY,APR1983,< 1 year,130000,Not Verified,29000,0,29000,0,1,0.0875850569,0.10336278171088593,0.09318522201240317
6755,Fully Paid,5500,5500,11.8,182.16,36 months,B,B4,16.65,0,0,0,30.7,4,6,debt_consolidation,MORTGAGE,WA,JUN2013,< 1 year,24000,Source Verified,5500,0,5500,0,1,0.1205776316,0.11977692949366033,0.12551628685844768
6778,Fully Paid,8000,8000,8.81,253.7,36 months,A,A5,0.55,0,0,0,6,7,17,car,MORTGAGE,MN,SEP2010,5 years,55000,Not Verified,8000,0,8000,0,1,0.0317882204,0.08210872602838637,0.09318522201240317
6795,Fully Paid,3400,3400,11.8,112.61,36 months,B,B4,24.71,0,1,0,5.5,13,15,credit_card,OWN,NY,JUL2014,5 years,22000,Not Verified,3400,0,3400,0,1,0.1399946964,0.12779269371707566,0.12551628685844768
6837,Fully Paid,2500,2500,11.31,82.22,36 months,B,B3,10.72,0,1,0,33.9,20,49,credit_card,MORTGAGE,NY,MAY1998,5 years,125000,Source Verified,2500,0,2500,0,1,0.0920161856,0.10798617639199644,0.12551628685844768
7089,Fully Paid,4500,4500,15.02,156.04,36 months,C,C3,36.4,0,3,0,20.9,16,27,debt_consolidation,RENT,AL,AUG2004,10+ years,39000,Source Verified,4500,0,4500,0,1,0.3258229724,0.216992349907465,0.1715567968159956
7096,Fully Paid,15000,15000,8.19,471.37,36 months,A,A4,9.11,0,1,0,48.2,9,26,major_purchase,OWN,MN,APR1985,8 years,245000,Not Verified,15000,0,15000,0,1,0.052751579,0.09009406030404206,0.09318522201240317
7229,Fully Paid,10000,10000,8.19,314.25,36 months,A,A4,18.7,0,0,0,40.2,11,27,other,OWN,TX,OCT1993,10+ years,50000,Source Verified,10000,0,10000,0,1,0.0621277182,0.09366560659849311,0.09318522201240317
7232,Fully Paid,4500,4500,16.91,160.24,36 months,C,C5,14.33,0,1,0,47.6,4,8,credit_card,RENT,MN,JUL2015,3 years,51000,Not Verified,4500,0,4500,0,1,0.2141391616,0.16660711870296102,0.1715567968159956
7272,Fully Paid,18000,18000,10.72,586.92,36 months,B,B2,14.4,0,0,0,32.1,15,24,credit_card,RENT,NY,MAY2001,4 years,105000,Source Verified,18000,0,18000,0,1,0.1716456552,0.14085886132783795,0.12551628685844768
7300,Fully Paid,25000,25000,8.19,509.19,60 months,A,A4,2.91,0,0,0,0.2,10,28,home_improvement,MORTGAGE,TX,FEB2000,10+ years,120000,Not Verified,25000,0,25000,0,1,0.0451082349,0.08718256798132042,0.09318522201240317
7309,Fully Paid,10000,10000,16.14,352.27,36 months,C,C4,28.74,0,0,0,57.9,10,39,debt_consolidation,MORTGAGE,KY,FEB2007,10+ years,40000,Source Verified,10000,0,10000,0,1,0.2056639042,0.16278357614511088,0.1715567968159956
7326,Fully Paid,3500,3500,6.46,107.21,36 months,A,A1,1.09,0,1,0,2.1,14,23,credit_card,MORTGAGE,SC,MAR1998,4 years,55000,Source Verified,3500,0,3500,0,1,0.0400516369,0.0852564154931589,0.09318522201240317
7345,Fully Paid,14500,14500,20.89,391.38,60 months,D,D4,21.9,0,0,0,20.5,19,26,debt_consolidation,RENT,CA,APR2005,2 years,65000,Source Verified,14500,0,14500,0,1,0.4197331385,0.2647818377048336,0.21124155917823043
7430,Fully Paid,1000,1000,23.4,38.92,36 months,E,E1,22.35,0,0,1,28.9,6,14,other,OWN,OK,APR2007,n/a,19111,Verified,1000,0,1000,0,1,0.4514496099,0.2961326962675207,0.26321838497840144
7461,Fully Paid,35000,35000,16.14,1232.92,36 months,C,C4,31.5,2,0,0,39.5,20,31,debt_consolidation,RENT,TX,DEC2005,2 years,105000,Source Verified,35000,0,35000,0,1,0.4359248766,0.26666391698093694,0.1715567968159956
7491,Fully Paid,25000,25000,7.02,772.16,36 months,A,A2,11.77,0,2,0,24.5,23,32,car,MORTGAGE,OK,MAY2004,3 years,180000,Not Verified,25000,0,25000,0,1,0.0530842655,0.09022078679678534,0.09318522201240317
7508,Fully Paid,5000,5000,10.33,162.12,36 months,B,B1,21.28,0,2,0,68.9,10,27,credit_card,MORTGAGE,CT,DEC1989,10+ years,118964,Not Verified,5000,0,5000,0,1,0.0892877436,0.10685981934501043,0.12551628685844768
7550,Fully Paid,14000,14000,16.91,498.52,36 months,C,C5,19.56,0,0,0,41.3,16,19,credit_card,RENT,TN,AUG2013,< 1 year,38400,Not Verified,14000,0,14000,0,1,0.2847273994,0.19845242068894506,0.1715567968159956
7590,Fully Paid,8000,8000,8.81,253.7,36 months,A,A5,12.74,0,1,0,13.5,22,31,home_improvement,MORTGAGE,FL,JUL1999,5 years,120000,Not Verified,8000,0,8000,0,1,0.0555323983,0.09115332624011657,0.09318522201240317
7638,Fully Paid,6300,6300,18.94,230.75,36 months,D,D2,14.57,0,1,0,96.7,7,14,debt_consolidation,MORTGAGE,NY,APR2005,10+ years,85000,Not Verified,6300,0,6300,0,1,0.2047193044,0.16500227327103748,0.21124155917823043
7660,Fully Paid,8500,8500,18.94,311.32,36 months,D,D2,30.24,0,0,0,64.9,11,20,other,RENT,IL,OCT2007,< 1 year,70000,Not Verified,8500,0,8500,0,1,0.3387890015,0.22721880941348552,0.21124155917823043
7674,Fully Paid,5000,5000,27.27,204.86,36 months,E,E5,34.63,0,1,0,80.9,10,38,debt_consolidation,MORTGAGE,ID,AUG2007,3 years,95000,Not Verified,5000,0,5000,0,1,0.35728445,0.2489650367199446,0.26321838497840144
7715,Fully Paid,2000,2000,23.4,77.84,36 months,E,E1,13.16,0,2,0,20.2,7,28,debt_consolidation,RENT,TX,MAR2007,10+ years,65000,Not Verified,2000,0,2000,0,1,0.3091256057,0.2248421023505938,0.26321838497840144
7813,Fully Paid,2500,2500,20.89,94.05,36 months,D,D4,21.52,0,0,1,71.9,5,11,credit_card,RENT,NC,AUG2005,10+ years,70000,Not Verified,2500,0,2500,0,1,0.2947239418,0.20676992768445998,0.21124155917823043
7819,Fully Paid,2500,2500,25.34,99.85,36 months,E,E3,3.78,0,0,0,77.3,3,10,other,MORTGAGE,AK,JUL2006,9 years,54000,Source Verified,2500,0,2500,0,1,0.2644868342,0.20248238481844064,0.26321838497840144
7865,Fully Paid,15000,15000,11.31,493.29,36 months,B,B3,12.21,1,0,0,42,10,23,debt_consolidation,RENT,FL,MAY2001,n/a,29000,Verified,15000,0,15000,0,1,0.2196961918,0.16069511238645257,0.12551628685844768
7941,Fully Paid,10000,10000,8.81,317.12,36 months,A,A5,20.96,0,0,0,23.9,4,10,debt_consolidation,MORTGAGE,OH,AUG2003,10+ years,65000,Not Verified,10000,0,10000,0,1,0.0520670562,0.089833312802575,0.09318522201240317
8124,Fully Paid,6500,6500,18.94,238.07,36 months,D,D2,16.84,0,0,0,21.7,19,33,debt_consolidation,OWN,PA,JUN2002,10+ years,95000,Source Verified,6500,0,6500,0,1,0.299544317,0.20900687648301855,0.21124155917823043
8136,Fully Paid,20000,20000,22.35,556.37,60 months,D,D5,29.16,0,0,0,36.7,13,35,debt_consolidation,MORTGAGE,KY,FEB2000,n/a,50000,Source Verified,20000,0,20000,0,1,0.4662322392,0.28636026326907604,0.21124155917823043
8162,Fully Paid,16000,16000,22.35,445.1,60 months,D,D5,24.25,0,1,0,31.9,16,36,debt_consolidation,MORTGAGE,NY,JUN1994,10+ years,35000,Verified,16000,0,16000,0,1,0.3102743404,0.21398626334757956,0.21124155917823043
8193,Fully Paid,16000,16000,16.91,569.73,36 months,C,C5,12.86,0,2,1,18.8,18,24,debt_consolidation,MORTGAGE,MA,AUG2002,10+ years,70000,Source Verified,16000,0,16000,0,1,0.230759196,0.17410511030865944,0.1715567968159956
8199,Fully Paid,1000,1000,13.56,33.97,36 months,C,C1,18.47,0,0,0,59.8,10,26,debt_consolidation,MORTGAGE,FL,JUL2006,n/a,28000,Not Verified,1000,0,1000,0,1,0.2102689104,0.1648610867567489,0.1715567968159956
8249,Fully Paid,29450,29450,16.14,1037.42,36 months,C,C4,11.59,0,1,0,38.1,12,21,debt_consolidation,MORTGAGE,VA,MAY1995,10+ years,230000,Source Verified,29450,0,29450,0,1,0.2316683946,0.17451528776717978,0.1715567968159956
8267,Fully Paid,3000,3000,19.92,111.37,36 months,D,D3,24.29,0,2,0,37.6,6,24,debt_consolidation,RENT,TX,JUN1993,1 year,62000,Not Verified,3000,0,3000,0,1,0.2963738415,0.20753558201602676,0.21124155917823043
8312,Fully Paid,25000,25000,11.31,547.44,60 months,B,B3,42.28,0,0,0,57.4,14,22,debt_consolidation,MORTGAGE,WA,DEC2003,3 years,56000,Source Verified,25000,0,25000,0,1,0.2184468577,0.16017936154125414,0.12551628685844768
8341,Fully Paid,16000,16000,27.27,491.16,60 months,E,E5,20.94,0,1,1,74.2,10,26,debt_consolidation,RENT,TN,MAY1990,n/a,40000,Not Verified,16000,0,16000,0,1,0.5550250812,0.3480140138689166,0.26321838497840144
8395,Fully Paid,12000,12000,25.34,354.62,60 months,E,E3,20.11,0,2,0,7.9,7,28,debt_consolidation,MORTGAGE,FL,JUL2004,10+ years,120000,Source Verified,12000,0,12000,0,1,0.3480800061,0.24435449842041837,0.26321838497840144
8407,Fully Paid,3000,3000,7.56,93.41,36 months,A,A3,13.02,0,0,0,4.1,6,21,debt_consolidation,MORTGAGE,OK,MAY2000,3 years,27000,Source Verified,3000,0,3000,0,1,0.0462687532,0.08762463104646856,0.09318522201240317
8412,Fully Paid,15000,15000,15.02,520.13,36 months,C,C3,17.81,0,1,0,71.5,7,17,debt_consolidation,OWN,TN,AUG2000,< 1 year,45000,Source Verified,15000,0,15000,0,1,0.2354149616,0.1762055206054576,0.1715567968159956
8427,Fully Paid,39125,39125,17.97,992.88,60 months,D,D1,29.63,0,2,0,2.7,9,38,debt_consolidation,MORTGAGE,IL,JUN2005,10+ years,64000,Source Verified,39125,0,39125,0,1,0.3409161563,0.22820593928964292,0.21124155917823043
8537,Fully Paid,25000,25000,16.14,880.66,36 months,C,C4,22.16,1,0,0,33.1,14,16,debt_consolidation,RENT,NY,AUG2010,2 years,65000,Source Verified,25000,0,25000,0,1,0.3601482407,0.23247791193354275,0.1715567968159956
8543,Fully Paid,10000,10000,8.81,317.12,36 months,A,A5,0.53,0,0,0,0.4,9,38,debt_consolidation,MORTGAGE,VA,NOV2007,< 1 year,73000,Source Verified,10000,0,10000,0,1,0.039555243,0.08506732979846987,0.09318522201240317
8548,Fully Paid,24000,24000,8.81,761.08,36 months,A,A5,14.75,0,1,0,29.2,11,31,credit_card,MORTGAGE,IN,OCT2001,< 1 year,125000,Source Verified,24000,0,24000,0,1,0.0634867935,0.09418330372820242,0.09318522201240317
8608,Fully Paid,10000,10000,7.56,311.34,36 months,A,A3,6.41,0,0,1,6.4,6,19,car,MORTGAGE,CA,NOV1994,10+ years,106000,Source Verified,10000,0,10000,0,1,0.0385044651,0.08466706889843587,0.09318522201240317
8714,Fully Paid,15000,15000,7.02,463.3,36 months,A,A2,23.65,0,0,0,48.9,11,33,debt_consolidation,MORTGAGE,TX,MAY2004,10+ years,93000,Not Verified,15000,0,15000,0,1,0.0495452456,0.08887270811106857,0.09318522201240317
8809,Fully Paid,1000,1000,7.02,30.89,36 months,A,A2,9.41,0,1,0,23.1,5,9,debt_consolidation,RENT,HI,OCT2004,8 years,38000,Not Verified,1000,0,1000,0,1,0.0533338452,0.09031585635939436,0.09318522201240317
8852,Fully Paid,20000,20000,6.46,612.62,36 months,A,A1,12.28,0,2,0,0.4,16,35,debt_consolidation,RENT,CA,AUG2005,< 1 year,240000,Not Verified,20000,0,20000,0,1,0.0683058402,0.09601896849565507,0.09318522201240317
8878,Fully Paid,10000,10000,12.98,227.43,60 months,B,B5,31.66,0,1,0,14.4,5,12,debt_consolidation,OWN,WI,DEC2012,3 years,32000,Verified,10000,0,10000,0,1,0.1735157752,0.1416308853769874,0.12551628685844768
8884,Fully Paid,25000,25000,23.4,972.97,36 months,E,E1,29.35,0,2,0,57.8,24,60,credit_card,MORTGAGE,AL,JAN1980,n/a,79000,Verified,25000,0,25000,0,1,0.5065339389,0.3237246302634685,0.26321838497840144
8886,Fully Paid,29700,29700,11.8,983.64,36 months,B,B4,17.51,0,2,0,98,3,18,debt_consolidation,RENT,VA,MAR2008,10+ years,56256,Verified,29700,0,29700,0,1,0.1630616979,0.13731522697684867,0.12551628685844768
8893,Fully Paid,37000,37000,16.91,1317.5,36 months,C,C5,23.04,3,0,0,45.1,15,30,debt_consolidation,RENT,CA,SEP2007,1 year,110000,Source Verified,37000,0,37000,0,1,0.4081205802,0.2541202377085553,0.1715567968159956
8977,Fully Paid,15000,15000,10.72,324.05,60 months,B,B2,29.85,0,0,0,51,12,18,debt_consolidation,MORTGAGE,AK,JUL2006,8 years,48000,Not Verified,15000,0,15000,0,1,0.1405608367,0.12802640809197816,0.12551628685844768
8984,Fully Paid,8500,8500,12.98,286.32,36 months,B,B5,24.24,1,2,0,57,3,22,debt_consolidation,OWN,CA,MAR1999,10+ years,65000,Not Verified,8500,0,8500,0,1,0.1232651848,0.12088640680194461,0.12551628685844768
9003,Fully Paid,3025,3025,7.02,93.44,36 months,A,A2,4.63,0,0,1,0.5,12,15,home_improvement,OWN,GA,MAR2007,n/a,21000,Not Verified,3025,0,3025,0,1,0.0745762058,0.0984074677004806,0.09318522201240317
9014,Fully Paid,12000,12000,10.33,256.92,60 months,B,B1,12.54,0,0,0,51.9,11,31,credit_card,OWN,MI,AUG2008,2 years,53600,Not Verified,12000,0,12000,0,1,0.0981218859,0.11050673521629599,0.12551628685844768
9268,Fully Paid,15000,15000,7.02,463.3,36 months,A,A2,4.53,0,3,1,10.6,14,25,credit_card,MORTGAGE,CA,DEC2000,4 years,140000,Not Verified,15000,0,15000,0,1,0.041241102,0.08570950493431011,0.09318522201240317
9282,Fully Paid,35000,35000,12.98,796,60 months,B,B5,1.61,0,1,0,10.8,13,52,debt_consolidation,MORTGAGE,CA,JUL2008,5 years,115000,Source Verified,35000,0,35000,0,1,0.1082825518,0.11470126734801633,0.12551628685844768
9329,Fully Paid,5000,5000,10.72,163.04,36 months,B,B2,17.32,0,0,0,15.2,11,35,other,MORTGAGE,IL,OCT1997,10+ years,35000,Not Verified,5000,0,5000,0,1,0.0801788184,0.10309946743374081,0.12551628685844768
9388,Fully Paid,10000,10000,7.02,308.87,36 months,A,A2,9.36,0,0,0,27.7,6,30,credit_card,MORTGAGE,MD,SEP2001,n/a,25000,Verified,10000,0,10000,0,1,0.0587243329,0.09236919366161989,0.09318522201240317
9453,Fully Paid,16000,16000,11.31,526.18,36 months,B,B3,26.54,0,2,0,66.1,20,33,credit_card,MORTGAGE,MO,JUN1995,5 years,160000,Source Verified,16000,0,16000,0,1,0.1541180267,0.1336230953200109,0.12551628685844768
9500,Fully Paid,26000,26000,11.8,575.74,60 months,B,B4,18.75,0,0,0,94.8,4,12,debt_consolidation,MORTGAGE,NJ,APR2005,10+ years,77000,Not Verified,26000,0,26000,0,1,0.1174281072,0.11847674096020631,0.12551628685844768
9549,Fully Paid,19050,19050,12.98,641.69,36 months,B,B5,17.44,0,1,0,46.1,8,14,debt_consolidation,RENT,NY,OCT2006,6 years,75000,Source Verified,19050,0,19050,0,1,0.1885708133,0.14784591514730236,0.12551628685844768
9564,Fully Paid,3000,3000,20.89,112.86,36 months,D,D4,6.38,0,1,0,21.6,8,8,other,MORTGAGE,CO,JAN2014,10+ years,38000,Verified,3000,0,3000,0,1,0.2119212503,0.16834441647770923,0.21124155917823043
9582,Fully Paid,3000,3000,8.19,94.28,36 months,A,A4,15.53,0,0,0,14,6,7,credit_card,MORTGAGE,OH,MAR2015,2 years,39400,Source Verified,3000,0,3000,0,1,0.0532929489,0.09030027819597271,0.09318522201240317
9636,Fully Paid,4000,4000,7.56,124.54,36 months,A,A3,29.33,0,2,0,34.8,14,29,credit_card,RENT,AZ,MAR1972,< 1 year,52000,Not Verified,4000,0,4000,0,1,0.0768064103,0.09925699418978902,0.09318522201240317
9642,Fully Paid,25000,25000,15.02,866.88,36 months,C,C3,0.46,0,0,0,8.8,2,3,medical,RENT,CA,JUL2010,3 years,150000,Source Verified,25000,0,25000,0,1,0.2533355922,0.18429026547262958,0.1715567968159956
9670,Fully Paid,9000,9000,14.47,309.66,36 months,C,C2,12.87,0,1,0,51.1,4,6,credit_card,MORTGAGE,GA,MAY2005,1 year,65000,Not Verified,9000,0,9000,0,1,0.1558300206,0.14030143008456172,0.1715567968159956
9792,Fully Paid,6000,6000,10.72,195.64,36 months,B,B2,1.72,0,1,0,16.8,5,6,credit_card,MORTGAGE,CA,DEC2013,< 1 year,72000,Source Verified,6000,0,6000,0,1,0.0915603668,0.10779800500424888,0.12551628685844768
9879,Fully Paid,25000,25000,10.72,815.16,36 months,B,B2,8.28,0,0,1,15.4,8,17,credit_card,RENT,AL,OCT2009,10+ years,70000,Not Verified,25000,0,25000,0,1,0.1344024523,0.12548410018622513,0.12551628685844768
9907,Fully Paid,24000,24000,7.02,741.27,36 months,A,A2,21.19,0,2,0,15.6,9,22,car,RENT,AZ,OCT2004,1 year,100000,Not Verified,24000,0,24000,0,1,0.0721466922,0.09748202065769368,0.09318522201240317
9909,Fully Paid,19000,19000,7.56,591.55,36 months,A,A3,7.29,0,0,0,48.6,11,22,debt_consolidation,MORTGAGE,TX,OCT1987,10+ years,115000,Not Verified,19000,0,19000,0,1,0.0440921373,0.08679551745437425,0.09318522201240317
9911,Fully Paid,25000,25000,23.4,710.52,60 months,E,E1,29.27,1,1,0,67.8,8,27,home_improvement,OWN,TX,SEP1995,10+ years,99170,Source Verified,25000,0,25000,0,1,0.4678511805,0.3043483006261592,0.26321838497840144
9919,Fully Paid,5000,5000,7.02,154.44,36 months,A,A2,12.09,1,0,0,55,6,19,credit_card,MORTGAGE,TX,JUN1998,< 1 year,118600,Not Verified,5000,0,5000,0,1,0.0393153295,0.08497594227172392,0.09318522201240317
9947,Fully Paid,5000,5000,13.56,169.83,36 months,C,C1,12.96,0,0,0,19.2,18,34,credit_card,RENT,IL,NOV2007,2 years,55000,Not Verified,5000,0,5000,0,1,0.1939342776,0.15749185173178618,0.1715567968159956
9969,Fully Paid,24000,24000,10.33,778.14,36 months,B,B1,17.42,0,0,0,67.4,14,25,credit_card,MORTGAGE,TX,OCT2004,5 years,60000,Not Verified,24000,0,24000,0,1,0.1154264997,0.11765043616321044,0.12551628685844768
10029,Fully Paid,3025,3025,23.4,117.73,36 months,E,E1,11.76,0,1,0,12.1,7,18,medical,MORTGAGE,OH,SEP1993,4 years,50000,Not Verified,3025,0,3025,0,1,0.2737840738,0.20713940481023743,0.26321838497840144
10039,Fully Paid,7000,7000,11.31,230.21,36 months,B,B3,14.85,0,0,0,6.1,22,30,house,MORTGAGE,NJ,JAN2008,n/a,56000,Verified,7000,0,7000,0,1,0.1585697241,0.13546084768474478,0.12551628685844768
10066,Fully Paid,5000,5000,20.89,188.1,36 months,D,D4,17.39,1,1,0,42.1,10,19,other,RENT,NH,JAN2002,10+ years,122000,Source Verified,5000,0,5000,0,1,0.3333320721,0.2246864605487853,0.21124155917823043
10072,Fully Paid,16000,16000,16.14,390.29,60 months,C,C4,19.14,0,0,0,69.8,8,18,debt_consolidation,MORTGAGE,GA,NOV1988,4 years,60000,Not Verified,16000,0,16000,0,1,0.1885365821,0.15505672587253305,0.1715567968159956
10083,Fully Paid,6000,6000,10.72,195.64,36 months,B,B2,30.72,0,1,1,65.7,7,21,credit_card,MORTGAGE,FL,OCT1992,n/a,19764,Not Verified,6000,0,6000,0,1,0.1640040113,0.13770423335431953,0.12551628685844768
10093,Fully Paid,35000,35000,17.97,888.2,60 months,D,D1,9.98,1,0,0,71.3,8,23,debt_consolidation,MORTGAGE,NY,DEC1992,10+ years,145000,Verified,35000,0,35000,0,1,0.262158234,0.19165744827882772,0.21124155917823043
10127,Fully Paid,4800,4800,15.02,166.45,36 months,C,C3,28.23,0,2,0,35.5,9,17,other,MORTGAGE,OH,JUN2008,< 1 year,55000,Source Verified,4800,0,4800,0,1,0.2159498033,0.1674239747900656,0.1715567968159956
10211,Fully Paid,10000,10000,8.81,317.12,36 months,A,A5,12.69,0,1,1,21.8,8,11,debt_consolidation,MORTGAGE,MI,SEP2008,6 years,40000,Source Verified,10000,0,10000,0,1,0.0574240376,0.09187388693020883,0.09318522201240317
10241,Fully Paid,20000,20000,12.98,673.69,36 months,B,B5,5.37,1,2,0,17.8,5,15,credit_card,OWN,NJ,NOV2001,< 1 year,69008,Not Verified,20000,0,20000,0,1,0.1188725619,0.11907304160738776,0.12551628685844768
10293,Fully Paid,10000,10000,11.31,328.86,36 months,B,B3,15.48,0,1,0,21.7,16,82,medical,OWN,CA,FEB2000,10+ years,98000,Not Verified,10000,0,10000,0,1,0.0814653719,0.10363058321375353,0.12551628685844768
10456,Fully Paid,6000,6000,12.98,202.11,36 months,B,B5,16.25,0,0,0,55,8,17,debt_consolidation,MORTGAGE,NY,DEC2003,10+ years,98000,Not Verified,6000,0,6000,0,1,0.0995751467,0.11110667120290978,0.12551628685844768
10605,Fully Paid,1900,1900,7.02,58.69,36 months,A,A2,3.42,0,1,0,4.8,7,8,debt_consolidation,RENT,CO,AUG2012,3 years,27000,Source Verified,1900,0,1900,0,1,0.0598809814,0.09280978264777288,0.09318522201240317
10682,Fully Paid,10000,10000,19.92,264.5,60 months,D,D3,29.81,0,0,0,68.7,8,18,debt_consolidation,OWN,CA,OCT1985,n/a,32280,Source Verified,10000,0,10000,0,1,0.4634264994,0.28505822846591844,0.21124155917823043
10786,Fully Paid,8400,8400,8.19,263.97,36 months,A,A4,9.8,0,1,0,2.6,9,21,moving,RENT,CA,JAN2002,2 years,100000,Source Verified,8400,0,8400,0,1,0.0658863997,0.09509735848453026,0.09318522201240317
10814,Fully Paid,1000,1000,27.27,40.98,36 months,E,E5,8.07,0,0,0,0,6,12,moving,RENT,CA,MAR2014,5 years,40000,Source Verified,1000,0,1000,0,1,0.3889187846,0.26481078610338415,0.26321838497840144
10846,Fully Paid,40000,40000,8.81,1268.46,36 months,A,A5,10.09,0,2,0,36.3,21,42,debt_consolidation,RENT,CA,NOV2009,3 years,260000,Source Verified,40000,0,40000,0,1,0.1064260569,0.11053967001196326,0.09318522201240317
10903,Fully Paid,5000,5000,10.72,163.04,36 months,B,B2,1.63,0,0,0,16.8,3,22,major_purchase,MORTGAGE,FL,DEC2008,10+ years,75000,Not Verified,5000,0,5000,0,1,0.0647460995,0.096728523251248,0.12551628685844768
10912,Fully Paid,18000,18000,7.56,560.41,36 months,A,A3,17.93,0,0,0,52.3,19,30,debt_consolidation,MORTGAGE,FL,MAR2003,10+ years,120000,Source Verified,18000,0,18000,0,1,0.0671403046,0.09557499424735992,0.09318522201240317
10994,Fully Paid,40000,40000,10.33,1296.9,36 months,B,B1,14.34,0,0,0,48.4,18,46,credit_card,MORTGAGE,CA,DEC2006,10+ years,190000,Source Verified,40000,0,40000,0,1,0.1377458978,0.12686434334335972,0.12551628685844768
11023,Fully Paid,5000,5000,16.14,176.14,36 months,C,C4,23.73,0,2,0,48.7,6,30,other,MORTGAGE,TX,JAN2006,< 1 year,70000,Source Verified,5000,0,5000,0,1,0.1806532221,0.15150021295071273,0.1715567968159956
11027,Fully Paid,6000,6000,19.92,222.74,36 months,D,D3,8.53,0,2,1,35.6,17,38,debt_consolidation,OWN,OH,SEP2000,10+ years,108000,Not Verified,6000,0,6000,0,1,0.2247726626,0.17430825748831483,0.21124155917823043
11078,Fully Paid,21500,21500,7.56,669.38,36 months,A,A3,3.4,0,0,0,4.5,3,6,debt_consolidation,RENT,MD,MAY2013,< 1 year,89000,Not Verified,21500,0,21500,0,1,0.0625448937,0.09382451652712993,0.09318522201240317
11207,Fully Paid,40000,40000,7.02,1235.45,36 months,A,A2,9.94,0,0,0,34.6,13,36,debt_consolidation,MORTGAGE,FL,DEC1996,10+ years,110000,Not Verified,40000,0,40000,0,1,0.053720803,0.09046325580251471,0.09318522201240317
11288,Fully Paid,1000,1000,26.31,40.46,36 months,E,E4,19.25,0,0,0,63.7,9,26,other,RENT,PA,JUL1999,10+ years,72000,Verified,1000,0,1000,0,1,0.3723524168,0.25651263424806797,0.26321838497840144
11294,Fully Paid,16000,16000,14.47,550.51,36 months,C,C2,20.06,0,0,0,59,8,10,credit_card,RENT,WA,SEP2006,1 year,60000,Not Verified,16000,0,16000,0,1,0.2520099699,0.18369222189230303,0.1715567968159956
11318,Fully Paid,30000,30000,16.91,744.13,60 months,C,C5,24.44,0,1,0,6.5,12,46,debt_consolidation,MORTGAGE,MD,APR2005,10+ years,74000,Verified,30000,0,30000,0,1,0.2277609865,0.17275249279162677,0.1715567968159956
11344,Fully Paid,20000,20000,16.91,712.16,36 months,C,C5,19.43,1,1,1,31,7,19,house,MORTGAGE,CA,JAN2008,10+ years,88000,Source Verified,20000,0,20000,0,1,0.2066389539,0.16322346178492272,0.1715567968159956
11380,Fully Paid,15000,15000,22.35,417.28,60 months,D,D5,16.35,0,1,0,50.9,20,31,debt_consolidation,RENT,NV,MAY2005,5 years,132000,Source Verified,15000,0,15000,0,1,0.4023249311,0.2567033651767016,0.21124155917823043
11381,Fully Paid,1500,1500,24.37,59.15,36 months,E,E2,26.32,0,0,0,94.1,5,6,other,RENT,FL,APR2004,< 1 year,28000,Not Verified,1500,0,1500,0,1,0.3951111438,0.2679125605903821,0.26321838497840144
11392,Fully Paid,3200,3200,16.14,112.73,36 months,C,C4,34.09,0,2,0,43,13,14,debt_consolidation,RENT,PA,NOV2014,4 years,35000,Not Verified,3200,0,3200,0,1,0.2999941875,0.20533990637428015,0.1715567968159956
11467,Fully Paid,15000,15000,7.02,463.3,36 months,A,A2,4.13,0,0,0,12.7,8,14,debt_consolidation,MORTGAGE,TX,MAY2012,< 1 year,50000,Not Verified,15000,0,15000,0,1,0.0423202611,0.08612057676275824,0.09318522201240317
11535,Fully Paid,4000,4000,7.56,124.54,36 months,A,A3,23.6,0,1,0,7.9,22,58,credit_card,MORTGAGE,CT,OCT2000,10+ years,46430,Not Verified,4000,0,4000,0,1,0.0441118794,0.08680303758847162,0.09318522201240317
11615,Fully Paid,40000,40000,7.02,1235.45,36 months,A,A2,33.6,0,0,0,29,14,39,credit_card,MORTGAGE,MO,SEP2004,3 years,43000,Source Verified,40000,0,40000,0,1,0.0949841443,0.10618123210097714,0.09318522201240317
11660,Fully Paid,25000,25000,8.19,785.61,36 months,A,A4,5.95,0,3,0,12.2,8,20,debt_consolidation,MORTGAGE,NV,AUG2006,2 years,50000,Source Verified,25000,0,25000,0,1,0.0556797644,0.09120946073611283,0.09318522201240317
11666,Fully Paid,6000,6000,16.14,211.36,36 months,C,C4,23.04,0,0,0,43,8,12,credit_card,RENT,FL,SEP2010,1 year,50000,Source Verified,6000,0,6000,0,1,0.2851421742,0.19863954292309974,0.1715567968159956
11689,Fully Paid,15000,15000,27.27,460.46,60 months,E,E5,2.56,1,2,0,49.1,11,23,major_purchase,OWN,NY,NOV2000,10+ years,235000,Source Verified,15000,0,15000,0,1,0.3825930448,0.2616422008050656,0.26321838497840144
11698,Fully Paid,20000,20000,15.02,476.01,60 months,C,C3,28.4,0,1,0,17.3,13,22,debt_consolidation,MORTGAGE,FL,MAY2004,10+ years,63000,Not Verified,20000,0,20000,0,1,0.22953951,0.17355485901738726,0.1715567968159956
11699,Fully Paid,40000,40000,8.19,1256.97,36 months,A,A4,8.15,0,1,0,21.2,14,33,debt_consolidation,MORTGAGE,SC,APR2003,1 year,175000,Source Verified,40000,0,40000,0,1,0.0710723761,0.09707279361827173,0.09318522201240317
11814,Fully Paid,11000,11000,10.72,358.67,36 months,B,B2,17.02,0,2,0,23.9,15,23,debt_consolidation,MORTGAGE,NH,APR2003,10+ years,125000,Source Verified,11000,0,11000,0,1,0.1257767164,0.12192321876876963,0.12551628685844768
11859,Fully Paid,40000,40000,10.72,1304.26,36 months,B,B2,5.06,0,0,0,32.6,7,7,credit_card,OWN,VT,NOV2012,< 1 year,155000,Source Verified,40000,0,40000,0,1,0.1658866958,0.1384814442878216,0.12551628685844768
11916,Fully Paid,4800,4800,16.91,170.92,36 months,C,C5,13.2,0,0,0,79.6,5,8,credit_card,RENT,WI,MAY2009,3 years,40000,Not Verified,4800,0,4800,0,1,0.2113374685,0.16534315794090967,0.1715567968159956
11926,Fully Paid,36000,36000,12.98,818.75,60 months,B,B5,17.17,1,1,0,36.2,16,51,debt_consolidation,RENT,TX,JUL2004,1 year,155000,Source Verified,36000,0,36000,0,1,0.2073133667,0.15558322717394665,0.12551628685844768
11928,Fully Paid,8000,8000,7.02,247.09,36 months,A,A2,0.77,0,0,0,4.2,4,12,major_purchase,MORTGAGE,FL,SEP2006,n/a,39000,Not Verified,8000,0,8000,0,1,0.0546852068,0.09083061519690644,0.09318522201240317
11933,Fully Paid,5000,5000,13.56,169.83,36 months,C,C1,7.69,0,0,0,31.3,7,11,debt_consolidation,RENT,CA,DEC2008,6 years,120000,Not Verified,5000,0,5000,0,1,0.1792358776,0.15086078965545272,0.1715567968159956
12062,Fully Paid,12000,12000,10.72,391.28,36 months,B,B2,10.6,0,0,1,13.6,8,25,debt_consolidation,RENT,VA,NOV2000,10+ years,120000,Not Verified,12000,0,12000,0,1,0.1158650082,0.1178314615026306,0.12551628685844768
12081,Fully Paid,1575,1575,8.81,49.95,36 months,A,A5,10.15,0,0,0,32,4,12,moving,RENT,AZ,FEB2004,9 years,55000,Not Verified,1575,0,1575,0,1,0.0530449822,0.09020582305514756,0.09318522201240317
12089,Fully Paid,15000,15000,12.98,341.15,60 months,B,B5,1.99,0,1,0,10.6,8,26,home_improvement,MORTGAGE,CA,OCT2009,9 years,65000,Source Verified,15000,0,15000,0,1,0.1057460464,0.11365414568224223,0.12551628685844768
12175,Fully Paid,25000,25000,8.19,509.19,60 months,A,A4,4.86,0,0,0,26.9,3,17,other,RENT,CA,MAR2003,1 year,65000,Not Verified,25000,0,25000,0,1,0.057434308,0.09187779911712074,0.09318522201240317
12277,Fully Paid,12000,12000,17.97,433.65,36 months,D,D1,14.12,0,1,0,38.1,8,12,other,MORTGAGE,NJ,OCT2005,< 1 year,62400,Not Verified,12000,0,12000,0,1,0.2186433892,0.1714638999021736,0.21124155917823043
12413,Fully Paid,4000,4000,8.19,125.7,36 months,A,A4,28.87,0,0,0,7.2,5,13,debt_consolidation,OWN,MO,AUG2014,5 years,36000,Verified,4000,0,4000,0,1,0.0707215605,0.09693916141321492,0.09318522201240317
12466,Fully Paid,1000,1000,30.84,42.92,36 months,G,G2,10.7,0,2,0,18,7,22,house,MORTGAGE,MI,JUN2007,10+ years,35000,Not Verified,1000,0,1000,0,1,0.2983640248,0.23363655107132816,0.3430527655067617
12492,Fully Paid,20000,20000,7.02,617.73,36 months,A,A2,18.62,0,0,0,28.4,19,30,other,RENT,MA,MAR2002,10+ years,180000,Not Verified,20000,0,20000,0,1,0.0757368349,0.09884957297141525,0.09318522201240317
12508,Fully Paid,1075,1075,11.8,35.61,36 months,B,B4,37.83,0,0,0,96.6,5,14,other,RENT,FL,SEP2005,5 years,57000,Not Verified,1075,0,1075,0,1,0.1561060905,0.13444380899872857,0.12551628685844768
12563,Fully Paid,12000,12000,20.89,451.43,36 months,D,D4,12.05,0,0,0,26.1,12,25,debt_consolidation,RENT,PA,AUG2008,10+ years,75000,Source Verified,12000,0,12000,0,1,0.3355057222,0.22569516708674978,0.21124155917823043
12580,Fully Paid,2500,2500,6.46,76.58,36 months,A,A1,10.96,0,0,1,5.3,16,26,debt_consolidation,OWN,FL,NOV1997,n/a,67000,Source Verified,2500,0,2500,0,1,0.0888302959,0.10383711647077899,0.09318522201240317
12610,Fully Paid,11000,11000,12.98,370.53,36 months,B,B5,14.19,0,0,0,22.5,17,36,credit_card,MORTGAGE,IN,JUN2003,10+ years,130000,Source Verified,11000,0,11000,0,1,0.1195051441,0.11933418456691115,0.12551628685844768
12678,Fully Paid,5000,5000,8.19,157.13,36 months,A,A4,15.92,0,0,0,31.7,9,19,home_improvement,RENT,CA,OCT2012,10+ years,65000,Verified,5000,0,5000,0,1,0.0700233979,0.09667321825753371,0.09318522201240317
12771,Fully Paid,2000,2000,12.98,67.37,36 months,B,B5,1.87,0,0,0,22.6,8,10,moving,RENT,LA,AUG2011,< 1 year,18000,Source Verified,2000,0,2000,0,1,0.1300851279,0.12370181976316151,0.12551628685844768
12779,Fully Paid,40000,40000,7.56,1245.36,36 months,A,A3,12.21,0,1,0,19.6,15,32,debt_consolidation,RENT,TX,AUG1985,8 years,320000,Source Verified,40000,0,40000,0,1,0.1048710689,0.10994734608088126,0.09318522201240317
12796,Fully Paid,7000,7000,20.89,263.34,36 months,D,D4,78.45,1,0,0,91.6,3,12,debt_consolidation,RENT,UT,DEC1999,5 years,20000,Source Verified,7000,0,7000,0,1,0.6033854037,0.3500077168006569,0.21124155917823043
13092,Fully Paid,2000,2000,19.92,74.25,36 months,D,D3,9.53,0,0,0,24.5,11,27,other,MORTGAGE,TX,FEB2006,9 years,73000,Source Verified,2000,0,2000,0,1,0.2145362421,0.16955793254700827,0.21124155917823043
13295,Fully Paid,32000,32000,13.56,1086.86,36 months,C,C1,24.31,1,0,0,3.6,10,27,debt_consolidation,OWN,NY,MAR2005,10+ years,120000,Verified,32000,0,32000,0,1,0.2707076079,0.19212750724709068,0.1715567968159956
13329,Fully Paid,6000,6000,16.91,213.65,36 months,C,C5,32.26,0,1,0,20.9,15,20,credit_card,RENT,CO,JUL2014,1 year,25000,Source Verified,6000,0,6000,0,1,0.3463906503,0.22627128835797197,0.1715567968159956
13396,Fully Paid,8000,8000,8.19,251.4,36 months,A,A4,22.9,0,1,0,43.9,8,32,debt_consolidation,MORTGAGE,TX,AUG2000,4 years,62000,Not Verified,8000,0,8000,0,1,0.0459429031,0.08750050866599009,0.09318522201240317
13468,Fully Paid,40000,40000,11.8,885.75,60 months,B,B4,29.22,0,0,0,54.9,9,25,credit_card,MORTGAGE,TX,JUL2003,10+ years,75000,Source Verified,40000,0,40000,0,1,0.1836184475,0.1458014765563107,0.12551628685844768
13580,Fully Paid,6000,6000,20.89,225.72,36 months,D,D4,26.93,0,0,1,6.5,7,19,debt_consolidation,RENT,VA,JUN2002,10+ years,63000,Source Verified,6000,0,6000,0,1,0.3725961945,0.24290741385323714,0.21124155917823043
13639,Fully Paid,19000,19000,8.81,392.66,60 months,A,A5,16.08,0,0,0,53.3,7,11,credit_card,MORTGAGE,FL,DEC1997,7 years,63300,Source Verified,19000,0,19000,0,1,0.0639230284,0.09434947373777366,0.09318522201240317
13669,Fully Paid,9000,9000,8.81,285.41,36 months,A,A5,22.89,0,0,1,32.9,18,46,debt_consolidation,RENT,CA,MAR2006,n/a,30000,Not Verified,9000,0,9000,0,1,0.1095699595,0.1117372411488279,0.09318522201240317
13694,Fully Paid,1800,1800,13.56,61.14,36 months,C,C1,37.89,0,3,0,47.9,8,27,home_improvement,MORTGAGE,MI,MAR1991,n/a,54446,Not Verified,1800,0,1800,0,1,0.2779640827,0.19540120607513659,0.1715567968159956
13750,Fully Paid,23000,23000,10.33,492.43,60 months,B,B1,14.39,0,0,0,27.4,10,16,credit_card,MORTGAGE,CA,FEB2006,10+ years,103000,Verified,23000,0,23000,0,1,0.119152195,0.1191884799098166,0.12551628685844768
13780,Fully Paid,6400,6400,24.37,252.34,36 months,E,E2,15.04,1,2,0,48.8,12,18,debt_consolidation,RENT,NJ,JAN2007,6 years,75000,Not Verified,6400,0,6400,0,1,0.3895746129,0.2651392928038338,0.26321838497840144
13800,Fully Paid,35000,35000,8.19,1099.85,36 months,A,A4,1,0,0,0,0.2,6,27,debt_consolidation,OWN,MN,JUN2003,n/a,42000,Source Verified,35000,0,35000,0,1,0.0963195064,0.1066898964305346,0.09318522201240317
13852,Fully Paid,30000,30000,17.97,761.32,60 months,D,D1,10,0,0,0,32.3,3,5,credit_card,MORTGAGE,PA,DEC2004,2 years,60000,Source Verified,30000,0,30000,0,1,0.2730316171,0.19670336280884446,0.21124155917823043
13967,Fully Paid,5000,5000,13.56,169.83,36 months,C,C1,28.19,0,3,1,12.5,8,61,vacation,RENT,IL,MAY2004,n/a,51000,Not Verified,5000,0,5000,0,1,0.2419254746,0.17914268491257782,0.1715567968159956
13998,Fully Paid,10000,10000,8.19,314.25,36 months,A,A4,18.34,0,1,0,23.6,10,17,debt_consolidation,MORTGAGE,IN,SEP1996,10+ years,42000,Not Verified,10000,0,10000,0,1,0.0512498054,0.08952200673041504,0.09318522201240317
14047,Fully Paid,8000,8000,7.56,249.08,36 months,A,A3,11.92,0,0,0,0,8,13,debt_consolidation,OWN,WA,MAR2014,< 1 year,28800,Verified,8000,0,8000,0,1,0.0595069259,0.09266729793136168,0.09318522201240317
14073,Fully Paid,16000,16000,13.56,543.43,36 months,C,C1,30.21,0,0,0,39.9,16,24,debt_consolidation,MORTGAGE,FL,AUG1999,6 years,75000,Not Verified,16000,0,16000,0,1,0.2212639334,0.16982140080751051,0.1715567968159956
14082,Fully Paid,4000,4000,18.94,146.51,36 months,D,D2,18.78,0,1,0,59.4,14,21,credit_card,MORTGAGE,NJ,JUN1990,2 years,175000,Source Verified,4000,0,4000,0,1,0.2602907362,0.19079081512545393,0.21124155917823043
14229,Fully Paid,12550,12550,7.02,387.63,36 months,A,A2,49.23,0,0,0,74.9,10,28,home_improvement,MORTGAGE,WA,FEB2006,10+ years,80000,Verified,12550,0,12550,0,1,0.0856156143,0.10261258429272431,0.09318522201240317
14253,Fully Paid,1000,1000,25.34,39.94,36 months,E,E3,6.97,0,2,0,72.1,7,17,other,MORTGAGE,AR,DEC2003,10+ years,45996,Not Verified,1000,0,1000,0,1,0.2339051415,0.18716390746233524,0.26321838497840144
14262,Fully Paid,10000,10000,13.56,339.65,36 months,C,C1,24.22,0,1,1,47.1,5,11,house,MORTGAGE,AZ,JUL2009,10+ years,60000,Verified,10000,0,10000,0,1,0.1638608981,0.1439244943112755,0.1715567968159956
14286,Fully Paid,25000,25000,23.4,972.97,36 months,E,E1,22.98,0,2,0,83.6,27,38,debt_consolidation,MORTGAGE,CA,FEB2005,1 year,150000,Source Verified,25000,0,25000,0,1,0.4550920593,0.2979572119737641,0.26321838497840144
14484,Fully Paid,4500,4500,10.72,146.73,36 months,B,B2,7.92,0,1,0,0,5,35,debt_consolidation,RENT,FL,MAY2005,9 years,55000,Not Verified,4500,0,4500,0,1,0.0932454689,0.10849364985402979,0.12551628685844768
14586,Fully Paid,3600,3600,10.33,116.73,36 months,B,B1,41.79,0,0,0,34,16,26,credit_card,RENT,CA,SEP2010,8 years,46000,Verified,3600,0,3600,0,1,0.2103643931,0.1568427537045382,0.12551628685844768
14633,Fully Paid,7500,7500,15.02,260.07,36 months,C,C3,19.4,0,0,1,32.4,5,9,house,MORTGAGE,FL,MAY2007,5 years,27046,Source Verified,7500,0,7500,0,1,0.1739125916,0.148459233029148,0.1715567968159956
14642,Fully Paid,4800,4800,7.56,149.45,36 months,A,A3,11.36,0,0,0,19.9,13,20,credit_card,MORTGAGE,WA,NOV2007,4 years,57800,Not Verified,4800,0,4800,0,1,0.0428612123,0.08632663516404977,0.09318522201240317
14668,Fully Paid,8000,8000,11.8,264.96,36 months,B,B4,16.87,0,0,0,49.8,8,16,debt_consolidation,OWN,LA,MAY2007,9 years,55000,Source Verified,8000,0,8000,0,1,0.1406634117,0.1280687531644021,0.12551628685844768
14680,Fully Paid,3000,3000,17.97,108.42,36 months,D,D1,5.31,2,2,0,60.7,3,24,other,RENT,CO,JUN2001,1 year,115000,Not Verified,3000,0,3000,0,1,0.2054014746,0.16531884195002797,0.21124155917823043
14760,Fully Paid,1000,1000,16.14,35.23,36 months,C,C4,32.39,0,0,0,60.4,7,16,home_improvement,MORTGAGE,MN,JAN2009,< 1 year,39500,Source Verified,1000,0,1000,0,1,0.2410837823,0.1787629623651936,0.1715567968159956
14821,Fully Paid,9600,9600,6.46,294.06,36 months,A,A1,11.68,0,0,0,11.3,13,20,credit_card,MORTGAGE,NJ,NOV1991,6 years,60000,Source Verified,9600,0,9600,0,1,0.0510746434,0.089455284257691,0.09318522201240317
14846,Fully Paid,20000,20000,8.19,628.49,36 months,A,A4,9.85,0,0,0,42,7,9,credit_card,RENT,NY,SEP2001,5 years,105000,Not Verified,20000,0,20000,0,1,0.0684185329,0.09606189524690219,0.09318522201240317
14864,Fully Paid,17000,17000,16.91,605.34,36 months,C,C5,18.75,0,2,0,51.8,15,27,credit_card,MORTGAGE,CO,FEB2003,5 years,130000,Source Verified,17000,0,17000,0,1,0.2310620676,0.1742417483359793,0.1715567968159956
14898,Fully Paid,10000,10000,22.35,278.19,60 months,D,D5,94.26,0,0,0,92.2,4,6,debt_consolidation,MORTGAGE,CA,AUG1989,n/a,11500,Verified,10000,0,10000,0,1,0.7098122138,0.3993962633577007,0.21124155917823043
15000,Fully Paid,5000,5000,11.8,165.6,36 months,B,B4,9.99,0,0,0,2.1,14,27,other,RENT,ND,MAY2011,< 1 year,65000,Not Verified,5000,0,5000,0,1,0.120521701,0.1197538401901486,0.12551628685844768
15131,Fully Paid,6500,6500,8.81,206.13,36 months,A,A5,6.31,0,0,0,18.6,10,15,credit_card,MORTGAGE,VA,APR2009,3 years,43000,Source Verified,6500,0,6500,0,1,0.0499012641,0.089008322197774,0.09318522201240317
15133,Fully Paid,20000,20000,12.98,454.86,60 months,B,B5,10.21,0,2,0,1.6,9,40,other,MORTGAGE,CA,OCT1994,10+ years,84000,Not Verified,20000,0,20000,0,1,0.0860115177,0.10550732582307262,0.12551628685844768
15161,Fully Paid,7000,7000,10.33,226.96,36 months,B,B1,17.28,0,0,0,31.3,11,21,other,MORTGAGE,TX,MAR1988,n/a,55000,Not Verified,7000,0,7000,0,1,0.1398559216,0.12773540462171498,0.12551628685844768
15167,Fully Paid,16000,16000,8.81,507.39,36 months,A,A5,16.43,0,0,0,9.7,9,17,small_business,RENT,TX,JUN2004,1 year,180000,Not Verified,16000,0,16000,0,1,0.0989843801,0.1077049965250826,0.09318522201240317
15204,Fully Paid,6000,6000,8.81,190.27,36 months,A,A5,36.58,0,0,0,37.3,19,49,medical,MORTGAGE,OR,JUL1993,10+ years,65000,Not Verified,6000,0,6000,0,1,0.0649735208,0.09474962588553285,0.09318522201240317
15277,Fully Paid,15000,15000,20.89,404.88,60 months,D,D4,21.47,4,0,0,45.3,18,27,debt_consolidation,MORTGAGE,MA,MAY2002,10+ years,102000,Verified,15000,0,15000,0,1,0.3454311821,0.23030118729829815,0.21124155917823043
15305,Fully Paid,1000,1000,13.56,33.97,36 months,C,C1,3.94,0,0,0,32.9,13,25,other,RENT,CA,FEB2011,n/a,120000,Verified,1000,0,1000,0,1,0.2439751416,0.18006737529471548,0.1715567968159956
15343,Fully Paid,6000,6000,11.31,197.32,36 months,B,B3,5,0,1,0,12.8,10,15,credit_card,RENT,TX,JUL2008,n/a,22800,Not Verified,6000,0,6000,0,1,0.1710221141,0.14060145072058647,0.12551628685844768
15408,Fully Paid,6000,6000,16.91,213.65,36 months,C,C5,5.16,0,1,0,42.2,6,12,other,RENT,VA,OCT2014,2 years,70000,Not Verified,6000,0,6000,0,1,0.1812908235,0.1517878615698384,0.1715567968159956
15463,Fully Paid,20000,20000,11.31,657.72,36 months,B,B3,16.65,0,1,0,14.8,20,39,debt_consolidation,OWN,PA,OCT2006,10+ years,120000,Source Verified,20000,0,20000,0,1,0.1574318284,0.1349911009060227,0.12551628685844768
15521,Fully Paid,12000,12000,27.27,368.37,60 months,E,E5,23.38,0,0,0,44.5,7,17,debt_consolidation,MORTGAGE,CO,MAY2005,6 years,50000,Not Verified,12000,0,12000,0,1,0.3594353617,0.25004243595008707,0.26321838497840144
15621,Fully Paid,30000,30000,20.89,1128.56,36 months,D,D4,6.39,0,0,0,25.5,9,17,house,RENT,CA,AUG2008,3 years,56000,Source Verified,30000,0,30000,0,1,0.3362950818,0.22606147820063374,0.21124155917823043
15648,Fully Paid,6500,6500,23.4,252.98,36 months,E,E1,18.9,0,1,0,54.1,10,23,debt_consolidation,MORTGAGE,WI,OCT2009,10+ years,60000,Source Verified,6500,0,6500,0,1,0.3266723783,0.23363134241596897,0.26321838497840144
15709,Fully Paid,10000,10000,7.56,311.34,36 months,A,A3,27.92,2,0,0,23.4,22,46,debt_consolidation,OWN,MA,NOV2001,10+ years,76000,Not Verified,10000,0,10000,0,1,0.0731211808,0.09785322154049572,0.09318522201240317
15807,Fully Paid,27650,27650,19.92,731.33,60 months,D,D3,25.69,0,1,0,47.8,8,54,debt_consolidation,MORTGAGE,FL,MAR2004,5 years,61000,Not Verified,27650,0,27650,0,1,0.2406232539,0.18166390091727,0.21124155917823043
15831,Fully Paid,24000,24000,12.98,545.83,60 months,B,B5,79.36,0,0,0,36.3,10,23,debt_consolidation,MORTGAGE,CA,JUL2009,6 years,40000,Verified,24000,0,24000,0,1,0.3249893644,0.2041623024375964,0.12551628685844768
15948,Fully Paid,6000,6000,8.19,188.55,36 months,A,A4,10.64,0,1,0,9.6,14,27,other,RENT,MA,AUG1997,10+ years,405000,Source Verified,6000,0,6000,0,1,0.0654664361,0.09493738651660295,0.09318522201240317
15949,Fully Paid,20000,20000,19.92,742.46,36 months,D,D3,1.25,0,1,0,4.4,5,16,small_business,MORTGAGE,NJ,APR2011,n/a,50000,Not Verified,20000,0,20000,0,1,0.3480693906,0.2315254773358085,0.21124155917823043
15963,Fully Paid,25000,25000,11.8,553.59,60 months,B,B4,25.95,0,0,0,57.2,9,26,house,MORTGAGE,IN,MAY2000,8 years,74000,Not Verified,25000,0,25000,0,1,0.1174106941,0.11846955247392187,0.12551628685844768
15994,Fully Paid,13500,13500,20.89,507.86,36 months,D,D4,31.62,0,0,0,40.4,16,34,debt_consolidation,RENT,CO,MAY2000,< 1 year,40000,Not Verified,13500,0,13500,0,1,0.3910414846,0.25146715615882775,0.21124155917823043
16002,Fully Paid,12000,12000,8.19,377.09,36 months,A,A4,5.7,0,0,0,2.3,8,10,debt_consolidation,OWN,CA,AUG1996,2 years,32000,Not Verified,12000,0,12000,0,1,0.051942278,0.08978578245897278,0.09318522201240317
16094,Fully Paid,12000,12000,15.02,285.61,60 months,C,C3,11.83,0,1,0,5.3,16,25,debt_consolidation,MORTGAGE,TN,NOV2002,10+ years,41000,Not Verified,12000,0,12000,0,1,0.1718730268,0.14753910017131963,0.1715567968159956
16140,Fully Paid,25000,25000,10.72,540.08,60 months,B,B2,14.16,0,1,0,17.8,7,17,debt_consolidation,MORTGAGE,TN,JUL2010,2 years,98000,Source Verified,25000,0,25000,0,1,0.1291312402,0.12330803527629014,0.12551628685844768
16169,Fully Paid,36500,36500,11.8,808.24,60 months,B,B4,14.58,0,2,0,39.7,11,17,debt_consolidation,RENT,CA,JUN1989,10+ years,80000,Not Verified,36500,0,36500,0,1,0.1844409157,0.14614100836713603,0.12551628685844768
16309,Fully Paid,13800,13800,26.31,415.72,60 months,E,E4,12.8,0,1,1,43.2,7,15,debt_consolidation,MORTGAGE,TX,JAN2002,8 years,71000,Not Verified,13800,0,13800,0,1,0.3270070431,0.23379897719050466,0.26321838497840144
16337,Fully Paid,10000,10000,8.81,317.12,36 months,A,A5,2.57,0,1,0,12.6,15,20,credit_card,MORTGAGE,FL,AUG2014,3 years,250000,Not Verified,10000,0,10000,0,1,0.0436161421,0.08661420200496875,0.09318522201240317
16407,Fully Paid,10000,10000,10.72,216.04,60 months,B,B2,0,0,1,1,0,11,23,home_improvement,MORTGAGE,CO,SEP2000,< 1 year,88000,Not Verified,10000,0,10000,0,1,0.0827318758,0.1041534221059859,0.12551628685844768
16442,Fully Paid,1600,1600,24.37,63.09,36 months,E,E2,5.87,0,0,1,33.5,6,21,other,RENT,CA,APR2006,3 years,38000,Not Verified,1600,0,1600,0,1,0.2898863602,0.21520509666122914,0.26321838497840144
16446,Fully Paid,35500,35500,11.8,786.1,60 months,B,B4,28.29,0,1,0,22.5,15,29,credit_card,MORTGAGE,FL,MAR2007,10+ years,80000,Verified,35500,0,35500,0,1,0.1761457641,0.14271659895675562,0.12551628685844768
16526,Fully Paid,5000,5000,16.91,178.04,36 months,C,C5,26.52,0,1,0,70.6,10,22,other,MORTGAGE,MI,JUN2004,10+ years,70000,Source Verified,5000,0,5000,0,1,0.2079313361,0.16380650936796226,0.1715567968159956
16564,Fully Paid,20000,20000,7.56,622.68,36 months,A,A3,14.24,0,0,0,5.8,17,22,debt_consolidation,OWN,VA,MAR2004,< 1 year,146000,Not Verified,20000,0,20000,0,1,0.071503024,0.09723683543534055,0.09318522201240317
16615,Fully Paid,40000,40000,8.19,814.7,60 months,A,A4,21.55,0,0,0,28.5,29,51,debt_consolidation,MORTGAGE,LA,AUG2002,4 years,130000,Not Verified,40000,0,40000,0,1,0.083620465,0.1018525947130803,0.09318522201240317
16655,Fully Paid,15000,15000,15.02,520.13,36 months,C,C3,30.07,0,1,1,36.6,17,25,credit_card,OWN,NY,JUL2006,10+ years,52000,Source Verified,15000,0,15000,0,1,0.2934781068,0.20240023024517098,0.1715567968159956
16694,Fully Paid,20000,20000,13.56,679.29,36 months,C,C1,14.04,1,1,0,40.8,10,24,debt_consolidation,MORTGAGE,FL,OCT1995,4 years,183000,Not Verified,20000,0,20000,0,1,0.1725494541,0.14784426477538717,0.1715567968159956
16709,Fully Paid,3000,3000,8.81,95.14,36 months,A,A5,12.97,1,0,0,46.9,8,17,home_improvement,MORTGAGE,AK,APR2007,5 years,72000,Not Verified,3000,0,3000,0,1,0.0462117825,0.08760292984428533,0.09318522201240317
16736,Fully Paid,10000,10000,8.81,317.12,36 months,A,A5,21.4,0,0,1,24.5,13,36,home_improvement,OWN,VA,MAY2004,3 years,65000,Not Verified,10000,0,10000,0,1,0.0630090733,0.09400133119412418,0.09318522201240317
16824,Fully Paid,6000,6000,8.19,188.55,36 months,A,A4,9.8,0,0,0,7.6,7,9,debt_consolidation,MORTGAGE,NJ,JUN2013,10+ years,65000,Source Verified,6000,0,6000,0,1,0.050950981,0.08940817894311943,0.09318522201240317
16850,Fully Paid,35000,35000,11.8,1159.17,36 months,B,B4,0,0,1,0,0,7,24,other,MORTGAGE,MD,DEC1998,n/a,86094,Verified,35000,0,35000,0,1,0.1525718483,0.1329848010345771,0.12551628685844768
16900,Fully Paid,32000,32000,22.35,890.19,60 months,D,D5,43.17,0,0,0,57,13,47,home_improvement,MORTGAGE,FL,MAR2001,4 years,82000,Verified,32000,0,32000,0,1,0.4096944072,0.26012325263855335,0.21124155917823043
17112,Fully Paid,10000,10000,13.56,339.65,36 months,C,C1,13.82,1,1,0,49.4,11,14,debt_consolidation,MORTGAGE,MI,FEB2014,10+ years,70000,Not Verified,10000,0,10000,0,1,0.1666565983,0.14518575142586057,0.1715567968159956
17115,Fully Paid,40000,40000,10.33,1296.9,36 months,B,B1,26.67,0,0,0,44.6,25,45,debt_consolidation,RENT,KY,JAN2007,< 1 year,125000,Source Verified,40000,0,40000,0,1,0.2622563623,0.17826482725068665,0.12551628685844768
17134,Fully Paid,30000,30000,16.14,731.78,60 months,C,C4,21.14,0,0,0,8.2,6,11,debt_consolidation,RENT,CA,OCT2012,3 years,60000,Source Verified,30000,0,30000,0,1,0.3428957518,0.2246945936902541,0.1715567968159956
17202,Fully Paid,25000,25000,15.02,866.88,36 months,C,C3,13.62,0,0,0,51,15,23,debt_consolidation,MORTGAGE,CA,JAN2001,9 years,139860,Not Verified,25000,0,25000,0,1,0.2040491805,0.16205510684975719,0.1715567968159956
17291,Fully Paid,28000,28000,16.14,683,60 months,C,C4,10.65,0,0,0,54,12,16,debt_consolidation,MORTGAGE,IN,SEP2001,< 1 year,135000,Source Verified,28000,0,28000,0,1,0.2412994895,0.17886027689150344,0.1715567968159956
17302,Fully Paid,23000,23000,10.33,745.72,36 months,B,B1,14.68,0,2,0,11.4,21,49,debt_consolidation,MORTGAGE,WA,OCT2005,n/a,60000,Not Verified,23000,0,23000,0,1,0.1624049496,0.13704410775356993,0.12551628685844768
17304,Fully Paid,15000,15000,8.81,475.68,36 months,A,A5,22.04,0,0,0,19.7,7,16,debt_consolidation,MORTGAGE,FL,MAR2003,n/a,25000,Not Verified,15000,0,15000,0,1,0.089832403,0.10421883775534015,0.09318522201240317
17372,Fully Paid,3000,3000,12.98,101.06,36 months,B,B5,6.89,0,1,0,99.7,2,3,debt_consolidation,RENT,NY,AUG1993,2 years,104000,Source Verified,3000,0,3000,0,1,0.1300385122,0.12368257584220031,0.12551628685844768
17460,Fully Paid,24000,24000,22.35,667.64,60 months,D,D5,12.98,0,1,0,85.6,5,8,debt_consolidation,MORTGAGE,MN,SEP2007,3 years,60000,Not Verified,24000,0,24000,0,1,0.2767540367,0.19843079308272668,0.21124155917823043
17469,Fully Paid,37500,37500,6.46,1148.66,36 months,A,A1,33.65,0,0,0,44.1,3,19,debt_consolidation,MORTGAGE,VA,APR2004,10+ years,32000,Verified,37500,0,37500,0,1,0.0793712688,0.10023399662928632,0.09318522201240317
17561,Fully Paid,14950,14950,23.4,581.84,36 months,E,E1,13.66,1,0,0,52.2,12,20,credit_card,MORTGAGE,NH,AUG2009,3 years,70000,Source Verified,14950,0,14950,0,1,0.3566014941,0.24862294170931207,0.26321838497840144
17609,Fully Paid,1000,1000,30.84,42.92,36 months,G,G2,10.4,0,0,0,50.5,5,8,other,RENT,ID,DEC2011,5 years,33000,Not Verified,1000,0,1000,0,1,0.4179314619,0.299212831725798,0.3430527655067617
17657,Fully Paid,8000,8000,12.98,269.48,36 months,B,B5,4.47,0,1,0,15.5,14,16,debt_consolidation,OWN,IN,DEC2012,10+ years,89675,Not Verified,8000,0,8000,0,1,0.1126941596,0.11652246990026717,0.12551628685844768
17872,Fully Paid,7500,7500,17.97,271.04,36 months,D,D1,22.37,0,1,0,31.4,11,20,credit_card,MORTGAGE,FL,OCT1998,n/a,21500,Verified,7500,0,7500,0,1,0.3520751724,0.23338440499455135,0.21124155917823043
17877,Fully Paid,20000,20000,12.98,673.69,36 months,B,B5,4.02,0,1,0,2,6,12,home_improvement,MORTGAGE,AL,NOV1996,8 years,115000,Source Verified,20000,0,20000,0,1,0.1262845208,0.1221328508827858,0.12551628685844768
18007,Fully Paid,14500,14500,10.72,313.25,60 months,B,B2,13.79,0,0,0,18.2,17,35,debt_consolidation,RENT,PA,SEP2003,10+ years,66663,Not Verified,14500,0,14500,0,1,0.1353444534,0.1258729776398245,0.12551628685844768
18077,Fully Paid,25000,25000,15.02,866.88,36 months,C,C3,3.97,0,0,0,69.3,9,17,home_improvement,MORTGAGE,MI,AUG1983,n/a,250000,Source Verified,25000,0,25000,0,1,0.2802452794,0.1964303491741152,0.1715567968159956
18087,Fully Paid,10000,10000,15.02,346.76,36 months,C,C3,21.97,0,0,0,49.8,8,27,credit_card,MORTGAGE,TN,AUG2002,3 years,92000,Not Verified,10000,0,10000,0,1,0.1661774253,0.14496957647428063,0.1715567968159956
18123,Fully Paid,5000,5000,17.97,180.69,36 months,D,D1,35.71,0,0,1,45.2,20,39,credit_card,OWN,VA,APR2003,10+ years,55992,Not Verified,5000,0,5000,0,1,0.30638305,0.2121804666981564,0.21124155917823043
18161,Fully Paid,16000,16000,16.91,396.87,60 months,C,C5,22.78,0,0,0,91.3,10,12,debt_consolidation,RENT,NJ,JUL2011,2 years,50000,Source Verified,16000,0,16000,0,1,0.3171134161,0.21306310533100628,0.1715567968159956
18190,Fully Paid,20000,20000,17.97,722.75,36 months,D,D1,29.09,0,0,0,13.8,11,36,debt_consolidation,RENT,OK,JUN2008,10+ years,55000,Source Verified,20000,0,20000,0,1,0.3744692984,0.24377664857975398,0.21124155917823043
18237,Fully Paid,7500,7500,7.56,233.51,36 months,A,A3,12.83,0,2,0,17.5,36,55,car,MORTGAGE,NC,OCT1990,10+ years,127500,Not Verified,7500,0,7500,0,1,0.0457931141,0.08744345124219463,0.09318522201240317
18241,Fully Paid,40000,40000,8.81,1268.46,36 months,A,A5,5.77,0,2,0,36.7,13,32,major_purchase,MORTGAGE,CA,FEB2002,2 years,160000,Source Verified,40000,0,40000,0,1,0.0683901948,0.09605110073608192,0.09318522201240317
18350,Fully Paid,5000,5000,8.19,157.13,36 months,A,A4,18.02,0,1,1,23.1,13,26,credit_card,RENT,NH,NOV1998,8 years,64500,Not Verified,5000,0,5000,0,1,0.0667315389,0.09541928776839322,0.09318522201240317
18403,Fully Paid,40000,40000,18.94,1036.31,60 months,D,D2,0.26,0,0,0,9.6,4,9,major_purchase,MORTGAGE,NJ,MAY1999,5 years,120000,Verified,40000,0,40000,0,1,0.2664547694,0.19365130338392297,0.21124155917823043
18426,Fully Paid,20000,20000,11.31,657.72,36 months,B,B3,15.47,0,1,0,15.1,11,17,debt_consolidation,RENT,VT,JAN2005,1 year,89000,Not Verified,20000,0,20000,0,1,0.1631110287,0.13733559174700447,0.12551628685844768
18534,Fully Paid,20000,20000,26.31,602.49,60 months,E,E4,12.27,0,0,0,54.8,7,21,debt_consolidation,MORTGAGE,CA,MAY2000,6 years,48800,Source Verified,20000,0,20000,0,1,0.3568749024,0.2487598928877052,0.26321838497840144
18563,Fully Paid,18000,18000,10.33,385.38,60 months,B,B1,5.93,0,1,0,0.9,11,16,debt_consolidation,RENT,LA,JUN2009,5 years,48000,Source Verified,18000,0,18000,0,1,0.1528483152,0.13309893226444142,0.12551628685844768
18575,Fully Paid,40000,40000,10.72,864.13,60 months,B,B2,0.84,0,0,0,12.5,2,36,home_improvement,RENT,MN,JUL1995,2 years,50000,Verified,40000,0,40000,0,1,0.1264051778,0.12218266057718949,0.12551628685844768
18577,Fully Paid,30000,30000,10.72,648.1,60 months,B,B2,11.67,0,1,0,26,11,28,debt_consolidation,MORTGAGE,GA,MAY2008,9 years,66832,Source Verified,30000,0,30000,0,1,0.1321993962,0.12457463325852776,0.12551628685844768
18643,Fully Paid,20000,20000,15.02,476.01,60 months,C,C3,16.6,0,0,0,73.3,5,24,debt_consolidation,MORTGAGE,HI,FEB2005,< 1 year,70000,Not Verified,20000,0,20000,0,1,0.1690782665,0.1462782670848767,0.1715567968159956
18769,Fully Paid,26500,26500,27.27,813.47,60 months,E,E5,18.46,0,1,0,96.6,28,38,debt_consolidation,MORTGAGE,FL,JAN1995,10+ years,70000,Not Verified,26500,0,26500,0,1,0.4282915832,0.2845327593020945,0.26321838497840144
18944,Fully Paid,20000,20000,10.33,648.45,36 months,B,B1,18.44,0,1,0,43.5,25,28,debt_consolidation,MORTGAGE,MA,JAN2006,n/a,52000,Not Verified,20000,0,20000,0,1,0.2055314182,0.15484760213579626,0.12551628685844768
19065,Fully Paid,24000,24000,27.27,736.73,60 months,E,E5,1.9,0,0,0,33.5,3,3,debt_consolidation,RENT,CA,NOV2012,3 years,50000,Verified,24000,0,24000,0,1,0.4263351152,0.2835527576046756,0.26321838497840144
19128,Fully Paid,13000,13000,20.89,350.89,60 months,D,D4,18.59,0,2,0,54.9,10,17,debt_consolidation,OWN,FL,APR2004,< 1 year,100000,Not Verified,13000,0,13000,0,1,0.3030782504,0.210646837636523,0.21124155917823043
19273,Fully Paid,5000,5000,20.89,188.1,36 months,D,D4,15.07,0,0,0,76.1,10,19,house,MORTGAGE,CA,FEB2003,10+ years,153000,Verified,5000,0,5000,0,1,0.209712582,0.16731945935401907,0.21124155917823043
19321,Fully Paid,12000,12000,19.92,317.4,60 months,D,D3,7.9,0,0,0,53.6,4,5,debt_consolidation,RENT,AL,AUG2006,10+ years,36000,Not Verified,12000,0,12000,0,1,0.2744668442,0.1973693959294621,0.21124155917823043
19353,Fully Paid,25000,25000,13.56,576.02,60 months,C,C1,13.08,1,0,0,39.7,7,34,home_improvement,MORTGAGE,GA,AUG2003,6 years,122500,Not Verified,25000,0,25000,0,1,0.1616409321,0.14292297493819067,0.1715567968159956
19449,Fully Paid,21000,21000,8.19,427.72,60 months,A,A4,8.2,0,1,0,49.3,10,34,debt_consolidation,RENT,CA,FEB1995,4 years,65000,Source Verified,21000,0,21000,0,1,0.069131765,0.09633357865619271,0.09318522201240317
19583,Fully Paid,10000,10000,6.46,306.31,36 months,A,A1,7.76,1,0,0,31.3,13,28,debt_consolidation,MORTGAGE,IL,JUN2004,10+ years,130000,Not Verified,10000,0,10000,0,1,0.0395589027,0.08506872384645646,0.09318522201240317
19623,Fully Paid,15000,15000,16.91,372.07,60 months,C,C5,14.34,0,1,0,1.2,15,29,debt_consolidation,RENT,MN,OCT2006,6 years,84025,Source Verified,15000,0,15000,0,1,0.2810644493,0.19679991092627622,0.1715567968159956
19747,Fully Paid,10000,10000,12.98,336.85,36 months,B,B5,33.29,0,0,0,34.1,15,34,debt_consolidation,RENT,OH,MAY1998,10+ years,59799,Source Verified,10000,0,10000,0,1,0.2102814644,0.15680851902934909,0.12551628685844768
19750,Fully Paid,16500,16500,15.02,392.71,60 months,C,C3,30.1,0,0,0,56.6,8,20,other,OWN,CA,JUN1972,n/a,25000,Source Verified,16500,0,16500,0,1,0.3644283038,0.23440882714245828,0.1715567968159956
19772,Fully Paid,1300,1300,10.72,42.39,36 months,B,B2,12.93,0,0,0,69.1,6,20,other,RENT,VA,AUG2004,1 year,45000,Not Verified,1300,0,1300,0,1,0.1022266621,0.11220127136519358,0.12551628685844768
19830,Fully Paid,2850,2850,11.31,93.73,36 months,B,B3,21.24,0,1,0,12.9,8,22,car,MORTGAGE,AR,MAR2006,4 years,46000,Source Verified,2850,0,2850,0,1,0.1009949986,0.1116928153075825,0.12551628685844768
19844,Fully Paid,2000,2000,16.14,70.46,36 months,C,C4,37.27,0,2,0,53.5,12,23,debt_consolidation,MORTGAGE,OH,MAR2003,6 years,70000,Not Verified,2000,0,2000,0,1,0.2183589978,0.1685108630420836,0.1715567968159956
19921,Fully Paid,28000,28000,26.31,843.48,60 months,E,E4,15.34,0,0,1,51.4,9,15,debt_consolidation,MORTGAGE,IN,MAY2003,10+ years,83000,Verified,28000,0,28000,0,1,0.3962393813,0.2684776987194451,0.26321838497840144
19928,Fully Paid,24000,24000,17.97,609.06,60 months,D,D1,10.98,0,0,0,92.6,5,25,medical,MORTGAGE,VA,MAR1997,10+ years,64604,Source Verified,24000,0,24000,0,1,0.242033694,0.18231843135447204,0.21124155917823043
19937,Fully Paid,11600,11600,11.31,381.48,36 months,B,B3,20.11,0,0,1,67,9,34,debt_consolidation,MORTGAGE,OK,APR1995,6 years,53000,Not Verified,11600,0,11600,0,1,0.0932335213,0.10848871763870156,0.12551628685844768
19948,Fully Paid,20000,20000,11.8,442.88,60 months,B,B4,25.19,0,0,0,17.7,20,35,credit_card,OWN,NY,MAR2004,10+ years,71000,Not Verified,20000,0,20000,0,1,0.1589525208,0.13561887404579917,0.12551628685844768
19996,Fully Paid,6000,6000,15.02,208.06,36 months,C,C3,6,2,0,0,73,10,18,vacation,MORTGAGE,CA,SEP2002,10+ years,101000,Not Verified,6000,0,6000,0,1,0.1391776066,0.13278883068906258,0.1715567968159956
20024,Fully Paid,26500,26500,10.72,572.49,60 months,B,B2,20.14,0,1,0,12.7,16,25,home_improvement,ANY,CA,JUN1965,n/a,66000,Not Verified,26500,0,26500,0,1,0.2302237474,0.16504110414203943,0.12551628685844768
20061,Fully Paid,35000,35000,12.98,1178.96,36 months,B,B5,2.46,0,0,1,20.5,7,24,other,OWN,VA,AUG1998,< 1 year,150000,Not Verified,35000,0,35000,0,1,0.1194805978,0.11932405134876599,0.12551628685844768
20155,Fully Paid,32500,32500,11.8,719.67,60 months,B,B4,3.66,0,0,0,12.2,12,27,other,MORTGAGE,MD,AUG1988,10+ years,660000,Source Verified,32500,0,32500,0,1,0.1166517607,0.11815624913696876,0.12551628685844768
20160,Fully Paid,40000,40000,16.14,975.71,60 months,C,C4,5.79,0,1,0,4.7,8,10,small_business,RENT,FL,DEC2011,7 years,60500,Source Verified,40000,0,40000,0,1,0.3740662858,0.23875692332521184,0.1715567968159956
20195,Fully Paid,28000,28000,12.98,636.8,60 months,B,B5,19.51,0,0,0,21,12,27,debt_consolidation,MORTGAGE,NY,AUG1990,10+ years,118500,Not Verified,28000,0,28000,0,1,0.1351203116,0.12578044728882046,0.12551628685844768
20219,Fully Paid,16000,16000,19.92,593.97,36 months,D,D3,19.6,0,0,0,11.6,10,22,debt_consolidation,MORTGAGE,TX,FEB2007,10+ years,82500,Source Verified,16000,0,16000,0,1,0.2923207808,0.20565471405716954,0.21124155917823043
20317,Fully Paid,1600,1600,17.97,57.82,36 months,D,D1,7.27,0,3,0,23.9,8,28,debt_consolidation,RENT,NJ,SEP2006,6 years,55000,Not Verified,1600,0,1600,0,1,0.2129195359,0.16880768202880955,0.21124155917823043
20340,Fully Paid,15000,15000,25.34,599.1,36 months,E,E3,31.54,4,2,0,91.1,20,59,other,RENT,MD,DEC2001,1 year,120000,Not Verified,15000,0,15000,0,1,0.4649593902,0.3028997927013786,0.26321838497840144
20347,Fully Paid,8425,8425,16.14,296.79,36 months,C,C4,19.76,0,2,0,9.4,7,25,credit_card,RENT,NJ,OCT2012,n/a,28000,Not Verified,8425,0,8425,0,1,0.3106441641,0.21014455558413284,0.1715567968159956
20522,Fully Paid,6000,6000,8.19,188.55,36 months,A,A4,17.63,0,0,0,4,8,10,debt_consolidation,RENT,GA,MAR2013,2 years,80000,Not Verified,6000,0,6000,0,1,0.0697381399,0.09656455816502328,0.09318522201240317
20530,Fully Paid,6000,6000,26.31,242.74,36 months,E,E4,20.91,0,1,0,88,13,24,other,RENT,NY,JUL2008,1 year,125000,Source Verified,6000,0,6000,0,1,0.4468826795,0.2938451047791885,0.26321838497840144
20571,Charged Off,8000,8000,6.46,245.05,36 months,A,A1,17.83,0,0,0,29.1,12,49,credit_card,MORTGAGE,WA,MAY2002,10+ years,55000,Not Verified,8000,0,0,1,1,0.0351373028,0.08338445397785317,0.09318522201240317
20579,Fully Paid,1000,1000,6.46,30.64,36 months,A,A1,28.06,0,0,0,6.9,18,31,other,RENT,FL,JUL2008,5 years,90000,Source Verified,1000,0,1000,0,1,0.0820485431,0.10125382034365632,0.09318522201240317
20608,Fully Paid,4000,4000,10.72,130.43,36 months,B,B2,13.8,0,0,0,38.7,5,8,debt_consolidation,RENT,SC,SEP2013,4 years,50000,Not Verified,4000,0,4000,0,1,0.122155844,0.12042844807400056,0.12551628685844768
20665,Fully Paid,30000,30000,18.94,1098.78,36 months,D,D2,16.53,1,1,0,1,6,7,other,RENT,NY,JUN2015,< 1 year,65000,Not Verified,30000,0,30000,0,1,0.3664428263,0.2400518748067997,0.21124155917823043
20668,Fully Paid,5600,5600,12.98,188.64,36 months,B,B5,16.95,1,1,0,17.9,12,26,credit_card,OWN,MI,NOV2002,10+ years,52000,Not Verified,5600,0,5600,0,1,0.1209121735,0.11991503527951801,0.12551628685844768
20794,Fully Paid,5000,5000,14.47,172.04,36 months,C,C2,9.15,1,1,0,10.4,13,22,debt_consolidation,RENT,NY,OCT2009,7 years,43000,Source Verified,5000,0,5000,0,1,0.2316700509,0.17451603499328036,0.1715567968159956
20808,Fully Paid,3500,3500,17.97,126.49,36 months,D,D1,19.18,0,0,0,78.4,13,25,home_improvement,MORTGAGE,CT,APR2003,1 year,75000,Not Verified,3500,0,3500,0,1,0.2273329086,0.17549636815939176,0.21124155917823043
20973,Fully Paid,12000,12000,7.56,373.61,36 months,A,A3,19.35,1,1,0,13.7,14,49,debt_consolidation,MORTGAGE,MS,NOV1992,n/a,80000,Not Verified,12000,0,12000,0,1,0.0708037894,0.0969704839348656,0.09318522201240317
21010,Fully Paid,14000,14000,20.89,526.67,36 months,D,D4,29.89,1,0,0,37.3,14,28,debt_consolidation,RENT,FL,OCT1995,< 1 year,75000,Not Verified,14000,0,14000,0,1,0.3991692263,0.2552389252175537,0.21124155917823043
21020,Fully Paid,15000,15000,12.98,341.15,60 months,B,B5,23.84,0,0,0,17.2,12,18,debt_consolidation,RENT,AZ,JUL1996,5 years,44000,Source Verified,15000,0,15000,0,1,0.2111822919,0.15718039917294155,0.12551628685844768
21081,Fully Paid,12000,12000,16.91,427.3,36 months,C,C5,28.13,0,3,0,24.9,14,31,debt_consolidation,MORTGAGE,WA,AUG2007,10+ years,68000,Source Verified,12000,0,12000,0,1,0.2447767834,0.1804290293889559,0.1715567968159956
21120,Fully Paid,1200,1200,10.72,39.13,36 months,B,B2,5.41,0,2,1,5,6,21,major_purchase,RENT,NJ,SEP1994,n/a,24414,Verified,1200,0,1200,0,1,0.1625893943,0.13712025032417405,0.12551628685844768
21200,Fully Paid,10000,10000,11.8,331.19,36 months,B,B4,7.56,0,1,0,53.5,18,41,credit_card,OWN,FL,MAY1997,10+ years,100000,Not Verified,10000,0,10000,0,1,0.0968486658,0.10998112373839057,0.12551628685844768
21206,Fully Paid,11000,11000,10.33,235.51,60 months,B,B1,0.71,0,1,0,12.7,6,16,home_improvement,MORTGAGE,CA,JUL2007,10+ years,126500,Not Verified,11000,0,11000,0,1,0.0762494555,0.10147734550753516,0.12551628685844768
21220,Fully Paid,15500,15500,10.33,331.86,60 months,B,B1,16.27,0,0,0,35.5,5,14,debt_consolidation,MORTGAGE,MA,DEC2004,5 years,70000,Not Verified,15500,0,15500,0,1,0.0996649872,0.11114375921148015,0.12551628685844768
21251,Fully Paid,10500,10500,8.19,329.96,36 months,A,A4,26.1,0,1,0,13,18,37,credit_card,MORTGAGE,VA,SEP2000,10+ years,106000,Source Verified,10500,0,10500,0,1,0.0669453654,0.09550073827029386,0.09318522201240317
21316,Fully Paid,1200,1200,20.89,45.15,36 months,D,D4,30.64,0,0,0,85.8,9,18,vacation,RENT,MS,OCT1983,3 years,65000,Source Verified,1200,0,1200,0,1,0.3702687319,0.24182732891155875,0.21124155917823043
21322,Fully Paid,10000,10000,12.98,227.43,60 months,B,B5,32.56,0,0,0,37.3,11,20,home_improvement,MORTGAGE,TX,FEB2001,10+ years,45000,Not Verified,10000,0,10000,0,1,0.1464876921,0.13047313605843558,0.12551628685844768
21387,Fully Paid,40000,40000,14.47,940.51,60 months,C,C2,48.34,0,0,0,22.9,13,53,debt_consolidation,MORTGAGE,AZ,OCT2005,10+ years,50000,Not Verified,40000,0,40000,0,1,0.2864329903,0.19922188397302562,0.1715567968159956
21389,Fully Paid,10000,10000,11.8,331.19,36 months,B,B4,7.47,0,0,0,20.6,11,17,debt_consolidation,MORTGAGE,AZ,SEP2007,5 years,44000,Source Verified,10000,0,10000,0,1,0.110427243,0.11558664004303014,0.12551628685844768
21421,Fully Paid,8800,8800,15.02,305.15,36 months,C,C3,23.46,0,0,0,67.1,29,38,debt_consolidation,MORTGAGE,UT,AUG2005,2 years,135000,Source Verified,8800,0,8800,0,1,0.2483686311,0.18204946188959784,0.1715567968159956
21426,Fully Paid,19000,19000,13.56,645.33,36 months,C,C1,35.39,0,0,0,36.9,27,49,debt_consolidation,OWN,NJ,NOV1998,9 years,67000,Not Verified,19000,0,19000,0,1,0.2852008973,0.19866603536591085,0.1715567968159956
21432,Fully Paid,6125,6125,8.19,192.48,36 months,A,A4,14.67,0,1,0,27.5,11,29,debt_consolidation,MORTGAGE,IL,MAY2007,7 years,120000,Not Verified,6125,0,6125,0,1,0.0423183322,0.08611984200877257,0.09318522201240317
21477,Fully Paid,4500,4500,18.94,164.82,36 months,D,D2,22.97,0,3,0,44,13,38,debt_consolidation,MORTGAGE,IL,DEC2007,3 years,72000,Not Verified,4500,0,4500,0,1,0.2211494699,0.17262687456251866,0.21124155917823043
21479,Fully Paid,23000,23000,11.8,509.31,60 months,B,B4,6.93,0,0,0,50.6,7,21,debt_consolidation,MORTGAGE,CT,DEC1991,3 years,66000,Not Verified,23000,0,23000,0,1,0.0971030394,0.11008613439902663,0.12551628685844768
21525,Fully Paid,15000,15000,12.98,505.27,36 months,B,B5,13.29,0,2,0,31,20,37,debt_consolidation,MORTGAGE,WA,MAY1986,3 years,740000,Verified,15000,0,15000,0,1,0.1255538231,0.12183120382427715,0.12551628685844768
21544,Fully Paid,15000,15000,11.8,332.16,60 months,B,B4,10.89,0,0,0,29.6,11,19,debt_consolidation,MORTGAGE,VA,JUL2001,10+ years,52000,Not Verified,15000,0,15000,0,1,0.1016751964,0.11197361496737897,0.12551628685844768
21714,Fully Paid,11500,11500,10.72,374.98,36 months,B,B2,13.13,0,0,0,50.4,9,17,credit_card,MORTGAGE,LA,SEP2009,2 years,58500,Source Verified,11500,0,11500,0,1,0.1090052388,0.11499960742459307,0.12551628685844768
21741,Fully Paid,20000,20000,27.27,613.94,60 months,E,E5,21.5,2,0,0,49.1,11,20,debt_consolidation,MORTGAGE,CA,SEP2006,5 years,85000,Not Verified,20000,0,20000,0,1,0.4100790916,0.2754100582498778,0.26321838497840144
21754,Fully Paid,40000,40000,11.8,1324.76,36 months,B,B4,19.09,0,0,1,86.2,7,17,debt_consolidation,RENT,CT,AUG2005,8 years,100000,Source Verified,40000,0,40000,0,1,0.2239145938,0.1624365556055937,0.12551628685844768
21811,Fully Paid,35000,35000,10.72,756.11,60 months,B,B2,12.12,0,0,0,2.4,11,46,credit_card,MORTGAGE,WA,DEC2000,10+ years,138000,Not Verified,35000,0,35000,0,1,0.0987591157,0.1107697968008118,0.12551628685844768
21880,Fully Paid,15000,15000,18.94,549.39,36 months,D,D2,9.84,2,0,1,42.2,10,19,debt_consolidation,MORTGAGE,FL,DEC1994,5 years,90000,Not Verified,15000,0,15000,0,1,0.2344169012,0.1787837738234919,0.21124155917823043
21891,Fully Paid,19975,19975,15.02,475.42,60 months,C,C3,9.6,0,2,0,11.6,10,51,credit_card,OWN,CA,JUN2004,5 years,280000,Verified,19975,0,19975,0,1,0.1643129886,0.14412845121608286,0.1715567968159956
21929,Fully Paid,21000,21000,6.46,643.25,36 months,A,A1,18.39,0,0,0,29.6,16,33,credit_card,OWN,CA,MAY2008,1 year,61080,Source Verified,21000,0,21000,0,1,0.0748815095,0.0985237635739908,0.09318522201240317
21938,Fully Paid,27500,27500,11.8,608.95,60 months,B,B4,22.45,0,3,0,19.3,19,30,debt_consolidation,MORTGAGE,FL,OCT2002,2 years,75000,Source Verified,27500,0,27500,0,1,0.1742154146,0.14191971092964312,0.12551628685844768
21944,Fully Paid,20000,20000,20.89,539.84,60 months,D,D4,19.83,0,0,0,54.8,11,30,credit_card,MORTGAGE,OH,OCT2007,10+ years,90000,Verified,20000,0,20000,0,1,0.2733575949,0.1968546364375169,0.21124155917823043
22014,Fully Paid,4200,4200,6.46,128.65,36 months,A,A1,16.2,0,0,0,9.1,10,29,credit_card,MORTGAGE,TX,APR2006,10+ years,81000,Not Verified,4200,0,4200,0,1,0.0379864807,0.08446975897961519,0.09318522201240317
22015,Fully Paid,23500,23500,10.33,503.13,60 months,B,B1,10.78,0,1,1,8.2,12,28,home_improvement,MORTGAGE,IN,APR1988,8 years,69000,Not Verified,23500,0,23500,0,1,0.1102943373,0.1155317738330174,0.12551628685844768
22054,Fully Paid,3900,3900,17.97,140.94,36 months,D,D1,9.67,0,1,0,52,7,13,credit_card,OWN,AL,NOV2001,3 years,28800,Not Verified,3900,0,3900,0,1,0.214294723,0.1694458529187308,0.21124155917823043
22291,Fully Paid,3000,3000,7.56,93.41,36 months,A,A3,12.15,0,2,1,2.7,21,40,debt_consolidation,MORTGAGE,WA,JUN2000,2 years,65000,Not Verified,3000,0,3000,0,1,0.0426444292,0.08624405843806594,0.09318522201240317
22322,Fully Paid,16500,16500,16.91,587.54,36 months,C,C5,21.84,1,0,0,7.1,11,24,debt_consolidation,RENT,NY,DEC2001,10+ years,56000,Source Verified,16500,0,16500,0,1,0.3133792065,0.2113784474319397,0.1715567968159956
22326,Fully Paid,15000,15000,15.02,520.13,36 months,C,C3,17.34,1,0,0,9.7,16,42,home_improvement,OWN,OH,AUG2004,n/a,60000,Not Verified,15000,0,15000,0,1,0.3015967204,0.20606287589064018,0.1715567968159956
22332,Fully Paid,3000,3000,18.94,109.88,36 months,D,D2,7.05,0,0,0,18.4,10,20,major_purchase,MORTGAGE,NY,JUN1996,4 years,750000,Source Verified,3000,0,3000,0,1,0.2226511804,0.17332376004536612,0.21124155917823043
22367,Fully Paid,27000,27000,14.47,928.98,36 months,C,C2,2.45,0,1,1,18.8,17,29,credit_card,MORTGAGE,NJ,JAN2011,10+ years,145000,Source Verified,27000,0,27000,0,1,0.189593948,0.15553374778786386,0.1715567968159956
22395,Fully Paid,13250,13250,11.8,293.41,60 months,B,B4,11.24,0,0,0,12.9,15,24,car,MORTGAGE,KY,MAR2004,10+ years,110000,Not Verified,13250,0,13250,0,1,0.0919791457,0.10797088555847875,0.12551628685844768
22494,Fully Paid,20000,20000,22.35,556.37,60 months,D,D5,19.03,1,2,0,23.6,17,47,debt_consolidation,MORTGAGE,IL,AUG2004,5 years,95000,Source Verified,20000,0,20000,0,1,0.3146772689,0.21602949135568447,0.21124155917823043
22582,Fully Paid,40000,40000,6.46,1225.24,36 months,A,A1,14.71,0,2,0,40.6,9,21,debt_consolidation,RENT,CT,JUN2004,1 year,110000,Source Verified,40000,0,40000,0,1,0.101128709,0.1085218113966962,0.09318522201240317
22593,Fully Paid,10000,10000,20.89,376.19,36 months,D,D4,3.79,1,1,1,2.5,10,31,medical,MORTGAGE,MT,JUN1996,10+ years,71000,Source Verified,10000,0,10000,0,1,0.2356780642,0.1793690305598631,0.21124155917823043
22628,Fully Paid,14400,14400,15.02,342.73,60 months,C,C3,21.31,0,0,1,33.2,9,32,credit_card,MORTGAGE,TN,DEC2006,2 years,53000,Not Verified,14400,0,14400,0,1,0.1666720536,0.14519272395713667,0.1715567968159956
22717,Fully Paid,15000,15000,16.91,534.12,36 months,C,C5,10.21,0,0,0,63,21,32,other,RENT,MA,OCT2004,3 years,68000,Source Verified,15000,0,15000,0,1,0.2699587514,0.19178966680610626,0.1715567968159956
22769,Fully Paid,3000,3000,10.33,97.27,36 months,B,B1,9.6,0,0,1,25,9,16,house,OWN,MN,JUL1992,n/a,22000,Not Verified,3000,0,3000,0,1,0.1271156349,0.12247595189918432,0.12551628685844768
22780,Fully Paid,8000,8000,12.98,269.48,36 months,B,B5,23.93,0,1,0,17.8,11,33,debt_consolidation,RENT,FL,OCT2007,10+ years,65000,Not Verified,8000,0,8000,0,1,0.1470737184,0.1307150597836693,0.12551628685844768
22787,Fully Paid,12000,12000,20.89,451.43,36 months,D,D4,0.64,0,1,0,2.2,11,15,other,ANY,NY,JAN2011,< 1 year,60000,Source Verified,12000,0,12000,0,1,0.2581207594,0.1897838132232659,0.21124155917823043
22840,Fully Paid,8500,8500,11.31,279.53,36 months,B,B3,26.72,0,0,0,15.2,8,22,medical,MORTGAGE,MS,JUL1998,8 years,41600,Not Verified,8500,0,8500,0,1,0.1240159089,0.12119632117079586,0.12551628685844768
22903,Fully Paid,15000,15000,7.02,463.3,36 months,A,A2,8.87,0,0,0,0.8,5,12,house,MORTGAGE,IL,OCT2007,10+ years,80000,Not Verified,15000,0,15000,0,1,0.036008192,0.08371619191697607,0.09318522201240317
22926,Fully Paid,4400,4400,8.81,139.54,36 months,A,A5,2.08,0,0,0,16.6,5,10,other,MORTGAGE,NV,JAN2011,10+ years,60000,Not Verified,4400,0,4400,0,1,0.033637912,0.08281330805718744,0.09318522201240317
23170,Fully Paid,3300,3300,24.37,130.12,36 months,E,E2,3,0,0,0,87,2,4,moving,RENT,AZ,DEC2002,n/a,24000,Source Verified,3300,0,3300,0,1,0.444228249,0.2925154912124547,0.26321838497840144
23178,Fully Paid,11500,11500,14.47,270.4,60 months,C,C2,6.67,0,1,0,22.9,14,36,debt_consolidation,RENT,TX,FEB2005,< 1 year,70000,Not Verified,11500,0,11500,0,1,0.1890900669,0.15530642598051128,0.1715567968159956
23285,Fully Paid,32000,32000,12.98,727.78,60 months,B,B5,8.17,0,0,0,35.6,8,21,other,MORTGAGE,CA,SEP2000,10+ years,170000,Not Verified,32000,0,32000,0,1,0.1076441901,0.11443773849187024,0.12551628685844768
23300,Fully Paid,9600,9600,11.8,317.95,36 months,B,B4,22.19,0,0,0,84.7,19,28,medical,MORTGAGE,SC,JUL1987,10+ years,105000,Not Verified,9600,0,9600,0,1,0.1267455511,0.1223231736850587,0.12551628685844768
23475,Fully Paid,32425,32425,15.02,771.73,60 months,C,C3,17.93,0,0,1,24.6,13,23,debt_consolidation,MORTGAGE,NJ,MAR2005,8 years,113300,Source Verified,32425,0,32425,0,1,0.2628389732,0.1885776375230601,0.1715567968159956
23507,Fully Paid,1000,1000,27.27,40.98,36 months,E,E5,17.03,0,1,0,57.9,53,70,other,RENT,SC,AUG1987,5 years,72000,Verified,1000,0,1000,0,1,0.4974411699,0.3191700303138458,0.26321838497840144
23649,Fully Paid,30000,30000,11.8,664.31,60 months,B,B4,14.38,0,0,0,21.8,10,23,debt_consolidation,MORTGAGE,FL,MAR2007,6 years,68000,Not Verified,30000,0,30000,0,1,0.121770496,0.12026936848376484,0.12551628685844768
23781,Fully Paid,10000,10000,8.19,314.25,36 months,A,A4,6.49,1,0,0,50.5,8,13,credit_card,RENT,NJ,JAN2009,3 years,550000,Source Verified,10000,0,10000,0,1,0.0702307087,0.09675218680778087,0.09318522201240317
23796,Fully Paid,1500,1500,8.19,47.14,36 months,A,A4,22.12,0,0,0,25.6,11,22,medical,RENT,PA,DEC2003,10+ years,70000,Source Verified,1500,0,1500,0,1,0.0832881072,0.10172599342829755,0.09318522201240317
23800,Fully Paid,4000,4000,19.92,148.5,36 months,D,D3,17.36,0,0,0,86.3,14,33,debt_consolidation,MORTGAGE,WA,JUL2003,6 years,100000,Source Verified,4000,0,4000,0,1,0.2424117477,0.1824938713845356,0.21124155917823043
23806,Fully Paid,8000,8000,8.81,253.7,36 months,A,A5,12.91,0,0,1,16,6,19,debt_consolidation,MORTGAGE,GA,FEB2007,10+ years,90000,Source Verified,8000,0,8000,0,1,0.0504403824,0.08921368241327035,0.09318522201240317
23879,Fully Paid,10000,10000,8.19,314.25,36 months,A,A4,19.19,0,0,0,18.3,13,27,credit_card,RENT,NY,JUL2009,4 years,95000,Not Verified,10000,0,10000,0,1,0.0696575736,0.09653386895872154,0.09318522201240317
23889,Fully Paid,30000,30000,11.31,656.93,60 months,B,B3,16.43,0,0,0,31.7,7,23,debt_consolidation,MORTGAGE,GA,DEC2006,10+ years,65000,Verified,30000,0,30000,0,1,0.1258310859,0.12194566361805216,0.12551628685844768
23900,Fully Paid,35000,35000,16.14,1232.92,36 months,C,C4,12.08,0,0,1,30.1,12,13,home_improvement,MORTGAGE,KY,FEB2011,10+ years,110000,Not Verified,35000,0,35000,0,1,0.236848212,0.17685211971647172,0.1715567968159956
23919,Fully Paid,10000,10000,11.31,328.86,36 months,B,B3,13.17,2,0,0,40.9,4,19,debt_consolidation,RENT,OH,MAY2011,2 years,36000,Source Verified,10000,0,10000,0,1,0.1472494618,0.1307876102784393,0.12551628685844768
23984,Fully Paid,3025,3025,7.56,94.18,36 months,A,A3,9.01,0,0,0,8,9,9,debt_consolidation,RENT,GA,SEP2013,1 year,55400,Verified,3025,0,3025,0,1,0.0656377038,0.09500262557782489,0.09318522201240317
24035,Fully Paid,15000,15000,13.56,345.62,60 months,C,C1,13.68,0,0,0,14.1,6,12,debt_consolidation,RENT,PA,APR2008,4 years,40000,Source Verified,15000,0,15000,0,1,0.2473727433,0.1816001753126328,0.1715567968159956
24061,Fully Paid,21000,21000,26.31,632.61,60 months,E,E4,29.22,0,0,0,78,9,11,debt_consolidation,OWN,IL,MAR1980,10+ years,86000,Verified,21000,0,21000,0,1,0.4839242641,0.31239936469199453,0.26321838497840144
24073,Fully Paid,7000,7000,12.98,235.8,36 months,B,B5,12.07,4,1,0,41.2,9,23,debt_consolidation,MORTGAGE,NJ,OCT2002,6 years,120000,Not Verified,7000,0,7000,0,1,0.1072696218,0.11428310898379106,0.12551628685844768
24174,Fully Paid,6000,6000,19.92,222.74,36 months,D,D3,11.42,0,1,1,40.9,12,26,debt_consolidation,RENT,CO,AUG1995,n/a,60000,Not Verified,6000,0,6000,0,1,0.3748502001,0.24395341025593717,0.21124155917823043
24224,Fully Paid,15000,15000,22.35,417.28,60 months,D,D5,14.61,0,0,0,0,3,24,debt_consolidation,OWN,PA,MAR1988,n/a,29000,Not Verified,15000,0,15000,0,1,0.366381816,0.24002356229758162,0.21124155917823043
24233,Fully Paid,25000,25000,12.98,568.58,60 months,B,B5,8.4,0,0,0,66.1,6,28,debt_consolidation,MORTGAGE,CA,MAR1998,4 years,120000,Source Verified,25000,0,25000,0,1,0.1130028,0.11664988301351077,0.12551628685844768
24262,Fully Paid,5000,5000,18.94,183.13,36 months,D,D2,16.06,0,1,1,62.9,12,40,debt_consolidation,MORTGAGE,WA,JAN2008,5 years,39000,Source Verified,5000,0,5000,0,1,0.218966063,0.17161364027284767,0.21124155917823043
24373,Fully Paid,7200,7200,13.56,244.55,36 months,C,C1,11.9,0,0,0,27.6,3,16,debt_consolidation,OWN,IL,SEP2006,10+ years,60000,Not Verified,7200,0,7200,0,1,0.1519154337,0.1385353964525268,0.1715567968159956
24464,Fully Paid,25000,25000,10.33,535.25,60 months,B,B1,24.09,0,1,0,18.6,29,51,house,MORTGAGE,VA,FEB1994,< 1 year,75000,Not Verified,25000,0,25000,0,1,0.1285710732,0.12307678680264143,0.12551628685844768
24469,Fully Paid,18000,18000,19.92,668.22,36 months,D,D3,7.25,0,2,1,35.2,23,50,debt_consolidation,MORTGAGE,GA,JUL2007,10+ years,46000,Verified,18000,0,18000,0,1,0.2354532627,0.1792647089200581,0.21124155917823043
24540,Fully Paid,20000,20000,10.33,648.45,36 months,B,B1,16.01,0,0,0,28.5,27,47,debt_consolidation,MORTGAGE,CA,NOV2006,10+ years,115000,Not Verified,20000,0,20000,0,1,0.1172585721,0.11840675337952969,0.12551628685844768
24667,Fully Paid,15000,15000,7.02,463.3,36 months,A,A2,12.13,0,0,0,14.6,8,22,car,MORTGAGE,CA,MAR1997,10+ years,90000,Not Verified,15000,0,15000,0,1,0.0375942655,0.08432035689477974,0.09318522201240317
24738,Fully Paid,4800,4800,11.31,157.86,36 months,B,B3,3.4,1,0,0,13.9,5,33,debt_consolidation,MORTGAGE,CA,NOV1997,6 years,55000,Source Verified,4800,0,4800,0,1,0.076921106,0.101754616665869,0.12551628685844768
24816,Fully Paid,20000,20000,11.8,442.88,60 months,B,B4,33.64,0,0,1,17.5,9,15,home_improvement,OWN,FL,JUN2003,10+ years,38000,Verified,20000,0,20000,0,1,0.2000560254,0.15258724722801503,0.12551628685844768
24819,Fully Paid,18000,18000,12.98,409.38,60 months,B,B5,15.5,0,1,1,19.6,28,83,debt_consolidation,MORTGAGE,WI,FEB1996,< 1 year,125000,Not Verified,18000,0,18000,0,1,0.1000655601,0.11130912395397664,0.12551628685844768
24847,Fully Paid,10000,10000,8.81,317.12,36 months,A,A5,11.15,0,0,0,77.5,6,22,credit_card,RENT,IL,AUG1994,10+ years,100439,Not Verified,10000,0,10000,0,1,0.0538026697,0.09049444035543004,0.09318522201240317
24858,Fully Paid,12000,12000,11.8,397.43,36 months,B,B4,6.12,2,1,0,17.4,14,28,other,RENT,NC,JUN2005,4 years,155000,Source Verified,12000,0,12000,0,1,0.1468276558,0.13061348007498952,0.12551628685844768
24935,Fully Paid,15000,15000,7.56,467.01,36 months,A,A3,11,0,1,0,6,7,36,debt_consolidation,OWN,NM,AUG2005,10+ years,78000,Not Verified,15000,0,15000,0,1,0.0442228582,0.08684531148324301,0.09318522201240317
24951,Fully Paid,2500,2500,6.46,76.58,36 months,A,A1,14.75,0,0,0,15.8,7,14,debt_consolidation,OWN,CT,APR2005,1 year,19200,Not Verified,2500,0,2500,0,1,0.0491438644,0.08871981452587922,0.09318522201240317
24972,Fully Paid,12000,12000,18.94,439.51,36 months,D,D2,7.39,0,1,0,29.7,28,37,other,MORTGAGE,RI,JUL2007,4 years,51000,Verified,12000,0,12000,0,1,0.2476337061,0.1849171793396929,0.21124155917823043
24988,Fully Paid,5000,5000,14.47,172.04,36 months,C,C2,29.11,0,0,0,85.2,13,39,home_improvement,RENT,PA,AUG2004,3 years,90000,Source Verified,5000,0,5000,0,1,0.2670034792,0.19045642009825625,0.1715567968159956
25026,Fully Paid,10000,10000,8.19,203.68,60 months,A,A4,9.73,0,2,0,6,12,48,debt_consolidation,MORTGAGE,CO,JAN1996,10+ years,135500,Not Verified,10000,0,10000,0,1,0.035144991,0.08338738255662481,0.09318522201240317
25028,Fully Paid,27000,27000,13.56,622.11,60 months,C,C1,5.47,0,0,0,26.8,13,23,debt_consolidation,MORTGAGE,CO,OCT2006,9 years,98000,Verified,27000,0,27000,0,1,0.1853948496,0.15363935913637575,0.1715567968159956
25071,Fully Paid,13000,13000,10.72,423.89,36 months,B,B2,9.36,0,0,0,40.1,4,16,debt_consolidation,OWN,MA,FEB2005,9 years,50000,Not Verified,13000,0,13000,0,1,0.101306662,0.11182147637748159,0.12551628685844768
25079,Fully Paid,10000,10000,17.97,253.78,60 months,D,D1,2.18,0,1,0,2,8,19,debt_consolidation,RENT,TX,NOV2006,2 years,33000,Not Verified,10000,0,10000,0,1,0.2331948431,0.17821666415149712,0.21124155917823043
25085,Fully Paid,24000,24000,18.94,879.02,36 months,D,D2,9.62,0,0,0,51.7,10,12,major_purchase,RENT,AL,DEC2012,3 years,110000,Not Verified,24000,0,24000,0,1,0.3304925936,0.22336876892612736,0.21124155917823043
25149,Fully Paid,35000,35000,8.19,1099.85,36 months,A,A4,8.54,0,0,0,34.6,5,13,debt_consolidation,RENT,NC,JUN2001,10+ years,51000,Source Verified,35000,0,35000,0,1,0.0881556438,0.1035801289030391,0.09318522201240317
25221,Fully Paid,15000,15000,14.47,516.1,36 months,C,C2,5.85,0,1,0,27.7,8,8,other,RENT,NY,DEC2014,8 years,70000,Source Verified,15000,0,15000,0,1,0.2347518019,0.17590634156983312,0.1715567968159956
25276,Fully Paid,15000,15000,13.56,345.62,60 months,C,C1,25.62,0,1,0,13.8,11,35,other,MORTGAGE,GA,SEP2000,10+ years,95000,Not Verified,15000,0,15000,0,1,0.1660746632,0.14492321619940757,0.1715567968159956
25328,Fully Paid,8000,8000,23.4,311.35,36 months,E,E1,40.74,10,1,0,88.1,13,29,major_purchase,MORTGAGE,TX,MAR1994,10+ years,119000,Verified,8000,0,8000,0,1,0.5126389613,0.32678265744039175,0.26321838497840144
25366,Fully Paid,5000,5000,15.02,173.38,36 months,C,C3,4.65,0,0,0,52.5,4,5,debt_consolidation,RENT,TX,JAN2015,4 years,31200,Not Verified,5000,0,5000,0,1,0.1799772728,0.15119526399240743,0.1715567968159956
25381,Fully Paid,25200,25200,10.72,544.4,60 months,B,B2,36.9,1,0,0,10.2,6,24,other,MORTGAGE,FL,JAN2003,2 years,48000,Verified,25200,0,25200,0,1,0.1571020713,0.13485497038414293,0.12551628685844768
25404,Fully Paid,5200,5200,16.91,185.17,36 months,C,C5,21.27,0,2,0,41.4,13,29,debt_consolidation,OWN,IL,DEC2008,5 years,72575,Source Verified,5200,0,5200,0,1,0.2383381047,0.17752427253451827,0.1715567968159956
25422,Fully Paid,3600,3600,11.31,118.39,36 months,B,B3,4.52,0,0,0,5.7,17,49,home_improvement,OWN,MO,JUL2007,10+ years,80000,Source Verified,3600,0,3600,0,1,0.0991983113,0.11095110578926207,0.12551628685844768
25514,Fully Paid,10000,10000,8.81,317.12,36 months,A,A5,4.76,0,0,0,21.3,4,6,credit_card,OWN,PA,AUG2010,4 years,30000,Verified,10000,0,10000,0,1,0.0522442354,0.08990080366440156,0.09318522201240317
25630,Fully Paid,24000,24000,12.98,545.83,60 months,B,B5,22.62,0,0,0,82.7,10,12,debt_consolidation,OWN,CA,MAR1990,10+ years,60000,Source Verified,24000,0,24000,0,1,0.191122126,0.1488991495714572,0.12551628685844768
25691,Fully Paid,15000,15000,13.56,345.62,60 months,C,C1,3.63,0,1,0,33.2,13,16,credit_card,RENT,AZ,JAN2012,n/a,94600,Source Verified,15000,0,15000,0,1,0.3204205034,0.21455507052301045,0.1715567968159956
25722,Fully Paid,9500,9500,11.8,314.63,36 months,B,B4,11.33,0,1,0,36.6,12,25,debt_consolidation,RENT,CA,FEB2006,10+ years,63000,Not Verified,9500,0,9500,0,1,0.1260389392,0.12203146974081171,0.12551628685844768
25744,Fully Paid,28800,28800,19.92,1069.14,36 months,D,D3,9.09,0,0,0,71,11,21,debt_consolidation,MORTGAGE,LA,FEB2004,2 years,140000,Source Verified,28800,0,28800,0,1,0.2864780598,0.20294333430372977,0.21124155917823043
25815,Fully Paid,5000,5000,25.34,199.7,36 months,E,E3,16.8,0,1,0,96.9,10,19,other,MORTGAGE,NJ,FEB1995,8 years,225000,Not Verified,5000,0,5000,0,1,0.2937096944,0.21712021819953184,0.26321838497840144
25831,Fully Paid,28800,28800,20.89,1083.42,36 months,D,D4,11.78,0,2,0,41.3,12,17,debt_consolidation,RENT,CA,MAY1987,< 1 year,70000,Source Verified,28800,0,28800,0,1,0.410807375,0.26063973774183835,0.21124155917823043
25840,Fully Paid,31200,31200,10.72,674.02,60 months,B,B2,14.76,0,1,1,10.5,16,32,debt_consolidation,MORTGAGE,IL,APR2002,10+ years,124000,Source Verified,31200,0,31200,0,1,0.1440820025,0.12948001784891494,0.12551628685844768
25897,Fully Paid,6000,6000,8.81,190.27,36 months,A,A5,33.86,0,0,0,17.9,10,20,credit_card,RENT,CA,DEC2002,n/a,19000,Not Verified,6000,0,6000,0,1,0.1336681605,0.12091669536218756,0.09318522201240317
25946,Fully Paid,8000,8000,18.94,293.01,36 months,D,D2,15.35,0,0,0,43.8,17,22,credit_card,RENT,MA,SEP2004,3 years,85000,Source Verified,8000,0,8000,0,1,0.3480197782,0.23150245414902973,0.21124155917823043
25980,Fully Paid,20000,20000,20.89,539.84,60 months,D,D4,26.93,1,0,0,43.1,9,26,debt_consolidation,MORTGAGE,NC,OCT2002,10+ years,63000,Source Verified,20000,0,20000,0,1,0.3331378036,0.22459630808769207,0.21124155917823043
26018,Fully Paid,14600,14600,11.8,483.54,36 months,B,B4,8.81,1,0,0,42.4,7,18,debt_consolidation,MORTGAGE,HI,MAY1998,10+ years,91000,Not Verified,14600,0,14600,0,1,0.0944803318,0.10900342668984912,0.12551628685844768
26040,Fully Paid,6400,6400,10.33,207.51,36 months,B,B1,36.96,1,0,0,79.4,6,13,home_improvement,MORTGAGE,TX,NOV2001,6 years,41600,Source Verified,6400,0,6400,0,1,0.1567928488,0.1347273169680316,0.12551628685844768
26055,Fully Paid,1600,1600,11.8,53,36 months,B,B4,14.04,2,1,0,22.4,7,39,debt_consolidation,MORTGAGE,MO,OCT2002,7 years,40000,Source Verified,1600,0,1600,0,1,0.092504543,0.10818778038392214,0.12551628685844768
26068,Fully Paid,5000,5000,7.02,154.44,36 months,A,A2,8.2,0,2,0,14.9,13,35,major_purchase,RENT,IN,SEP2007,3 years,82000,Not Verified,5000,0,5000,0,1,0.0518317422,0.08974367731116374,0.09318522201240317
26077,Fully Paid,15000,15000,12.98,341.15,60 months,B,B5,14.59,0,0,0,22.4,17,37,house,MORTGAGE,MI,DEC2004,10+ years,97000,Source Verified,15000,0,15000,0,1,0.1099107811,0.1153734339347219,0.12551628685844768
26193,Fully Paid,9000,9000,10.33,291.81,36 months,B,B1,11.39,0,0,0,34.3,5,8,debt_consolidation,RENT,GA,APR2014,1 year,45000,Not Verified,9000,0,9000,0,1,0.1255488547,0.1218291527664382,0.12551628685844768
26216,Fully Paid,1400,1400,8.81,44.4,36 months,A,A5,10.2,0,1,0,5.9,15,38,major_purchase,RENT,FL,MAR2006,10+ years,85000,Source Verified,1400,0,1400,0,1,0.0642941274,0.09449083226819358,0.09318522201240317
26260,Fully Paid,11000,11000,10.33,235.51,60 months,B,B1,16.03,1,0,0,5.9,11,25,home_improvement,MORTGAGE,GA,FEB1997,4 years,65000,Not Verified,11000,0,11000,0,1,0.1063064282,0.11388548282975451,0.12551628685844768
26414,Fully Paid,1500,1500,14.47,51.61,36 months,C,C2,19.79,0,0,0,89.5,6,11,other,MORTGAGE,MD,AUG1991,10+ years,75000,Source Verified,1500,0,1500,0,1,0.1679229701,0.14575706463121071,0.1715567968159956
26454,Fully Paid,8000,8000,8.81,253.7,36 months,A,A5,4.18,1,0,1,23.6,12,19,debt_consolidation,OWN,TX,SEP2010,7 years,59500,Not Verified,8000,0,8000,0,1,0.0506428656,0.08929081204063857,0.09318522201240317
26496,Fully Paid,4200,4200,8.19,131.99,36 months,A,A4,10.75,0,0,0,17,11,15,credit_card,MORTGAGE,NY,AUG2007,2 years,75000,Not Verified,4200,0,4200,0,1,0.0431110448,0.08642180102289372,0.09318522201240317
26536,Fully Paid,18000,18000,14.47,619.32,36 months,C,C2,13.05,1,0,0,42.9,16,28,debt_consolidation,RENT,MA,SEP2004,5 years,88400,Not Verified,18000,0,18000,0,1,0.2407819374,0.17862678752512093,0.1715567968159956
26599,Fully Paid,10000,10000,11.31,328.86,36 months,B,B3,1.73,0,1,0,3,7,29,other,MORTGAGE,CO,FEB2000,9 years,52000,Not Verified,10000,0,10000,0,1,0.0686263259,0.09833036061833923,0.12551628685844768
26624,Fully Paid,8000,8000,23.4,311.35,36 months,E,E1,35.56,0,1,0,33.8,26,48,debt_consolidation,MORTGAGE,MI,AUG2009,4 years,71991,Source Verified,8000,0,8000,0,1,0.4323397551,0.28656050283454365,0.26321838497840144
26648,Fully Paid,9600,9600,8.19,301.68,36 months,A,A4,28.56,0,0,0,11,10,22,debt_consolidation,OWN,AL,MAR2007,10+ years,40000,Source Verified,9600,0,9600,0,1,0.0810463933,0.10087208279386878,0.09318522201240317
26655,Fully Paid,25000,25000,13.56,576.02,60 months,C,C1,22.97,0,0,0,65.5,11,21,debt_consolidation,RENT,CA,DEC2000,8 years,58000,Source Verified,25000,0,25000,0,1,0.3099470701,0.20983006736861007,0.1715567968159956
26684,Fully Paid,5000,5000,11.31,164.43,36 months,B,B3,3,0,0,0,10.3,6,19,car,RENT,FL,APR2013,< 1 year,24000,Source Verified,5000,0,5000,0,1,0.1063252302,0.11389324468256186,0.12551628685844768
26695,Fully Paid,3600,3600,7.56,112.09,36 months,A,A3,20.82,0,0,0,87.8,4,28,vacation,MORTGAGE,MS,JUN2001,1 year,35000,Source Verified,3600,0,3600,0,1,0.0441399879,0.08681374464036966,0.09318522201240317
26726,Fully Paid,10000,10000,17.97,253.78,60 months,D,D1,26.07,0,2,0,15.5,27,43,debt_consolidation,RENT,FL,JAN2006,8 years,55000,Not Verified,10000,0,10000,0,1,0.3644295474,0.23911759031033178,0.21124155917823043
26772,Fully Paid,10000,10000,10.33,324.23,36 months,B,B1,16.99,0,0,0,49.3,11,21,debt_consolidation,MORTGAGE,NY,NOV2004,< 1 year,165000,Not Verified,10000,0,10000,0,1,0.1022561939,0.11221346270040984,0.12551628685844768
26787,Fully Paid,22000,22000,8.81,697.66,36 months,A,A5,11.06,0,0,0,18.3,31,53,debt_consolidation,RENT,MI,DEC1996,10+ years,100000,Not Verified,22000,0,22000,0,1,0.0806684012,0.10072809855309654,0.09318522201240317
26821,Fully Paid,1000,1000,13.56,33.97,36 months,C,C1,6.85,0,0,1,13.1,18,61,medical,RENT,CA,MAY2006,10+ years,52892,Source Verified,1000,0,1000,0,1,0.170969054,0.14713128028941977,0.1715567968159956
26858,Fully Paid,20000,20000,17.97,507.55,60 months,D,D1,8.81,0,0,0,60.7,9,15,credit_card,OWN,NY,DEC2008,10+ years,79400,Not Verified,20000,0,20000,0,1,0.2439488027,0.1832071588762579,0.21124155917823043
26875,Fully Paid,7000,7000,8.19,219.97,36 months,A,A4,21.22,0,2,0,4,32,61,debt_consolidation,RENT,FL,OCT1999,4 years,98000,Not Verified,7000,0,7000,0,1,0.0767811769,0.0992473823171041,0.09318522201240317
26877,Fully Paid,3600,3600,16.14,126.82,36 months,C,C4,10.28,0,2,1,13.9,14,16,other,RENT,IL,DEC2012,10+ years,58000,Source Verified,3600,0,3600,0,1,0.237342251,0.17707500134148732,0.1715567968159956
26935,Fully Paid,40000,40000,16.14,975.71,60 months,C,C4,18.58,0,1,0,30,18,29,credit_card,MORTGAGE,WA,SEP2004,10+ years,73000,Verified,40000,0,40000,0,1,0.27018512,0.19189179113519875,0.1715567968159956
26937,Fully Paid,3600,3600,18.94,131.86,36 months,D,D2,11.93,0,1,0,39.2,18,29,debt_consolidation,RENT,CA,OCT1986,4 years,100000,Not Verified,3600,0,3600,0,1,0.2782441871,0.19912231397241834,0.21124155917823043
26947,Fully Paid,4500,4500,11.8,149.04,36 months,B,B4,11.59,0,0,0,81.7,7,8,credit_card,RENT,CA,JAN2013,3 years,32000,Source Verified,4500,0,4500,0,1,0.1442846876,0.12956369043228086,0.12551628685844768
26972,Fully Paid,24000,24000,15.02,571.22,60 months,C,C3,14.42,5,1,0,26.3,6,25,debt_consolidation,OWN,NY,OCT2005,n/a,56000,Verified,24000,0,24000,0,1,0.3493757979,0.22761801310642202,0.1715567968159956
27078,Fully Paid,1000,1000,11.8,33.12,36 months,B,B4,17.88,0,2,0,5.7,21,43,other,RENT,VT,DEC1999,3 years,48000,Not Verified,1000,0,1000,0,1,0.1279540808,0.12282207963361355,0.12551628685844768
27102,Fully Paid,6000,6000,8.81,190.27,36 months,A,A5,1.79,0,0,0,8.1,6,21,credit_card,RENT,CA,JUL2006,< 1 year,65000,Not Verified,6000,0,6000,0,1,0.0482265504,0.08837039251457332,0.09318522201240317
27116,Fully Paid,12000,12000,16.91,427.3,36 months,C,C5,25.37,0,2,0,46.9,16,32,home_improvement,OWN,CO,JUL1973,n/a,84000,Not Verified,12000,0,12000,0,1,0.3492755278,0.22757277707682014,0.1715567968159956
27136,Fully Paid,6000,6000,11.31,197.32,36 months,B,B3,18.68,0,0,0,1,6,17,debt_consolidation,RENT,FL,MAY2006,n/a,18953,Not Verified,6000,0,6000,0,1,0.1982300828,0.15183346051937255,0.12551628685844768
27236,Fully Paid,8000,8000,7.56,249.08,36 months,A,A3,22.59,0,2,0,16.6,7,9,credit_card,OWN,WI,NOV1976,n/a,35376,Not Verified,8000,0,8000,0,1,0.0967868283,0.1068679080582055,0.09318522201240317
27295,Fully Paid,18000,18000,10.33,583.61,36 months,B,B1,25.98,0,1,0,1.4,15,31,small_business,OWN,OK,JUN2003,< 1 year,40000,Not Verified,18000,0,18000,0,1,0.1893862916,0.14818256138345806,0.12551628685844768
27308,Fully Paid,5000,5000,15.02,173.38,36 months,C,C3,4.6,0,1,0,0.6,3,5,debt_consolidation,RENT,NY,SEP2014,2 years,30000,Not Verified,5000,0,5000,0,1,0.1802316311,0.15131001564407912,0.1715567968159956
27332,Fully Paid,35000,35000,13.56,1188.76,36 months,C,C1,12.92,0,0,0,43.4,8,15,debt_consolidation,RENT,CA,MAR1992,< 1 year,80000,Verified,35000,0,35000,0,1,0.2821988086,0.1973116677797546,0.1715567968159956
27340,Fully Paid,3000,3000,13.56,101.9,36 months,C,C1,26.67,1,0,0,75.7,7,20,other,MORTGAGE,PA,FEB2005,10+ years,40000,Source Verified,3000,0,3000,0,1,0.1812961196,0.15179025086172476,0.1715567968159956
27390,Fully Paid,20500,20500,13.56,696.27,36 months,C,C1,23.9,0,0,0,91.4,10,24,debt_consolidation,RENT,TX,OCT2000,10+ years,34000,Verified,20500,0,20500,0,1,0.2610203687,0.18775718908433212,0.1715567968159956
27432,Fully Paid,9000,9000,11.8,298.07,36 months,B,B4,12.29,0,1,0,9.3,6,22,debt_consolidation,OWN,IN,JUN2006,10+ years,50000,Not Verified,9000,0,9000,0,1,0.1020239017,0.11211756769643692,0.12551628685844768
27503,Fully Paid,20550,20550,17.97,521.5,60 months,D,D1,26.04,0,3,0,31.1,8,36,credit_card,MORTGAGE,IN,NOV2005,1 year,94000,Not Verified,20550,0,20550,0,1,0.2439640975,0.18321425659854398,0.21124155917823043
27584,Fully Paid,18000,18000,16.91,640.95,36 months,C,C5,8.62,0,0,0,89.5,9,11,credit_card,RENT,PA,APR2005,5 years,107000,Source Verified,18000,0,18000,0,1,0.2632595294,0.1887673679881983,0.1715567968159956
27664,Fully Paid,6000,6000,10.33,194.54,36 months,B,B1,3.44,0,0,1,3.4,6,26,other,RENT,CA,JUN1998,7 years,205000,Not Verified,6000,0,6000,0,1,0.0865412477,0.1057260092763034,0.12551628685844768
27674,Fully Paid,7000,7000,8.81,221.98,36 months,A,A5,19.46,0,1,0,35.2,13,30,home_improvement,MORTGAGE,TX,FEB2004,10+ years,85000,Not Verified,7000,0,7000,0,1,0.0507378828,0.0893270058642722,0.09318522201240317
27722,Fully Paid,5400,5400,16.14,190.23,36 months,C,C4,23.86,0,1,0,41.2,4,6,credit_card,OWN,MI,JUN2001,10+ years,42000,Not Verified,5400,0,5400,0,1,0.2087600723,0.16418038687756226,0.1715567968159956
27860,Fully Paid,15000,15000,11.8,332.16,60 months,B,B4,6.83,0,0,1,22.6,17,22,car,RENT,IL,JUN2009,10+ years,105000,Not Verified,15000,0,15000,0,1,0.124375574,0.12134479833099933,0.12551628685844768
27895,Fully Paid,2000,2000,16.14,70.46,36 months,C,C4,6.3,0,0,0,6.3,8,22,major_purchase,MORTGAGE,LA,MAR2001,10+ years,96000,Source Verified,2000,0,2000,0,1,0.1574018871,0.14101056470718792,0.1715567968159956
27901,Fully Paid,40000,40000,10.72,1304.26,36 months,B,B2,7.35,0,0,0,53,9,11,debt_consolidation,RENT,NY,SEP2015,1 year,95000,Not Verified,40000,0,40000,0,1,0.1726161363,0.1412594959119529,0.12551628685844768
27910,Fully Paid,14000,14000,10.33,453.92,36 months,B,B1,21.67,0,0,1,29.7,7,27,debt_consolidation,MORTGAGE,WA,SEP2004,< 1 year,90000,Verified,14000,0,14000,0,1,0.1121132891,0.11628267459545173,0.12551628685844768
28010,Fully Paid,10000,10000,16.14,352.27,36 months,C,C4,11.41,1,1,0,24.3,9,16,home_improvement,MORTGAGE,CA,MAY2007,4 years,107500,Source Verified,10000,0,10000,0,1,0.2072083174,0.1634803254375991,0.1715567968159956
28041,Fully Paid,15600,15600,16.91,555.49,36 months,C,C5,13.99,0,3,1,44,9,16,debt_consolidation,RENT,CT,OCT1994,5 years,55000,Verified,15600,0,15600,0,1,0.2615594093,0.1880003728104699,0.1715567968159956
28056,Fully Paid,15000,15000,13.56,509.47,36 months,C,C1,25.97,0,0,0,62,13,14,credit_card,RENT,NV,JAN2013,3 years,42000,Source Verified,15000,0,15000,0,1,0.3090348348,0.2094185199279007,0.1715567968159956
28059,Fully Paid,6600,6600,14.47,227.09,36 months,C,C2,10.69,0,0,0,14.6,5,5,medical,MORTGAGE,FL,AUG2003,2 years,41000,Source Verified,6600,0,6600,0,1,0.1859471097,0.1538885067310379,0.1715567968159956
28102,Fully Paid,6000,6000,10.33,194.54,36 months,B,B1,13.47,0,0,0,41,8,12,credit_card,RENT,GA,OCT2012,4 years,32000,Not Verified,6000,0,6000,0,1,0.1222042192,0.12044841835279681,0.12551628685844768
28121,Fully Paid,1500,1500,8.81,47.57,36 months,A,A5,26.16,0,1,0,16.7,19,43,debt_consolidation,MORTGAGE,AZ,SEP2001,10+ years,100000,Not Verified,1500,0,1500,0,1,0.0516902435,0.0896897778172596,0.09318522201240317
28139,Fully Paid,4500,4500,7.02,138.99,36 months,A,A2,8.17,0,3,0,4.6,23,48,debt_consolidation,RENT,DC,MAR2007,1 year,150000,Source Verified,4500,0,4500,0,1,0.0649396554,0.09473672592305361,0.09318522201240317
28146,Fully Paid,40000,40000,10.72,1304.26,36 months,B,B2,12.78,0,0,1,67.6,11,20,debt_consolidation,MORTGAGE,NJ,JUL2002,10+ years,110000,Source Verified,40000,0,40000,0,1,0.1500240094,0.13193300066660152,0.12551628685844768
28181,Fully Paid,15000,15000,15.02,357.01,60 months,C,C3,23.46,0,0,1,39.3,8,13,debt_consolidation,MORTGAGE,NJ,FEB2004,3 years,35000,Source Verified,15000,0,15000,0,1,0.2341691137,0.175643466588519,0.1715567968159956
28252,Fully Paid,32000,32000,22.35,890.19,60 months,D,D5,9.61,0,2,0,47.3,7,11,debt_consolidation,RENT,WA,MAY2002,< 1 year,120000,Not Verified,32000,0,32000,0,1,0.3719175188,0.24259246683589172,0.21124155917823043
28290,Fully Paid,21000,21000,19.92,779.58,36 months,D,D3,25.55,0,0,1,40.3,15,21,debt_consolidation,MORTGAGE,DE,AUG2004,n/a,38988,Verified,21000,0,21000,0,1,0.4483426338,0.27805839263746684,0.21124155917823043
28394,Fully Paid,1000,1000,24.37,39.43,36 months,E,E2,14.56,0,1,1,78.7,10,17,medical,RENT,OR,JAN1999,3 years,110000,Not Verified,1000,0,1000,0,1,0.3722771615,0.25647493860380505,0.26321838497840144
28396,Fully Paid,40000,40000,17.97,1015.09,60 months,D,D1,31.5,0,0,0,58.7,23,61,credit_card,MORTGAGE,GA,FEB2005,4 years,105200,Source Verified,40000,0,40000,0,1,0.3586429543,0.23643225733401232,0.21124155917823043
28420,Fully Paid,16000,16000,20.89,431.87,60 months,D,D4,13.11,0,0,0,95.7,5,6,debt_consolidation,RENT,NY,APR2005,10+ years,53000,Source Verified,16000,0,16000,0,1,0.3487956109,0.2318624879543126,0.21124155917823043
28426,Fully Paid,25000,25000,12.98,568.58,60 months,B,B5,15.27,0,0,0,86.3,6,12,debt_consolidation,MORTGAGE,WA,OCT2007,10+ years,65000,Verified,25000,0,25000,0,1,0.1297757353,0.12357409612626714,0.12551628685844768
28442,Fully Paid,16000,16000,12.98,538.95,36 months,B,B5,15.15,0,2,1,19.8,9,15,debt_consolidation,OWN,NC,MAR2000,2 years,53000,Verified,16000,0,16000,0,1,0.1467447049,0.1305792362351832,0.12551628685844768
28492,Fully Paid,21000,21000,12.98,477.6,60 months,B,B5,10.97,0,1,0,81.4,11,20,debt_consolidation,MORTGAGE,OH,MAR2014,1 year,180000,Source Verified,21000,0,21000,0,1,0.1335595484,0.12513613209758812,0.12551628685844768
28507,Fully Paid,4350,4350,12.98,146.53,36 months,B,B5,2.58,0,0,0,22.9,1,4,moving,RENT,CA,FEB2008,< 1 year,20000,Source Verified,4350,0,4350,0,1,0.1250563735,0.12162584638494718,0.12551628685844768
28523,Fully Paid,1200,1200,27.27,49.17,36 months,E,E5,22.08,0,0,0,49.1,8,10,vacation,MORTGAGE,FL,JUN2011,10+ years,30000,Not Verified,1200,0,1200,0,1,0.3295252685,0.23506036514394094,0.26321838497840144
28698,Fully Paid,5000,5000,14.47,172.04,36 months,C,C2,11.74,2,0,0,45,14,44,home_improvement,MORTGAGE,SC,MAR2000,10+ years,70000,Source Verified,5000,0,5000,0,1,0.1651121209,0.14448897317007126,0.1715567968159956
28726,Fully Paid,20000,20000,19.92,528.99,60 months,D,D3,31.63,0,0,0,41.3,33,46,debt_consolidation,RENT,TN,JUN2007,10+ years,55500,Not Verified,20000,0,20000,0,1,0.4453520513,0.27667057952068597,0.21124155917823043
28924,Fully Paid,10000,10000,16.14,243.93,60 months,C,C4,15.03,0,1,0,12.9,16,25,debt_consolidation,RENT,NJ,AUG1983,< 1 year,50000,Source Verified,10000,0,10000,0,1,0.2841416693,0.1981881733795048,0.1715567968159956
28938,Fully Paid,4000,4000,7.56,124.54,36 months,A,A3,10.53,0,0,0,7.6,4,7,medical,MORTGAGE,FL,SEP1991,5 years,40000,Verified,4000,0,4000,0,1,0.0470777718,0.08793280132011082,0.09318522201240317
28981,Fully Paid,12000,12000,13.56,276.49,60 months,C,C1,21.46,0,0,0,57.5,10,30,debt_consolidation,OWN,TX,SEP2000,10+ years,60000,Not Verified,12000,0,12000,0,1,0.1837275318,0.152887162446071,0.1715567968159956
28983,Fully Paid,12000,12000,25.34,354.62,60 months,E,E3,13.14,0,0,0,100.7,9,13,debt_consolidation,MORTGAGE,NY,SEP2010,10+ years,130000,Verified,12000,0,12000,0,1,0.3282104284,0.23440175711670283,0.26321838497840144
28988,Fully Paid,20000,20000,10.33,648.45,36 months,B,B1,13.49,0,0,0,14.5,16,21,debt_consolidation,RENT,CA,JAN1993,< 1 year,65000,Not Verified,20000,0,20000,0,1,0.1620276392,0.1368883462501401,0.12551628685844768
29007,Fully Paid,15000,15000,10.33,486.34,36 months,B,B1,27.81,0,1,0,67.5,10,28,credit_card,MORTGAGE,TX,MAR2007,1 year,65000,Source Verified,15000,0,15000,0,1,0.1344040548,0.1254847617312269,0.12551628685844768
29043,Fully Paid,7500,7500,10.72,244.55,36 months,B,B2,6.75,1,0,0,2.5,23,41,medical,MORTGAGE,CA,AUG1996,2 years,120000,Verified,7500,0,7500,0,1,0.1066522023,0.11402822549908749,0.12551628685844768
29062,Fully Paid,28000,28000,17.97,710.56,60 months,D,D1,13.75,2,0,0,41.6,24,46,debt_consolidation,MORTGAGE,TX,APR2006,10+ years,98000,Not Verified,28000,0,28000,0,1,0.2744227193,0.19734891927817536,0.21124155917823043
29108,Fully Paid,1600,1600,20.89,60.19,36 months,D,D4,7.72,1,0,0,7.4,6,10,other,RENT,CO,AUG2011,< 1 year,50000,Verified,1600,0,1600,0,1,0.2850733321,0.2022914547693697,0.21124155917823043
29123,Fully Paid,16000,16000,8.19,325.88,60 months,A,A4,23.5,0,0,0,41.4,11,43,debt_consolidation,MORTGAGE,FL,JUL2006,2 years,55000,Source Verified,16000,0,16000,0,1,0.0575886725,0.09193659943420325,0.09318522201240317
29181,Fully Paid,20000,20000,16.14,704.53,36 months,C,C4,9.25,0,2,0,57.7,20,30,credit_card,MORTGAGE,CA,OCT2007,7 years,110000,Source Verified,20000,0,20000,0,1,0.2127341927,0.1659732785576923,0.1715567968159956
29241,Fully Paid,15300,15300,7.56,476.35,36 months,A,A3,20.12,0,0,0,34.3,23,36,debt_consolidation,MORTGAGE,WA,APR2006,3 years,85000,Not Verified,15300,0,15300,0,1,0.0612511489,0.0933317050033414,0.09318522201240317
29320,Fully Paid,24000,24000,23.4,934.05,36 months,E,E1,68.97,0,0,0,62.3,11,14,credit_card,OWN,CA,OCT2011,< 1 year,20000,Not Verified,24000,0,24000,0,1,0.6297111491,0.38542452777231145,0.26321838497840144
29379,Fully Paid,3000,3000,11.8,99.36,36 months,B,B4,4.55,1,0,0,28.9,8,13,vacation,MORTGAGE,CA,APR1999,10+ years,90000,Not Verified,3000,0,3000,0,1,0.0787321176,0.10250223955022329,0.12551628685844768
29385,Fully Paid,15000,15000,12.98,341.15,60 months,B,B5,6.95,0,0,0,70,3,15,credit_card,MORTGAGE,NC,NOV1993,n/a,55448,Not Verified,15000,0,15000,0,1,0.1322662114,0.12460221594907635,0.12551628685844768
29398,Fully Paid,12000,12000,7.56,373.61,36 months,A,A3,17.58,0,0,0,65.5,10,32,home_improvement,RENT,MD,JUL1993,10+ years,130000,Not Verified,12000,0,12000,0,1,0.0623488346,0.09374983395926677,0.09318522201240317
29422,Fully Paid,1000,1000,8.81,31.72,36 months,A,A5,10.56,0,2,0,15.4,10,10,credit_card,RENT,NC,AUG2014,1 year,35000,Not Verified,1000,0,1000,0,1,0.0623827227,0.09376274256859939,0.09318522201240317
29489,Fully Paid,30000,30000,7.21,929.2,36 months,A,A3,22.1,0,2,0,28.7,18,42,debt_consolidation,MORTGAGE,SC,JUL1996,10+ years,100000,Verified,30000,0,30000,0,1,0.0678057014,0.09582845629871038,0.09318522201240317
29511,Fully Paid,16000,16000,16.14,563.62,36 months,C,C4,16.74,0,0,0,63.2,5,10,debt_consolidation,RENT,PA,MAY2004,4 years,40000,Not Verified,16000,0,16000,0,1,0.2418038078,0.1790877959380344,0.1715567968159956
29536,Fully Paid,8000,8000,8.19,251.4,36 months,A,A4,13.15,0,0,0,63.8,14,33,other,MORTGAGE,TX,APR1993,3 years,250000,Verified,8000,0,8000,0,1,0.044366581,0.08690005817831854,0.09318522201240317
29568,Fully Paid,8000,8000,10.33,259.38,36 months,B,B1,6.22,0,0,1,5.3,15,27,credit_card,MORTGAGE,TN,MAR2000,3 years,60000,Verified,8000,0,8000,0,1,0.0920481779,0.10799938347228412,0.12551628685844768
29585,Fully Paid,2000,2000,19.92,74.25,36 months,D,D3,25.34,0,2,0,72,11,56,vacation,MORTGAGE,TX,OCT2001,8 years,118000,Verified,2000,0,2000,0,1,0.2021144219,0.16379344853499592,0.21124155917823043
29589,Fully Paid,20000,20000,14.47,470.26,60 months,C,C2,11.39,0,1,0,12.2,9,24,debt_consolidation,RENT,NY,JUN2002,6 years,73000,Not Verified,20000,0,20000,0,1,0.2150088625,0.16699947709950372,0.1715567968159956
29622,Fully Paid,2800,2800,17.97,101.19,36 months,D,D1,29.44,0,1,0,23.2,17,21,home_improvement,MORTGAGE,WI,JUL2002,< 1 year,32000,Source Verified,2800,0,2800,0,1,0.3297337745,0.2230166304714137,0.21124155917823043
29713,Fully Paid,40000,40000,13.56,1358.58,36 months,C,C1,7.32,0,1,0,16.3,11,30,debt_consolidation,MORTGAGE,IL,JAN1980,2 years,425000,Verified,40000,0,40000,0,1,0.1948603318,0.15790963345539208,0.1715567968159956
29775,Fully Paid,5000,5000,12.98,168.43,36 months,B,B5,24.89,0,0,0,86,3,5,credit_card,RENT,GA,AUG2009,8 years,33600,Source Verified,5000,0,5000,0,1,0.1795340022,0.14411533342162658,0.12551628685844768
29782,Fully Paid,5500,5500,17.97,198.76,36 months,D,D1,5.04,0,0,0,66.5,3,4,debt_consolidation,RENT,FL,JUL2014,< 1 year,25000,Source Verified,5500,0,5500,0,1,0.2728139148,0.19660233563186694,0.21124155917823043
29825,Fully Paid,35000,35000,13.56,806.43,60 months,C,C1,25.37,0,3,0,15.8,12,27,debt_consolidation,MORTGAGE,NY,JUN1994,10+ years,127000,Source Verified,35000,0,35000,0,1,0.262947884,0.18862677173328593,0.1715567968159956
29863,Fully Paid,15000,15000,20.89,404.88,60 months,D,D4,3.96,0,0,1,44.8,8,21,debt_consolidation,MORTGAGE,AZ,JUL1994,10+ years,51500,Source Verified,15000,0,15000,0,1,0.2327148789,0.1779939314188789,0.21124155917823043
29874,Fully Paid,30000,30000,19.92,1113.69,36 months,D,D3,16.95,2,1,0,50.7,12,30,debt_consolidation,MORTGAGE,IL,DEC2001,7 years,89000,Not Verified,30000,0,30000,0,1,0.2893177635,0.20426113043295588,0.21124155917823043
29875,Fully Paid,20000,20000,16.14,704.53,36 months,C,C4,13.42,0,0,0,80,5,8,debt_consolidation,RENT,CA,NOV2003,1 year,75000,Source Verified,20000,0,20000,0,1,0.2804365115,0.19651662196068295,0.1715567968159956
29894,Fully Paid,10000,10000,18.94,366.26,36 months,D,D2,14.72,0,2,1,34.9,10,13,debt_consolidation,OWN,CA,MAY2007,10+ years,75000,Not Verified,10000,0,10000,0,1,0.2636845685,0.1923657608031253,0.21124155917823043
29895,Fully Paid,12000,12000,11.8,397.43,36 months,B,B4,34.26,0,1,0,32.9,11,30,debt_consolidation,MORTGAGE,FL,OCT2007,< 1 year,42000,Source Verified,12000,0,12000,0,1,0.158947482,0.13561679392539042,0.12551628685844768
30003,Fully Paid,18000,18000,11.31,591.95,36 months,B,B3,14.16,0,0,0,25.7,9,18,credit_card,RENT,IL,JUL1987,6 years,160000,Not Verified,18000,0,18000,0,1,0.1407645534,0.12811050654106879,0.12551628685844768
30072,Fully Paid,1500,1500,7.56,46.71,36 months,A,A3,13.82,0,1,0,17.9,8,21,credit_card,MORTGAGE,MI,MAR2007,4 years,72000,Not Verified,1500,0,1500,0,1,0.0386821725,0.08473476096149382,0.09318522201240317
30091,Fully Paid,2400,2400,7.56,74.73,36 months,A,A3,6.43,0,1,0,18.4,21,31,major_purchase,RENT,MD,JUN2011,3 years,76000,Verified,2400,0,2400,0,1,0.0656026509,0.09498927327444774,0.09318522201240317
30184,Fully Paid,15000,15000,19.92,556.85,36 months,D,D3,19.77,1,0,0,41.7,10,22,debt_consolidation,MORTGAGE,IL,APR2002,2 years,40000,Source Verified,15000,0,15000,0,1,0.2974401236,0.2080304021002641,0.21124155917823043
30323,Fully Paid,5000,5000,19.92,185.62,36 months,D,D3,14.9,0,2,0,62.3,10,23,debt_consolidation,RENT,MN,AUG1998,4 years,46000,Source Verified,5000,0,5000,0,1,0.3131493058,0.21532042306141833,0.21124155917823043
30353,Fully Paid,40000,40000,12.98,909.72,60 months,B,B5,23.1,0,3,1,27,22,40,credit_card,MORTGAGE,MI,FEB2009,2 years,80000,Source Verified,40000,0,40000,0,1,0.1981419035,0.15179705828837284,0.12551628685844768
30359,Fully Paid,6600,6600,23.4,256.87,36 months,E,E1,26.41,2,0,0,30.7,11,25,home_improvement,MORTGAGE,NC,SEP2005,< 1 year,90000,Source Verified,6600,0,6600,0,1,0.4050735562,0.2729027679755208,0.26321838497840144
30372,Fully Paid,9500,9500,16.91,338.28,36 months,C,C5,25.74,0,1,0,78.5,10,41,debt_consolidation,MORTGAGE,WI,SEP1999,3 years,58500,Not Verified,9500,0,9500,0,1,0.1747231581,0.14882491342827284,0.1715567968159956
30484,Fully Paid,5000,5000,6.46,153.16,36 months,A,A1,3.41,0,1,0,4.6,4,21,credit_card,RENT,NJ,FEB1999,2 years,180000,Verified,5000,0,5000,0,1,0.0450644505,0.08716588968674317,0.09318522201240317
30487,Fully Paid,13800,13800,15.02,478.52,36 months,C,C3,4.94,0,0,0,60.2,8,29,credit_card,MORTGAGE,GA,MAY1997,10+ years,1100000,Verified,13800,0,13800,0,1,0.1366777918,0.13166105983521884,0.1715567968159956
30509,Fully Paid,16000,16000,10.72,345.65,60 months,B,B2,29.99,0,0,0,76.6,6,17,other,MORTGAGE,AL,JUN1990,10+ years,125000,Verified,16000,0,16000,0,1,0.1243910785,0.12135119890789817,0.12551628685844768
30553,Fully Paid,17000,17000,13.56,391.7,60 months,C,C1,5.18,0,2,0,28.6,9,20,credit_card,RENT,CA,AUG1981,5 years,86000,Not Verified,17000,0,17000,0,1,0.1869193011,0.1543271028723511,0.1715567968159956
30625,Fully Paid,1000,1000,18.94,36.63,36 months,D,D2,8.57,0,2,1,94.2,10,15,other,RENT,TX,JUN2008,2 years,80000,Verified,1000,0,1000,0,1,0.2499509844,0.18599253814352854,0.21124155917823043
30739,Fully Paid,4750,4750,8.19,149.27,36 months,A,A4,29.69,0,1,1,15.1,14,40,small_business,MORTGAGE,PA,APR2006,2 years,50000,Not Verified,4750,0,4750,0,1,0.0672661781,0.09562294181116045,0.09318522201240317
30851,Fully Paid,17000,17000,10.72,554.31,36 months,B,B2,12.54,0,0,0,36.2,11,18,medical,OWN,FL,NOV1984,10+ years,128000,Not Verified,17000,0,17000,0,1,0.126906901,0.12238978224660975,0.12551628685844768
30861,Fully Paid,2800,2800,12.98,94.32,36 months,B,B5,33.01,0,0,1,35.9,14,23,debt_consolidation,MORTGAGE,AZ,DEC2001,10+ years,73000,Verified,2800,0,2800,0,1,0.1462594692,0.1303789209453056,0.12551628685844768
31030,Fully Paid,7200,7200,15.02,249.67,36 months,C,C3,13.15,0,0,0,16.1,7,18,home_improvement,MORTGAGE,CO,JUL2014,5 years,48000,Not Verified,7200,0,7200,0,1,0.1583325419,0.14143042195358466,0.1715567968159956
31060,Fully Paid,6000,6000,14.47,206.44,36 months,C,C2,9.21,0,1,0,0,3,8,home_improvement,MORTGAGE,AL,JUN2000,10+ years,60320,Verified,6000,0,6000,0,1,0.1566530709,0.14067274244721648,0.1715567968159956
31112,Fully Paid,40000,40000,8.19,814.7,60 months,A,A4,29.32,0,0,0,18.5,12,36,debt_consolidation,MORTGAGE,TX,JUL1995,10+ years,135000,Verified,40000,0,40000,0,1,0.0845479823,0.10220590335165665,0.09318522201240317
31116,Fully Paid,13250,13250,11.8,293.41,60 months,B,B4,20.92,0,0,0,32.6,12,20,debt_consolidation,MORTGAGE,MA,JUN2004,9 years,72000,Source Verified,13250,0,13250,0,1,0.1436268458,0.12929211978968264,0.12551628685844768
31182,Fully Paid,6000,6000,10.72,195.64,36 months,B,B2,16.48,0,1,0,16,11,16,small_business,RENT,OR,FEB2012,< 1 year,60000,Not Verified,6000,0,6000,0,1,0.17652335,0.14287247419225907,0.12551628685844768
31197,Fully Paid,11000,11000,8.19,345.67,36 months,A,A4,19.15,0,1,0,52.9,9,28,debt_consolidation,RENT,MN,MAR1995,< 1 year,43000,Not Verified,11000,0,11000,0,1,0.0667615641,0.09543072492706937,0.09318522201240317
31199,Fully Paid,4800,4800,20.89,180.57,36 months,D,D4,5.82,0,0,0,46,5,17,debt_consolidation,MORTGAGE,IL,NOV2008,5 years,80000,Not Verified,4800,0,4800,0,1,0.1866864748,0.15663393785425667,0.21124155917823043
31226,Fully Paid,4200,4200,16.91,149.56,36 months,C,C5,19.3,0,0,0,78.1,7,28,other,MORTGAGE,CO,JUN2005,< 1 year,150000,Not Verified,4200,0,4200,0,1,0.15114377,0.13818726673114537,0.1715567968159956
31277,Fully Paid,28000,28000,8.19,879.88,36 months,A,A4,12.84,0,0,0,57,14,25,debt_consolidation,MORTGAGE,FL,MAY2005,10+ years,90000,Source Verified,28000,0,28000,0,1,0.0671919655,0.09559467284769074,0.09318522201240317
31336,Fully Paid,10000,10000,6.46,306.31,36 months,A,A1,9.32,0,0,1,17.3,12,14,credit_card,RENT,IL,SEP2000,4 years,80000,Source Verified,10000,0,10000,0,1,0.0711856108,0.0971159268274276,0.09318522201240317
31385,Fully Paid,12000,12000,10.72,391.28,36 months,B,B2,38.32,1,0,0,87.2,23,43,debt_consolidation,MORTGAGE,MO,AUG1986,10+ years,150000,Verified,12000,0,12000,0,1,0.1622242865,0.13696952630532389,0.12551628685844768
31422,Fully Paid,5500,5500,18.94,201.45,36 months,D,D2,22.23,1,0,0,8.5,9,28,other,RENT,AZ,NOV2002,2 years,37277,Source Verified,5500,0,5500,0,1,0.319807698,0.21841032411976788,0.21124155917823043
31469,Fully Paid,17000,17000,7.02,525.07,36 months,A,A2,10.09,0,0,0,25.9,8,43,debt_consolidation,MORTGAGE,NJ,FEB2004,6 years,225000,Not Verified,17000,0,17000,0,1,0.0351496825,0.08338916963647537,0.09318522201240317
31541,Fully Paid,4500,4500,11.31,147.99,36 months,B,B3,12.77,0,0,0,29.9,10,19,credit_card,RENT,PA,AUG1996,3 years,45000,Not Verified,4500,0,4500,0,1,0.1229978591,0.1207760492476937,0.12551628685844768
31600,Fully Paid,3025,3025,7.56,94.18,36 months,A,A3,0.63,0,0,0,0.6,12,49,medical,MORTGAGE,GA,DEC1994,10+ years,145000,Not Verified,3025,0,3025,0,1,0.0283716333,0.08080728427966806,0.09318522201240317
31632,Fully Paid,14450,14450,13.56,332.94,60 months,C,C1,18.93,0,1,1,20.7,13,25,debt_consolidation,MORTGAGE,WA,JUL1995,10+ years,160000,Not Verified,14450,0,14450,0,1,0.1756340998,0.14923587727199875,0.1715567968159956
31733,Fully Paid,4000,4000,12.98,134.74,36 months,B,B5,15.31,0,3,0,12.2,15,43,credit_card,MORTGAGE,MI,JUL2001,10+ years,107000,Not Verified,4000,0,4000,0,1,0.0878179792,0.1062530703324424,0.12551628685844768
31769,Fully Paid,3000,3000,18.94,109.88,36 months,D,D2,38.48,0,0,0,32.4,8,23,other,MORTGAGE,AZ,JAN2009,4 years,45000,Not Verified,3000,0,3000,0,1,0.2629690327,0.19203370844584497,0.21124155917823043
31831,Fully Paid,25000,25000,11.55,550.45,60 months,B,B4,5.57,4,1,0,76.5,11,16,debt_consolidation,RENT,NV,OCT1961,< 1 year,240000,Source Verified,25000,0,25000,0,1,0.1943498273,0.15023161113920205,0.12551628685844768
31885,Fully Paid,9500,9500,7.02,293.42,36 months,A,A2,10.76,2,0,0,73.9,8,18,credit_card,RENT,NC,MAY2003,10+ years,144000,Not Verified,9500,0,9500,0,1,0.0577423237,0.0919951280420121,0.09318522201240317
31886,Fully Paid,20000,20000,11.31,657.72,36 months,B,B3,12.13,0,2,0,23.1,11,23,debt_consolidation,MORTGAGE,NV,FEB2004,n/a,84000,Verified,20000,0,20000,0,1,0.1737609043,0.14173207971764273,0.12551628685844768
31935,Fully Paid,10000,10000,13.56,230.41,60 months,C,C1,11.07,0,3,0,22.9,19,51,debt_consolidation,MORTGAGE,MI,APR2001,6 years,68500,Source Verified,10000,0,10000,0,1,0.1563213314,0.14052308090462193,0.1715567968159956
31956,Fully Paid,24000,24000,10.72,518.48,60 months,B,B2,5.96,1,0,0,28.9,10,39,debt_consolidation,MORTGAGE,OK,JUL2005,10+ years,80000,Source Verified,24000,0,24000,0,1,0.1006392034,0.11154593572179554,0.12551628685844768
31983,Fully Paid,5575,5575,11.8,184.64,36 months,B,B4,35.55,2,1,0,7.8,25,52,debt_consolidation,MORTGAGE,IN,JUN1994,n/a,29000,Verified,5575,0,5575,0,1,0.2348742438,0.16696092482802907,0.12551628685844768
32047,Fully Paid,8400,8400,11.31,276.25,36 months,B,B3,15.55,0,0,0,90.9,6,32,major_purchase,RENT,CO,AUG2005,6 years,65000,Source Verified,8400,0,8400,0,1,0.129697268,0.12354170320887582,0.12551628685844768
32093,Fully Paid,1000,1000,16.14,35.23,36 months,C,C4,15.18,1,0,0,0.3,9,16,other,MORTGAGE,NJ,AUG2010,7 years,69000,Not Verified,1000,0,1000,0,1,0.1580355044,0.14129641593241915,0.1715567968159956
32174,Fully Paid,32000,32000,15.02,761.62,60 months,C,C3,17.87,0,1,0,45.3,19,28,debt_consolidation,MORTGAGE,WA,NOV2009,1 year,63000,Verified,32000,0,32000,0,1,0.2566940244,0.18580539449329558,0.1715567968159956
32220,Fully Paid,2600,2600,12.98,87.58,36 months,B,B5,4.97,1,0,0,38.1,8,14,car,RENT,IL,FEB2005,5 years,80000,Verified,2600,0,2600,0,1,0.1132569741,0.11675481131643835,0.12551628685844768
32310,Fully Paid,6500,6500,23.4,252.98,36 months,E,E1,10.98,1,1,0,61.4,6,15,debt_consolidation,RENT,TX,OCT2007,8 years,85000,Not Verified,6500,0,6500,0,1,0.3501851914,0.2454089931360904,0.26321838497840144
32363,Fully Paid,21000,21000,6.46,643.25,36 months,A,A1,5.71,0,1,0,17.2,8,22,debt_consolidation,RENT,TX,FEB1967,10+ years,88450,Source Verified,21000,0,21000,0,1,0.0660295916,0.09515190294989405,0.09318522201240317
32447,Fully Paid,10800,10800,22.35,300.44,60 months,D,D5,29.93,0,0,0,29.8,18,44,credit_card,RENT,AZ,NOV2009,3 years,95000,Not Verified,10800,0,10800,0,1,0.3700051034,0.2417049891699675,0.21124155917823043
32489,Fully Paid,5000,5000,26.31,202.28,36 months,E,E4,28.47,0,0,0,79.7,21,42,vacation,RENT,NV,SEP1990,n/a,120000,Verified,5000,0,5000,0,1,0.5726247139,0.3568297317441643,0.26321838497840144
32517,Fully Paid,20400,20400,18.94,747.17,36 months,D,D2,12.7,1,0,0,63.9,10,25,debt_consolidation,MORTGAGE,MD,MAR1996,1 year,113000,Verified,20400,0,20400,0,1,0.2588192585,0.1901079595101647,0.21124155917823043
32571,Fully Paid,9200,9200,26.31,372.2,36 months,E,E4,22.52,0,0,0,97.6,6,15,debt_consolidation,RENT,FL,FEB2012,4 years,68000,Source Verified,9200,0,9200,0,1,0.4577848984,0.29930606454322917,0.26321838497840144
32701,Fully Paid,12000,12000,10.72,391.28,36 months,B,B2,4.25,0,0,0,34.8,4,5,debt_consolidation,MORTGAGE,AZ,SEP2013,2 years,115000,Not Verified,12000,0,12000,0,1,0.0840003977,0.10467709407017685,0.12551628685844768
32728,Fully Paid,18000,18000,7.56,560.41,36 months,A,A3,4.27,0,0,0,17.4,11,27,debt_consolidation,MORTGAGE,NJ,MAY2000,4 years,210000,Source Verified,18000,0,18000,0,1,0.0486327652,0.08852512730815353,0.09318522201240317
32765,Fully Paid,6475,6475,14.47,222.79,36 months,C,C2,28.27,0,0,0,74,7,12,debt_consolidation,RENT,AL,JUN2007,3 years,21650,Not Verified,6475,0,6475,0,1,0.2508288178,0.18315935485257817,0.1715567968159956
32783,Fully Paid,25000,25000,16.14,609.82,60 months,C,C4,0.67,0,0,0,15.3,2,9,home_improvement,OWN,CA,NOV2001,n/a,180000,Not Verified,25000,0,25000,0,1,0.2698937529,0.19176034326828115,0.1715567968159956
32886,Fully Paid,3000,3000,17.97,108.42,36 months,D,D1,36.72,0,0,0,71.5,14,20,medical,MORTGAGE,NC,JUL1996,6 years,86000,Source Verified,3000,0,3000,0,1,0.3347715873,0.2253544836099667,0.21124155917823043
33022,Fully Paid,2000,2000,12.98,67.37,36 months,B,B5,21.25,0,1,0,26.3,9,15,other,MORTGAGE,KS,JUN2011,6 years,65000,Source Verified,2000,0,2000,0,1,0.1203058798,0.11966474475417856,0.12551628685844768
33031,Fully Paid,4000,4000,6.46,122.53,36 months,A,A1,13.31,0,0,0,4.5,21,34,debt_consolidation,MORTGAGE,SC,APR2005,10+ years,45000,Not Verified,4000,0,4000,0,1,0.0438998668,0.08672227803491178,0.09318522201240317
33036,Fully Paid,1000,1000,15.02,34.68,36 months,C,C3,8.97,0,1,0,11.6,7,11,moving,RENT,TX,SEP2004,1 year,38000,Verified,1000,0,1000,0,1,0.2009755397,0.16066845912312358,0.1715567968159956
33310,Fully Paid,4000,4000,24.37,157.71,36 months,E,E2,27.47,1,0,0,82.9,10,17,other,MORTGAGE,FL,SEP2006,10+ years,48500,Not Verified,4000,0,4000,0,1,0.3274831828,0.2340374772396793,0.26321838497840144
33333,Fully Paid,2000,2000,12.98,67.37,36 months,B,B5,6.63,0,0,0,0,2,13,major_purchase,OWN,CO,OCT1995,10+ years,36000,Not Verified,2000,0,2000,0,1,0.0932654632,0.10850190391283131,0.12551628685844768
33416,Fully Paid,1000,1000,18.94,36.63,36 months,D,D2,16.24,0,2,0,30.4,8,21,debt_consolidation,RENT,FL,NOV1998,n/a,15000,Verified,1000,0,1000,0,1,0.3860353968,0.24914402535986238,0.21124155917823043
33431,Fully Paid,10000,10000,11.8,331.19,36 months,B,B4,7.13,0,0,0,84.7,7,26,other,RENT,FL,NOV1998,2 years,100000,Not Verified,10000,0,10000,0,1,0.0993139565,0.11099884650941301,0.12551628685844768
33517,Fully Paid,6000,6000,11.8,198.72,36 months,B,B4,11.48,2,0,0,32.2,12,27,car,MORTGAGE,GA,AUG2003,10+ years,82500,Not Verified,6000,0,6000,0,1,0.0836898306,0.1045488855754949,0.12551628685844768
33520,Fully Paid,12000,12000,8.81,380.54,36 months,A,A5,29.33,0,1,0,32.9,18,25,debt_consolidation,MORTGAGE,MI,MAY1996,n/a,90000,Not Verified,12000,0,12000,0,1,0.1103347117,0.1120285495251032,0.09318522201240317
33523,Fully Paid,25000,25000,15.02,595.02,60 months,C,C3,22.47,0,0,0,71.8,9,14,credit_card,MORTGAGE,NY,APR1976,n/a,80000,Not Verified,25000,0,25000,0,1,0.3042026095,0.20723850129110152,0.1715567968159956
33524,Fully Paid,3600,3600,8.19,113.13,36 months,A,A4,15.28,0,2,0,2,13,21,debt_consolidation,MORTGAGE,PA,JUN2011,8 years,40000,Source Verified,3600,0,3600,0,1,0.0579915645,0.09209006851129033,0.09318522201240317
33608,Fully Paid,3000,3000,17.97,108.42,36 months,D,D1,8.36,0,1,1,11.2,8,14,debt_consolidation,RENT,CO,MAY2012,4 years,55000,Verified,3000,0,3000,0,1,0.2646947288,0.1928345369410153,0.21124155917823043
33628,Fully Paid,6000,6000,15.02,208.06,36 months,C,C3,25.6,0,0,0,52.4,20,25,debt_consolidation,OWN,GA,FEB2004,n/a,30000,Not Verified,6000,0,6000,0,1,0.3367224398,0.22190955483646221,0.1715567968159956
33682,Fully Paid,30000,30000,13.56,691.23,60 months,C,C1,32.67,0,0,0,79.2,27,36,debt_consolidation,MORTGAGE,PA,JUN2007,3 years,75000,Source Verified,30000,0,30000,0,1,0.3224751532,0.21548200885432037,0.1715567968159956
33688,Fully Paid,10000,10000,16.14,352.27,36 months,C,C4,31.75,0,1,0,17,5,12,debt_consolidation,OWN,NY,MAR1995,< 1 year,39000,Not Verified,10000,0,10000,0,1,0.2545963209,0.18485903283990188,0.1715567968159956
33739,Fully Paid,4200,4200,10.72,136.95,36 months,B,B2,24.24,0,1,0,48.1,9,38,debt_consolidation,MORTGAGE,NE,SEP2007,< 1 year,60100,Source Verified,4200,0,4200,0,1,0.1073239496,0.11430553661845481,0.12551628685844768
33807,Fully Paid,40000,40000,6.46,1225.24,36 months,A,A1,17.86,0,0,0,37.8,18,37,credit_card,MORTGAGE,CO,SEP1990,10+ years,140000,Source Verified,40000,0,40000,0,1,0.075484572,0.09875348132788223,0.09318522201240317
33810,Fully Paid,5000,5000,11.31,164.43,36 months,B,B3,6.33,0,1,0,42.9,4,12,debt_consolidation,MORTGAGE,OR,MAY1999,n/a,72000,Not Verified,5000,0,5000,0,1,0.1192680804,0.11923631978947423,0.12551628685844768
33930,Fully Paid,18000,18000,8.81,372,60 months,A,A5,20.75,0,1,0,38.6,10,19,credit_card,MORTGAGE,MI,JUL2000,10+ years,31000,Source Verified,18000,0,18000,0,1,0.0676246976,0.0957595085754117,0.09318522201240317
33941,Fully Paid,9000,9000,23.4,350.27,36 months,E,E1,18.44,0,0,0,47,5,7,debt_consolidation,RENT,LA,SEP2014,< 1 year,30000,Source Verified,9000,0,9000,0,1,0.436915611,0.2888525651371954,0.26321838497840144
33951,Fully Paid,1500,1500,10.72,48.91,36 months,B,B2,19.04,0,1,0,4.5,10,20,house,RENT,CA,APR2010,4 years,50000,Source Verified,1500,0,1500,0,1,0.1316524478,0.12434884169518218,0.12551628685844768
33955,Fully Paid,40000,40000,8.19,814.7,60 months,A,A4,8.83,0,0,0,50.4,6,16,debt_consolidation,MORTGAGE,AK,DEC1984,10+ years,125000,Source Verified,40000,0,40000,0,1,0.0672889808,0.09563162778488067,0.09318522201240317
33958,Fully Paid,5000,5000,26.31,202.28,36 months,E,E4,3.3,0,0,0,27.6,3,39,medical,OWN,WI,DEC1977,3 years,140000,Source Verified,5000,0,5000,0,1,0.2877962426,0.21415814940944414,0.26321838497840144
33973,Fully Paid,8500,8500,10.72,277.16,36 months,B,B2,15.58,1,1,0,0,9,34,debt_consolidation,MORTGAGE,AZ,OCT2006,10+ years,70000,Verified,8500,0,8500,0,1,0.0955342606,0.10943851020304145,0.12551628685844768
33983,Fully Paid,12000,12000,17.97,304.53,60 months,D,D1,22.76,0,0,0,23.1,10,29,debt_consolidation,RENT,CO,AUG2000,9 years,100000,Not Verified,12000,0,12000,0,1,0.3057873427,0.21190402209089274,0.21124155917823043
34176,Fully Paid,12000,12000,20.89,323.9,60 months,D,D4,16.83,0,0,0,79,6,12,debt_consolidation,RENT,NY,MAY2004,10+ years,72000,Source Verified,12000,0,12000,0,1,0.3471785223,0.23111205997913495,0.21124155917823043
34177,Fully Paid,4000,4000,13.56,135.86,36 months,C,C1,0.93,0,0,0,16,1,11,debt_consolidation,OWN,AR,MAY1994,10+ years,35000,Source Verified,4000,0,4000,0,1,0.1454896631,0.1356364629810688,0.1715567968159956
34382,Fully Paid,8700,8700,11.8,288.14,36 months,B,B4,12.62,2,0,0,3.5,18,39,other,MORTGAGE,CO,FEB2005,2 years,85000,Source Verified,8700,0,8700,0,1,0.1143202744,0.11719376357782683,0.12551628685844768
34467,Fully Paid,23275,23275,10.72,502.82,60 months,B,B2,15.75,0,1,0,15,13,20,debt_consolidation,OWN,PA,SEP2007,10+ years,102000,Not Verified,23275,0,23275,0,1,0.1393214409,0.12751475998168854,0.12551628685844768
34482,Fully Paid,3500,3500,13.56,118.88,36 months,C,C1,11.68,0,1,1,5.6,16,26,debt_consolidation,RENT,IL,MAR2007,n/a,74000,Not Verified,3500,0,3500,0,1,0.2859091632,0.19898556369208578,0.1715567968159956
34510,Fully Paid,30000,30000,16.14,731.78,60 months,C,C4,1.66,0,0,0,43,3,9,other,RENT,CA,MAY2013,6 years,56404,Source Verified,30000,0,30000,0,1,0.2372055565,0.1770133327438853,0.1715567968159956
34548,Fully Paid,10000,10000,6.46,306.31,36 months,A,A1,10.97,0,1,0,20.5,8,15,credit_card,RENT,AZ,MAY2012,< 1 year,86000,Not Verified,10000,0,10000,0,1,0.05858795,0.09231724287134989,0.09318522201240317
34679,Fully Paid,12000,12000,16.91,427.3,36 months,C,C5,9.1,0,0,1,68.6,9,21,debt_consolidation,MORTGAGE,PA,SEP1997,< 1 year,158000,Not Verified,12000,0,12000,0,1,0.1631349882,0.14359700603984968,0.1715567968159956
34692,Fully Paid,2000,2000,10.72,65.22,36 months,B,B2,22,0,0,0,60.8,6,7,credit_card,RENT,NJ,SEP2015,2 years,30000,Source Verified,2000,0,2000,0,1,0.155797581,0.1343164499237007,0.12551628685844768
34761,Fully Paid,6000,6000,8.19,188.55,36 months,A,A4,14.52,0,0,1,22.5,13,24,home_improvement,MORTGAGE,KY,NOV2007,10+ years,93000,Not Verified,6000,0,6000,0,1,0.047683639,0.08816358743654236,0.09318522201240317
34773,Fully Paid,12800,12800,26.31,385.6,60 months,E,E4,25.87,0,1,0,46.7,27,34,debt_consolidation,RENT,NC,FEB2004,8 years,45000,Source Verified,12800,0,12800,0,1,0.5631484152,0.35208302041985495,0.26321838497840144
34795,Fully Paid,17400,17400,8.19,546.78,36 months,A,A4,17.81,0,1,0,0.6,22,37,debt_consolidation,MORTGAGE,MN,OCT2004,10+ years,75000,Not Verified,17400,0,17400,0,1,0.0594417886,0.09264248591892424,0.09318522201240317
34894,Fully Paid,10000,10000,10.72,326.07,36 months,B,B2,0.31,0,1,0,0.2,6,22,home_improvement,MORTGAGE,GA,OCT2004,n/a,70000,Not Verified,10000,0,10000,0,1,0.1140561996,0.11708474806204479,0.12551628685844768
34900,Fully Paid,11000,11000,10.33,356.65,36 months,B,B1,14.51,0,3,0,29.4,21,49,debt_consolidation,MORTGAGE,PA,FEB2000,10+ years,181000,Not Verified,11000,0,11000,0,1,0.0910445781,0.10758507680676448,0.12551628685844768
34972,Fully Paid,15000,15000,12.98,341.15,60 months,B,B5,17.82,0,0,0,77.6,12,35,home_improvement,MORTGAGE,FL,NOV2004,10+ years,80000,Verified,15000,0,15000,0,1,0.1170403176,0.11831665342720842,0.12551628685844768
35123,Fully Paid,5000,5000,16.91,178.04,36 months,C,C5,15.33,0,0,0,17.6,8,14,other,RENT,TX,APR2009,< 1 year,36000,Source Verified,5000,0,5000,0,1,0.2537079076,0.1844582324982497,0.1715567968159956
35197,Fully Paid,5000,5000,16.91,178.04,36 months,C,C5,6.18,0,0,0,74.5,8,9,debt_consolidation,RENT,MI,OCT2010,1 year,20000,Source Verified,5000,0,5000,0,1,0.2361919426,0.17655604918293075,0.1715567968159956
35251,Fully Paid,10000,10000,16.91,356.08,36 months,C,C5,22.36,0,0,1,92.8,6,16,credit_card,MORTGAGE,AZ,AUG2011,9 years,85000,Source Verified,10000,0,10000,0,1,0.213808217,0.16645781577295318,0.1715567968159956
35263,Fully Paid,3000,3000,10.33,97.27,36 months,B,B1,0,0,0,0,0,4,19,major_purchase,RENT,NV,FEB2009,5 years,25000,Not Verified,3000,0,3000,0,1,0.089234743,0.10683793960583897,0.12551628685844768
35278,Fully Paid,2000,2000,16.91,71.22,36 months,C,C5,28.35,1,2,0,21.5,16,45,home_improvement,MORTGAGE,WV,JUL2002,2 years,103000,Not Verified,2000,0,2000,0,1,0.1959837165,0.15841643920848786,0.1715567968159956
35342,Fully Paid,30000,30000,11.8,993.57,36 months,B,B4,10.42,1,0,0,68.9,16,36,debt_consolidation,MORTGAGE,TX,FEB1990,5 years,425000,Source Verified,30000,0,30000,0,1,0.1364545248,0.12633123797449447,0.12551628685844768
35371,Fully Paid,10000,10000,13.56,230.41,60 months,C,C1,16.37,0,1,0,33.2,14,23,credit_card,RENT,NC,OCT1996,4 years,75000,Source Verified,10000,0,10000,0,1,0.2494294398,0.1825280369957873,0.1715567968159956
35482,Fully Paid,3600,3600,10.33,116.73,36 months,B,B1,1.57,0,2,0,5,11,22,other,MORTGAGE,CA,AUG2010,2 years,42000,Not Verified,3600,0,3600,0,1,0.0676729638,0.09793679310997205,0.12551628685844768
35505,Fully Paid,10000,10000,19.92,371.23,36 months,D,D3,26.11,0,1,0,87.7,6,25,debt_consolidation,OWN,AZ,APR1997,n/a,42000,Verified,10000,0,10000,0,1,0.3975050649,0.254466652585262,0.21124155917823043
35534,Fully Paid,30250,30250,11.31,994.8,36 months,B,B3,19.2,0,1,0,3.9,8,33,debt_consolidation,OWN,NJ,MAY2001,9 years,62000,Source Verified,30250,0,30250,0,1,0.1626257362,0.13713525300891716,0.12551628685844768
35546,Fully Paid,15000,15000,20.89,564.28,36 months,D,D4,17.54,0,2,0,22.8,18,41,debt_consolidation,MORTGAGE,CO,DEC2000,10+ years,55000,Not Verified,15000,0,15000,0,1,0.251721747,0.18681428024995264,0.21124155917823043
35563,Fully Paid,30000,30000,10.33,642.3,60 months,B,B1,7.12,0,0,0,0.8,18,29,vacation,MORTGAGE,CA,JUN1996,10+ years,210000,Not Verified,30000,0,30000,0,1,0.1084682177,0.11477791405512977,0.12551628685844768
35620,Fully Paid,40000,40000,6.46,1225.24,36 months,A,A1,10.45,0,0,0,5.6,19,31,house,RENT,MA,NOV2003,5 years,78000,Source Verified,40000,0,40000,0,1,0.0889482865,0.10388206129094656,0.09318522201240317
35722,Fully Paid,4500,4500,6.46,137.84,36 months,A,A1,15.79,0,0,0,7.9,11,27,debt_consolidation,OWN,FL,MAR2000,10+ years,90000,Not Verified,4500,0,4500,0,1,0.0474181467,0.08806245646780948,0.09318522201240317
35798,Fully Paid,6000,6000,13.56,203.79,36 months,C,C1,13.34,0,0,0,80.3,5,14,home_improvement,MORTGAGE,OR,JAN2006,10+ years,32381,Not Verified,6000,0,6000,0,1,0.1411003011,0.13365623847380956,0.1715567968159956
35810,Fully Paid,19825,19825,20.89,745.79,36 months,D,D4,28.87,0,0,0,69.3,17,31,debt_consolidation,OWN,TX,NOV1988,10+ years,124000,Not Verified,19825,0,19825,0,1,0.3524944287,0.2335789655500394,0.21124155917823043
35857,Fully Paid,25000,25000,26.31,1011.4,36 months,E,E4,23.3,0,1,1,83.2,15,28,credit_card,MORTGAGE,TX,SEP1996,4 years,145000,Source Verified,25000,0,25000,0,1,0.4372372579,0.28901367919986837,0.26321838497840144
35877,Fully Paid,12000,12000,13.56,276.49,60 months,C,C1,9.49,0,0,0,7.2,4,5,debt_consolidation,RENT,AZ,MAR2005,7 years,33000,Source Verified,12000,0,12000,0,1,0.2296691714,0.17361335468986214,0.1715567968159956
35896,Fully Paid,10000,10000,6.46,306.31,36 months,A,A1,15.83,0,1,0,41.7,9,21,debt_consolidation,MORTGAGE,VA,AUG1999,4 years,125000,Not Verified,10000,0,10000,0,1,0.0436386547,0.08662277747418837,0.09318522201240317
35902,Fully Paid,30000,30000,19.92,1113.69,36 months,D,D3,33.47,0,1,0,34.4,38,58,credit_card,MORTGAGE,LA,DEC2003,6 years,95000,Not Verified,30000,0,30000,0,1,0.3943145974,0.25298608060800903,0.21124155917823043
35968,Fully Paid,8000,8000,12.98,269.48,36 months,B,B5,5.25,1,0,0,40.9,7,17,debt_consolidation,MORTGAGE,MA,SEP1994,10+ years,67000,Source Verified,8000,0,8000,0,1,0.1024480118,0.11229264907981724,0.12551628685844768
35973,Fully Paid,20000,20000,11.8,442.88,60 months,B,B4,13.39,1,0,0,46.5,20,33,credit_card,RENT,NY,NOV1996,10+ years,100000,Not Verified,20000,0,20000,0,1,0.1588960922,0.13559557915763168,0.12551628685844768
35986,Fully Paid,12000,12000,11.31,394.63,36 months,B,B3,7.42,0,2,0,88.8,4,8,debt_consolidation,RENT,OK,OCT2008,10+ years,55000,Source Verified,12000,0,12000,0,1,0.134751748,0.12562829664456177,0.12551628685844768
35987,Fully Paid,2500,2500,17.97,90.35,36 months,D,D1,13.58,0,2,1,3.5,9,33,credit_card,RENT,HI,JAN2008,10+ years,35000,Not Verified,2500,0,2500,0,1,0.2274457976,0.1755487555571446,0.21124155917823043
36138,Fully Paid,3200,3200,8.81,101.48,36 months,A,A5,15.12,0,1,0,26.5,8,19,debt_consolidation,MORTGAGE,NJ,OCT2000,4 years,70000,Source Verified,3200,0,3200,0,1,0.0521531973,0.08986612555417163,0.09318522201240317
36172,Fully Paid,15000,15000,23.4,583.78,36 months,E,E1,1.34,0,0,0,19.2,6,11,house,MORTGAGE,MI,MAY2010,n/a,35880,Source Verified,15000,0,15000,0,1,0.3643415466,0.25249996120981594,0.26321838497840144
36185,Fully Paid,40000,40000,8.81,1268.46,36 months,A,A5,17.73,0,1,0,17.6,18,18,debt_consolidation,RENT,PA,SEP2011,< 1 year,80000,Source Verified,40000,0,40000,0,1,0.1422456762,0.12418403107046405,0.09318522201240317
36205,Fully Paid,10000,10000,14.47,235.13,60 months,C,C2,15.05,0,1,0,24,18,32,debt_consolidation,MORTGAGE,MI,JUN2004,3 years,70000,Verified,10000,0,10000,0,1,0.1868164209,0.15428068931763592,0.1715567968159956
36269,Fully Paid,24000,24000,11.8,531.45,60 months,B,B4,10.86,0,0,0,18,12,43,car,MORTGAGE,MO,MAY2000,3 years,42000,Not Verified,24000,0,24000,0,1,0.0855698646,0.10532500232801273,0.12551628685844768
36376,Fully Paid,10000,10000,12.98,227.43,60 months,B,B5,8.31,0,1,0,56.2,12,18,credit_card,MORTGAGE,CO,APR2005,10+ years,52000,Verified,10000,0,10000,0,1,0.1037373393,0.11282491002415758,0.12551628685844768
36406,Fully Paid,10000,10000,11.8,331.19,36 months,B,B4,14.45,6,0,0,28.8,19,26,debt_consolidation,RENT,PA,NOV2007,3 years,32240,Not Verified,10000,0,10000,0,1,0.1907064962,0.14872756903055973,0.12551628685844768
36425,Fully Paid,7500,7500,16.91,267.06,36 months,C,C5,13.3,3,2,0,57.6,9,22,moving,MORTGAGE,AZ,DEC2006,< 1 year,61800,Verified,7500,0,7500,0,1,0.1914496517,0.15637093322505305,0.1715567968159956
36583,Fully Paid,40000,40000,10.72,864.13,60 months,B,B2,0,0,0,0,0,4,13,home_improvement,OWN,DE,JAN2007,2 years,120000,Source Verified,40000,0,40000,0,1,0.1450779229,0.12989115429996542,0.12551628685844768
36793,Fully Paid,35000,35000,10.72,1141.22,36 months,B,B2,18.09,0,0,0,23.8,10,14,credit_card,RENT,ND,JUL2003,2 years,65000,Source Verified,35000,0,35000,0,1,0.2129311962,0.1579023828848215,0.12551628685844768
36812,Fully Paid,20000,20000,10.33,648.45,36 months,B,B1,24.63,0,2,0,37.2,21,26,debt_consolidation,MORTGAGE,FL,FEB2006,10+ years,95000,Not Verified,20000,0,20000,0,1,0.1425903913,0.1288642500273951,0.12551628685844768
36816,Fully Paid,6000,6000,24.37,236.57,36 months,E,E2,27.06,0,0,0,37,8,16,house,RENT,OH,APR2014,5 years,60000,Not Verified,6000,0,6000,0,1,0.3804590096,0.2605732550730875,0.26321838497840144
36867,Fully Paid,20000,20000,24.37,579.67,60 months,E,E2,18.27,0,0,0,54.5,11,23,debt_consolidation,MORTGAGE,TX,MAY1997,9 years,135000,Source Verified,20000,0,20000,0,1,0.387680533,0.26419054152497456,0.26321838497840144
36982,Fully Paid,10400,10400,12.98,236.53,60 months,B,B5,12.3,1,1,0,32.2,12,23,debt_consolidation,MORTGAGE,UT,AUG2007,10+ years,40000,Verified,10400,0,10400,0,1,0.1147512655,0.11737168557971409,0.12551628685844768
37039,Fully Paid,20000,20000,15.02,476.01,60 months,C,C3,17.95,0,3,1,24.9,13,32,debt_consolidation,MORTGAGE,NV,DEC1998,4 years,50000,Source Verified,20000,0,20000,0,1,0.2137492139,0.1664311970104487,0.1715567968159956
37086,Fully Paid,6300,6300,6.46,192.98,36 months,A,A1,22.4,0,0,0,47.8,10,11,credit_card,MORTGAGE,FL,AUG2014,4 years,27814,Not Verified,6300,0,6300,0,1,0.0507708333,0.08933955732427774,0.09318522201240317
37094,Fully Paid,8000,8000,16.14,281.81,36 months,C,C4,16.19,1,0,0,58.3,8,16,debt_consolidation,MORTGAGE,OK,AUG1999,1 year,84000,Source Verified,8000,0,8000,0,1,0.2071217236,0.1634412593580785,0.1715567968159956
37179,Fully Paid,4800,4800,11.31,157.86,36 months,B,B3,10.05,0,1,0,32.8,12,12,credit_card,RENT,WA,SEP2012,2 years,40000,Source Verified,4800,0,4800,0,1,0.1476295665,0.1309445253264548,0.12551628685844768
37257,Fully Paid,10000,10000,7.02,308.87,36 months,A,A2,3.67,0,0,0,24.2,4,18,house,OWN,FL,SEP1996,3 years,50000,Not Verified,10000,0,10000,0,1,0.0345416657,0.08315756469731193,0.09318522201240317
37334,Fully Paid,32000,32000,15.02,1109.61,36 months,C,C3,23.46,0,3,0,25.3,11,35,debt_consolidation,RENT,IN,MAR2007,9 years,60000,Source Verified,32000,0,32000,0,1,0.3204256074,0.2145573731505643,0.1715567968159956
37405,Fully Paid,20000,20000,14.47,470.26,60 months,C,C2,7.32,0,0,1,13.2,12,16,home_improvement,MORTGAGE,GA,MAY2010,< 1 year,110000,Not Verified,20000,0,20000,0,1,0.1851511798,0.15352942951342852,0.1715567968159956
37436,Fully Paid,12500,12500,15.02,433.44,36 months,C,C3,16.09,0,0,0,99.1,8,25,car,MORTGAGE,MD,OCT2001,10+ years,150000,Source Verified,12500,0,12500,0,1,0.1575175246,0.141062733612705,0.1715567968159956
37468,Fully Paid,34000,34000,6.46,1041.45,36 months,A,A1,15.95,0,0,0,18.7,5,35,home_improvement,MORTGAGE,TX,SEP1998,3 years,204000,Verified,34000,0,34000,0,1,0.055834347,0.09126834413155309,0.09318522201240317
37552,Fully Paid,20800,20800,11.8,460.59,60 months,B,B4,8.58,0,0,0,36.2,11,23,debt_consolidation,MORTGAGE,MI,OCT2001,10+ years,100000,Source Verified,20800,0,20800,0,1,0.1178179635,0.11863768166952572,0.12551628685844768
37712,Fully Paid,24000,24000,11.31,789.26,36 months,B,B3,10.41,0,4,0,33,17,34,credit_card,MORTGAGE,CT,DEC1999,8 years,175000,Verified,24000,0,24000,0,1,0.1198318661,0.11946906213700624,0.12551628685844768
37740,Fully Paid,7500,7500,13.56,254.74,36 months,C,C1,14.68,0,1,1,22.9,11,25,debt_consolidation,RENT,CO,NOV1999,1 year,35000,Not Verified,7500,0,7500,0,1,0.2037895863,0.16193799306493326,0.1715567968159956
37782,Fully Paid,2800,2800,8.81,88.8,36 months,A,A5,25.55,1,1,0,2.2,15,34,home_improvement,MORTGAGE,FL,AUG2007,1 year,52000,Source Verified,2800,0,2800,0,1,0.0704482063,0.09683503570014075,0.09318522201240317
37804,Fully Paid,20000,20000,11.8,442.88,60 months,B,B4,18.86,0,0,0,32.9,18,24,debt_consolidation,MORTGAGE,NJ,MAR2000,10+ years,115000,Not Verified,20000,0,20000,0,1,0.1328458604,0.12484150699353629,0.12551628685844768
37814,Fully Paid,30000,30000,14.47,705.38,60 months,C,C2,15.63,0,2,0,11.1,27,40,debt_consolidation,MORTGAGE,WI,MAR2010,3 years,72000,Source Verified,30000,0,30000,0,1,0.2673415574,0.19060894129313835,0.1715567968159956
37963,Fully Paid,8000,8000,10.33,259.38,36 months,B,B1,1.11,0,0,0,29.4,5,9,debt_consolidation,MORTGAGE,IL,DEC1993,n/a,85500,Not Verified,8000,0,8000,0,1,0.1148507603,0.11741275908214456,0.12551628685844768
37997,Fully Paid,11200,11200,7.02,345.93,36 months,A,A2,18.58,0,0,0,5,8,25,credit_card,MORTGAGE,TX,MAY2005,8 years,65000,Not Verified,11200,0,11200,0,1,0.0463032952,0.08763778873850697,0.09318522201240317
38012,Fully Paid,5500,5500,10.72,179.34,36 months,B,B2,16.91,0,0,0,84.5,14,21,other,RENT,NY,APR1996,10+ years,58900,Not Verified,5500,0,5500,0,1,0.1245488355,0.12141632424633723,0.12551628685844768
38019,Charged Off,10000,10000,8.81,317.12,36 months,A,A5,20.53,0,1,1,53.3,7,19,debt_consolidation,MORTGAGE,AZ,APR2011,n/a,56000,Verified,10000,0,0,1,1,0.0860934275,0.10279459225223708,0.09318522201240317
38305,Fully Paid,9000,9000,15.02,312.08,36 months,C,C3,15.26,2,0,0,53,8,29,credit_card,MORTGAGE,NJ,APR2008,3 years,70000,Source Verified,9000,0,9000,0,1,0.1813091,0.15179610686225378,0.1715567968159956
38326,Fully Paid,28800,28800,23.4,818.52,60 months,E,E1,11.14,0,1,0,62,11,17,credit_card,RENT,PA,OCT2000,3 years,150000,Source Verified,28800,0,28800,0,1,0.4599779684,0.30040458101401146,0.26321838497840144
38363,Fully Paid,12500,12500,27.27,383.72,60 months,E,E5,13.46,0,1,0,69.2,9,29,home_improvement,MORTGAGE,GA,OCT2005,< 1 year,70000,Source Verified,12500,0,12500,0,1,0.3617859729,0.25121986536164503,0.26321838497840144
38423,Fully Paid,10000,10000,14.47,235.13,60 months,C,C2,18.33,0,0,0,9.9,17,28,debt_consolidation,RENT,FL,DEC2006,10+ years,74260,Not Verified,10000,0,10000,0,1,0.2368864331,0.17686936285087582,0.1715567968159956
38429,Fully Paid,5000,5000,7.02,154.44,36 months,A,A2,5.45,0,1,0,3.9,9,17,debt_consolidation,RENT,MA,NOV1997,n/a,24000,Not Verified,5000,0,5000,0,1,0.080477161,0.10065525159412007,0.09318522201240317
38515,Fully Paid,10000,10000,19.92,371.23,36 months,D,D3,4.5,0,0,0,51.1,3,8,small_business,RENT,VA,JAN2006,10+ years,117000,Not Verified,10000,0,10000,0,1,0.301107985,0.2097325140337936,0.21124155917823043
38530,Fully Paid,10000,10000,15.02,346.76,36 months,C,C3,25.85,1,0,0,76.6,16,42,credit_card,MORTGAGE,OR,FEB2005,10+ years,90000,Verified,10000,0,10000,0,1,0.1923528444,0.1567784011712643,0.1715567968159956
38585,Fully Paid,20000,20000,11.8,662.38,36 months,B,B4,17.71,0,1,0,23,10,47,debt_consolidation,MORTGAGE,FL,APR2003,2 years,130000,Verified,20000,0,20000,0,1,0.1029147087,0.11248531117126778,0.12551628685844768
38589,Fully Paid,35000,35000,8.81,1109.9,36 months,A,A5,16.44,0,0,0,21.3,10,27,renewable_energy,OWN,MI,JUL2001,6 years,70000,Not Verified,35000,0,35000,0,1,0.0770128492,0.0993356306170645,0.09318522201240317
38617,Fully Paid,20000,20000,20.89,539.84,60 months,D,D4,18.14,0,0,0,80,7,22,credit_card,MORTGAGE,NJ,APR1969,5 years,70000,Not Verified,20000,0,20000,0,1,0.2482117523,0.18518542811680083,0.21124155917823043
38652,Fully Paid,11000,11000,10.72,358.67,36 months,B,B2,22.55,0,0,0,0,9,23,debt_consolidation,RENT,CT,AUG2007,6 years,48000,Source Verified,11000,0,11000,0,1,0.1682105681,0.13944078663096124,0.12551628685844768
38700,Fully Paid,9000,9000,11.31,295.98,36 months,B,B3,26.55,1,0,0,64.8,18,27,moving,MORTGAGE,NC,JAN2007,1 year,83000,Source Verified,9000,0,9000,0,1,0.1518360509,0.1326810487148855,0.12551628685844768
38711,Fully Paid,20000,20000,13.56,460.82,60 months,C,C1,23.15,0,0,0,47.2,8,21,credit_card,RENT,PA,MAR2007,8 years,65000,Not Verified,20000,0,20000,0,1,0.2477787422,0.18178333837179728,0.1715567968159956
38726,Fully Paid,8000,8000,11.8,264.96,36 months,B,B4,13.63,0,0,0,35.3,6,9,debt_consolidation,OWN,CA,NOV1993,3 years,48000,Not Verified,8000,0,8000,0,1,0.1167582712,0.1182002188648402,0.12551628685844768
38751,Fully Paid,3500,3500,12.98,117.9,36 months,B,B5,12.7,0,0,1,84.1,6,13,home_improvement,MORTGAGE,MD,JUN2003,10+ years,150000,Not Verified,3500,0,3500,0,1,0.0933736333,0.10854655875776047,0.12551628685844768
38762,Fully Paid,23000,23000,10.33,492.43,60 months,B,B1,6.3,0,1,0,14.7,8,22,home_improvement,MORTGAGE,PA,MAR2006,7 years,120000,Not Verified,23000,0,23000,0,1,0.0953749781,0.1093727551067863,0.12551628685844768
38846,Fully Paid,28350,28350,15.02,674.75,60 months,C,C3,13.28,0,1,0,7.1,15,25,credit_card,RENT,NY,JUL2007,2 years,120000,Source Verified,28350,0,28350,0,1,0.298034526,0.20445582123201292,0.1715567968159956
38854,Fully Paid,21000,21000,24.37,608.65,60 months,E,E2,9.37,0,0,0,71.4,8,18,debt_consolidation,MORTGAGE,LA,JUL2006,10+ years,269000,Verified,21000,0,21000,0,1,0.3181109581,0.22934289694774926,0.26321838497840144
38860,Fully Paid,9500,9500,6.46,291,36 months,A,A1,11.86,0,0,0,20.8,10,21,debt_consolidation,OWN,MI,DEC1994,2 years,60000,Not Verified,9500,0,9500,0,1,0.0487506735,0.08857004077871612,0.09318522201240317
39061,Fully Paid,30000,30000,13.56,691.23,60 months,C,C1,25.36,0,0,0,58.4,12,40,debt_consolidation,MORTGAGE,MI,JUN2001,10+ years,130000,Not Verified,30000,0,30000,0,1,0.1949212934,0.1579371357790377,0.1715567968159956
39067,Fully Paid,15000,15000,19.92,396.75,60 months,D,D3,33.08,0,0,0,39.1,10,27,debt_consolidation,MORTGAGE,PA,DEC1994,10+ years,60000,Source Verified,15000,0,15000,0,1,0.3285253932,0.22245586767078443,0.21124155917823043
39075,Fully Paid,19200,19200,23.4,545.68,60 months,E,E1,20.25,0,0,0,71.2,6,6,debt_consolidation,OWN,TN,JUL2007,n/a,33000,Not Verified,19200,0,19200,0,1,0.5040886775,0.3224997902340721,0.26321838497840144
39079,Fully Paid,8000,8000,7.56,249.08,36 months,A,A3,13.23,0,1,0,18.5,14,26,debt_consolidation,OWN,GA,NOV1989,< 1 year,94000,Not Verified,8000,0,8000,0,1,0.0552264427,0.09103678204573788,0.09318522201240317
39104,Fully Paid,30000,30000,10.72,978.19,36 months,B,B2,19.78,0,1,0,38.1,8,20,credit_card,OWN,UT,APR2000,10+ years,60000,Source Verified,30000,0,30000,0,1,0.1640675982,0.13773048333614468,0.12551628685844768
39127,Fully Paid,24450,24450,11.31,804.06,36 months,B,B3,13.5,0,1,1,8.9,6,12,debt_consolidation,RENT,CA,MAR2006,10+ years,65000,Source Verified,24450,0,24450,0,1,0.1768090399,0.14299041286646133,0.12551628685844768
39152,Fully Paid,15000,15000,18.94,388.62,60 months,D,D2,11.69,0,1,0,49.1,13,36,debt_consolidation,MORTGAGE,AZ,MAR1996,n/a,70000,Source Verified,15000,0,15000,0,1,0.3361277386,0.22598382072488646,0.21124155917823043
39162,Fully Paid,40000,40000,13.56,921.64,60 months,C,C1,12.26,0,0,0,36,19,37,debt_consolidation,MORTGAGE,GA,SEP1978,n/a,101000,Source Verified,40000,0,40000,0,1,0.3375060198,0.22226306049842362,0.1715567968159956
39208,Fully Paid,19000,19000,26.31,572.37,60 months,E,E4,22.09,0,2,1,52.2,10,32,debt_consolidation,MORTGAGE,AR,MAR2005,< 1 year,100000,Not Verified,19000,0,19000,0,1,0.3565844282,0.24861439334002208,0.26321838497840144
39223,Fully Paid,15000,15000,23.4,583.78,36 months,E,E1,34.32,0,0,0,45,14,23,credit_card,MORTGAGE,MO,NOV2007,10+ years,45000,Verified,15000,0,15000,0,1,0.4120131667,0.2763788432649844,0.26321838497840144
39246,Fully Paid,11200,11200,11.8,370.94,36 months,B,B4,5.28,0,0,0,29.7,5,13,debt_consolidation,RENT,KS,NOV2011,10+ years,60000,Source Verified,11200,0,11200,0,1,0.1328333819,0.12483635561175473,0.12551628685844768
39249,Fully Paid,25000,25000,7.02,772.16,36 months,A,A2,6.92,0,0,0,9.7,10,17,credit_card,MORTGAGE,NJ,AUG2000,7 years,110000,Not Verified,25000,0,25000,0,1,0.0475997063,0.08813161590569432,0.09318522201240317
39255,Fully Paid,10000,10000,16.14,352.27,36 months,C,C4,18.48,0,2,1,0.4,9,16,debt_consolidation,OWN,KY,SEP2007,6 years,45000,Source Verified,10000,0,10000,0,1,0.2436482872,0.17991991762474305,0.1715567968159956
39284,Fully Paid,28925,28925,16.14,1018.92,36 months,C,C4,19.53,0,0,0,77,11,26,credit_card,MORTGAGE,NY,JUN2002,10+ years,110000,Not Verified,28925,0,28925,0,1,0.2053111672,0.16262444175336624,0.1715567968159956
39300,Fully Paid,35000,35000,19.92,925.73,60 months,D,D3,12.7,0,2,1,61.5,16,32,debt_consolidation,RENT,MA,SEP2007,3 years,220000,Not Verified,35000,0,35000,0,1,0.3606709061,0.2373733509531449,0.21124155917823043
39337,Fully Paid,4800,4800,20.89,180.57,36 months,D,D4,27.79,1,0,0,93.3,16,27,other,RENT,VA,SEP2009,1 year,75000,Source Verified,4800,0,4800,0,1,0.3910495592,0.25147090326688876,0.21124155917823043
39415,Fully Paid,5500,5500,10.72,179.34,36 months,B,B2,12.92,1,0,0,16.7,5,20,debt_consolidation,MORTGAGE,NC,AUG2007,10+ years,72000,Not Verified,5500,0,5500,0,1,0.084020666,0.10468546124182111,0.12551628685844768
39425,Fully Paid,4800,4800,6.46,147.03,36 months,A,A1,15.28,0,1,0,18.1,9,29,vacation,MORTGAGE,CA,OCT2003,10+ years,155000,Not Verified,4800,0,4800,0,1,0.0357454725,0.08361611715947834,0.09318522201240317
39429,Fully Paid,12000,12000,7.02,370.64,36 months,A,A2,3.03,0,0,0,5.5,9,29,car,MORTGAGE,TN,NOV1976,n/a,70000,Source Verified,12000,0,12000,0,1,0.056611783,0.09156448400381233,0.09318522201240317
39432,Fully Paid,21000,21000,10.72,684.74,36 months,B,B2,20.46,0,1,1,26.9,12,19,debt_consolidation,RENT,VA,JUN2005,10+ years,46500,Source Verified,21000,0,21000,0,1,0.192536628,0.14948308512723438,0.12551628685844768
39511,Fully Paid,5000,5000,10.33,162.12,36 months,B,B1,11.38,0,0,0,8,3,4,credit_card,RENT,TX,FEB2008,< 1 year,29640,Source Verified,5000,0,5000,0,1,0.1392706757,0.1274938030616728,0.12551628685844768
39615,Fully Paid,14400,14400,27.27,442.04,60 months,E,E5,23.58,0,1,0,29.5,8,12,debt_consolidation,OWN,TX,JUN2013,10+ years,54000,Source Verified,14400,0,14400,0,1,0.4690045334,0.304926019147353,0.26321838497840144
39629,Fully Paid,8700,8700,11.8,288.14,36 months,B,B4,25.83,0,0,0,24.6,13,24,debt_consolidation,MORTGAGE,OH,NOV2000,10+ years,96000,Not Verified,8700,0,8700,0,1,0.1205073649,0.11974792195283174,0.12551628685844768
39661,Fully Paid,25000,25000,16.91,620.11,60 months,C,C5,39.13,0,0,0,46,12,29,credit_card,OWN,FL,APR2000,1 year,35000,Source Verified,25000,0,25000,0,1,0.3532040748,0.2293451086929684,0.1715567968159956
39720,Fully Paid,18000,18000,8.81,570.81,36 months,A,A5,14.46,0,0,0,27.2,17,35,debt_consolidation,OWN,UT,OCT2004,3 years,65000,Not Verified,18000,0,18000,0,1,0.0639659065,0.09436580680577762,0.09318522201240317
39829,Fully Paid,2500,2500,11.31,82.22,36 months,B,B3,2.07,0,0,0,68.5,2,6,credit_card,OWN,CO,OCT2004,7 years,40000,Not Verified,2500,0,2500,0,1,0.0794233925,0.10278761206502095,0.12551628685844768
39843,Fully Paid,10000,10000,16.91,356.08,36 months,C,C5,14.8,0,2,0,48,9,18,other,RENT,NC,JAN2005,< 1 year,85000,Verified,10000,0,10000,0,1,0.2413000274,0.17886051956065727,0.1715567968159956
39897,Fully Paid,6000,6000,10.72,195.64,36 months,B,B2,9.59,0,0,0,0,4,9,home_improvement,MORTGAGE,CA,SEP2008,2 years,110000,Source Verified,6000,0,6000,0,1,0.1035295847,0.11273914464679065,0.12551628685844768
39931,Fully Paid,8500,8500,14.47,292.46,36 months,C,C2,18.04,0,0,0,35.8,16,28,debt_consolidation,MORTGAGE,FL,OCT1995,9 years,65000,Verified,8500,0,8500,0,1,0.1923918226,0.15679598586509652,0.1715567968159956
39943,Fully Paid,10800,10800,11.8,239.15,60 months,B,B4,7.49,0,1,0,1,6,14,debt_consolidation,MORTGAGE,AZ,JUL2006,10+ years,80000,Not Verified,10800,0,10800,0,1,0.0885872349,0.10657063492741241,0.12551628685844768
39989,Fully Paid,40000,40000,11.8,885.75,60 months,B,B4,19.72,0,0,0,68,14,27,debt_consolidation,RENT,TX,MAY2002,1 year,115000,Verified,40000,0,40000,0,1,0.2212408402,0.1613327750563776,0.12551628685844768
40010,Fully Paid,40000,40000,10.33,856.4,60 months,B,B1,3.95,0,0,0,17.3,13,26,home_improvement,MORTGAGE,CA,FEB1992,10+ years,350000,Source Verified,40000,0,40000,0,1,0.1360853118,0.12617881924454205,0.12551628685844768
40036,Fully Paid,28000,28000,16.14,683,60 months,C,C4,28.57,0,0,0,74.5,8,12,debt_consolidation,MORTGAGE,FL,FEB2007,3 years,36000,Source Verified,28000,0,28000,0,1,0.2903646953,0.20099564029485864,0.1715567968159956
40042,Fully Paid,30000,30000,8.19,942.73,36 months,A,A4,32.03,2,0,0,6.3,11,26,debt_consolidation,MORTGAGE,CA,AUG1997,10+ years,89000,Source Verified,30000,0,30000,0,1,0.0989171213,0.10767937639372734,0.09318522201240317
40052,Fully Paid,20000,20000,24.37,579.67,60 months,E,E2,2.49,0,2,0,31.5,7,27,small_business,MORTGAGE,WA,JUL2002,n/a,90000,Not Verified,20000,0,20000,0,1,0.4223885284,0.2815758984058483,0.26321838497840144
40056,Fully Paid,5500,5500,7.02,169.88,36 months,A,A2,13.09,0,0,0,0.2,21,31,home_improvement,MORTGAGE,MD,AUG2003,5 years,126049,Not Verified,5500,0,5500,0,1,0.0498484471,0.0889882032173909,0.09318522201240317
40067,Fully Paid,4000,4000,11.8,132.48,36 months,B,B4,7.54,0,0,0,0,5,10,debt_consolidation,OWN,FL,FEB1998,n/a,31200,Not Verified,4000,0,4000,0,1,0.1504109186,0.1320927247523485,0.12551628685844768
40083,Fully Paid,30000,30000,23.4,852.63,60 months,E,E1,10.42,0,0,0,35.2,4,11,other,RENT,VA,SEP1994,10+ years,54000,Source Verified,30000,0,30000,0,1,0.4241364877,0.2824514573626108,0.26321838497840144
40140,Fully Paid,2000,2000,16.91,71.22,36 months,C,C5,16.35,0,1,0,95.6,6,12,vacation,MORTGAGE,OH,SEP2006,3 years,40000,Source Verified,2000,0,2000,0,1,0.1800679234,0.1512361602638286,0.1715567968159956
40148,Charged Off,6000,6000,14.47,206.44,36 months,C,C2,19.99,1,0,0,8.3,8,10,debt_consolidation,MORTGAGE,FL,NOV2000,n/a,17000,Not Verified,6000,0,0,1,1,0.266903182,0.19041117184271264,0.1715567968159956
40213,Fully Paid,5200,5200,10.33,168.6,36 months,B,B1,28.65,0,0,0,72.8,10,14,debt_consolidation,RENT,ME,OCT2009,< 1 year,73500,Not Verified,5200,0,5200,0,1,0.1615379957,0.1366862113296485,0.12551628685844768
40216,Fully Paid,4000,4000,13.56,135.86,36 months,C,C1,0.46,1,1,0,0.8,8,20,major_purchase,RENT,KY,AUG1989,2 years,75000,Not Verified,4000,0,4000,0,1,0.1640915397,0.1440285463691175,0.1715567968159956
40266,Fully Paid,40000,40000,10.33,1296.9,36 months,B,B1,9.7,0,0,0,78.2,5,19,debt_consolidation,MORTGAGE,CA,DEC2002,10+ years,180000,Not Verified,40000,0,40000,0,1,0.1086963821,0.114872105018255,0.12551628685844768
40351,Fully Paid,24000,24000,16.14,585.43,60 months,C,C4,27.8,0,1,0,25.7,13,25,debt_consolidation,RENT,CA,AUG2002,< 1 year,55000,Not Verified,24000,0,24000,0,1,0.3183076038,0.2136018532742854,0.1715567968159956
40540,Fully Paid,1000,1000,23.4,38.92,36 months,E,E1,18.53,0,0,0,32,39,45,other,MORTGAGE,MN,AUG2010,3 years,140000,Source Verified,1000,0,1000,0,1,0.3946218777,0.2676674854813133,0.26321838497840144
40558,Fully Paid,10000,10000,13.56,339.65,36 months,C,C1,8.83,5,0,0,65.9,8,22,home_improvement,MORTGAGE,CA,JUN1993,8 years,135000,Not Verified,10000,0,10000,0,1,0.1710490917,0.14716738863843373,0.1715567968159956
40606,Fully Paid,9000,9000,8.19,282.82,36 months,A,A4,33.87,0,1,0,67.5,8,22,home_improvement,MORTGAGE,NC,SEP2001,n/a,61500,Verified,9000,0,9000,0,1,0.1064481137,0.11054807185846181,0.09318522201240317
40664,Fully Paid,12000,12000,11.31,394.63,36 months,B,B3,8.12,0,0,1,82,5,8,debt_consolidation,RENT,AZ,OCT2006,10+ years,99000,Not Verified,12000,0,12000,0,1,0.119366486,0.11927694364771378,0.12551628685844768
40714,Fully Paid,7500,7500,20.89,282.14,36 months,D,D4,11.17,1,0,0,104.4,6,9,other,MORTGAGE,MA,JUL2003,7 years,45000,Verified,7500,0,7500,0,1,0.2276524552,0.17564465731807663,0.21124155917823043
40732,Fully Paid,15000,15000,26.31,451.87,60 months,E,E4,31.34,0,0,0,52.6,11,39,debt_consolidation,RENT,CA,JAN2006,10+ years,30000,Not Verified,15000,0,15000,0,1,0.4438236392,0.2923128207415897,0.26321838497840144
40769,Fully Paid,21000,21000,25.34,620.58,60 months,E,E3,22.66,0,1,0,47.3,27,45,medical,MORTGAGE,CA,DEC2001,< 1 year,140000,Source Verified,21000,0,21000,0,1,0.4688838789,0.3048655828842497,0.26321838497840144
40786,Fully Paid,25000,25000,7.02,772.16,36 months,A,A2,18.49,0,0,0,74,8,30,credit_card,MORTGAGE,WA,SEP2006,8 years,120000,Source Verified,25000,0,25000,0,1,0.0590849551,0.09250656138351834,0.09318522201240317
40829,Fully Paid,13500,13500,10.33,437.71,36 months,B,B1,24.7,0,0,0,14.5,20,27,debt_consolidation,RENT,OH,APR2008,4 years,39500,Source Verified,13500,0,13500,0,1,0.2060079532,0.1550443255975321,0.12551628685844768
40967,Fully Paid,10000,10000,16.91,356.08,36 months,C,C5,22.64,0,3,0,83.9,19,73,debt_consolidation,RENT,CA,AUG2000,< 1 year,120000,Not Verified,10000,0,10000,0,1,0.2042587133,0.16214963584637096,0.1715567968159956
41015,Fully Paid,10000,10000,15.02,238.01,60 months,C,C3,9.63,0,0,0,37.1,13,15,debt_consolidation,RENT,CA,JAN2014,5 years,50000,Source Verified,10000,0,10000,0,1,0.2516533456,0.1835313337771865,0.1715567968159956
41097,Fully Paid,7000,7000,7.56,217.94,36 months,A,A3,10.35,0,1,0,38.1,7,11,credit_card,MORTGAGE,PA,APR2007,10+ years,70000,Source Verified,7000,0,7000,0,1,0.0478032851,0.08820916286753644,0.09318522201240317
41105,Fully Paid,17000,17000,8.19,346.25,60 months,A,A4,10.15,0,0,0,12.9,30,48,debt_consolidation,MORTGAGE,SD,JUL2009,6 years,55000,Source Verified,17000,0,17000,0,1,0.0646298832,0.09461872791455199,0.09318522201240317
41106,Fully Paid,3000,3000,10.72,97.82,36 months,B,B2,25.98,0,1,0,30.3,15,46,credit_card,MORTGAGE,KY,SEP1993,10+ years,65000,Not Verified,3000,0,3000,0,1,0.0915249051,0.10778336568419257,0.12551628685844768
41136,Fully Paid,25050,25050,11.31,823.79,36 months,B,B3,15.78,0,0,0,49.2,16,23,debt_consolidation,MORTGAGE,NY,DEC1999,< 1 year,119000,Not Verified,25050,0,25050,0,1,0.132405861,0.12465986617989261,0.12551628685844768
41282,Fully Paid,10000,10000,17.97,361.38,36 months,D,D1,11.65,1,0,0,80.5,13,32,debt_consolidation,MORTGAGE,CA,MAY2001,10+ years,165000,Not Verified,10000,0,10000,0,1,0.1981278249,0.1619434237963641,0.21124155917823043
41290,Fully Paid,16000,16000,27.27,491.16,60 months,E,E5,25.93,0,2,0,60.2,8,25,credit_card,MORTGAGE,KS,AUG2008,6 years,68000,Verified,16000,0,16000,0,1,0.3830076676,0.2618498868228224,0.26321838497840144
41295,Fully Paid,40000,40000,16.14,975.71,60 months,C,C4,19.27,0,1,0,35.9,14,34,debt_consolidation,MORTGAGE,SC,SEP1999,10+ years,80000,Verified,40000,0,40000,0,1,0.251822945,0.18360784714935688,0.1715567968159956
41413,Fully Paid,4200,4200,7.56,130.77,36 months,A,A3,8.86,0,0,0,3.5,17,18,debt_consolidation,RENT,CA,JUN2012,3 years,50000,Not Verified,4200,0,4200,0,1,0.0649852541,0.09475409531833912,0.09318522201240317
41425,Fully Paid,30000,30000,16.14,731.78,60 months,C,C4,50.77,0,0,0,64.2,7,11,debt_consolidation,MORTGAGE,NJ,APR2005,10+ years,42781,Verified,30000,0,30000,0,1,0.3574594233,0.23126487411368987,0.1715567968159956
41453,Fully Paid,5400,5400,7.02,166.79,36 months,A,A2,14.06,0,0,0,4.9,21,39,debt_consolidation,OWN,NC,AUG2006,2 years,49000,Not Verified,5400,0,5400,0,1,0.0526154228,0.09004219586803021,0.09318522201240317
41498,Fully Paid,5000,5000,8.19,157.13,36 months,A,A4,20.99,0,1,0,38,11,27,other,MORTGAGE,NC,AUG2002,10+ years,75000,Source Verified,5000,0,5000,0,1,0.05191329,0.08977474038912131,0.09318522201240317
41514,Fully Paid,3000,3000,15.02,104.03,36 months,C,C3,15.73,1,0,0,69.7,6,11,debt_consolidation,OWN,AK,NOV1992,6 years,46000,Source Verified,3000,0,3000,0,1,0.2082616938,0.16395554752286992,0.1715567968159956
41635,Fully Paid,25000,25000,18.94,647.69,60 months,D,D2,37.76,0,0,0,36.2,11,22,debt_consolidation,MORTGAGE,KS,OCT2007,10+ years,60000,Verified,25000,0,25000,0,1,0.363362036,0.23862219975573815,0.21124155917823043
41715,Fully Paid,20000,20000,8.46,409.95,60 months,A,A5,22.13,1,0,0,41.2,11,19,credit_card,MORTGAGE,ND,JUN1999,6 years,75000,Not Verified,20000,0,20000,0,1,0.0629886742,0.09399356079647318,0.09318522201240317
41716,Fully Paid,26000,26000,8.19,817.03,36 months,A,A4,7.21,0,1,0,62.3,8,17,credit_card,OWN,TX,APR2005,10+ years,93000,Not Verified,26000,0,26000,0,1,0.0551976269,0.09102580557007807,0.09318522201240317
41861,Fully Paid,35000,35000,13.56,806.43,60 months,C,C1,8.25,0,2,0,40.3,20,41,debt_consolidation,MORTGAGE,IL,AUG2003,< 1 year,145000,Not Verified,35000,0,35000,0,1,0.1900557634,0.15574209200119365,0.1715567968159956
41862,Fully Paid,12000,12000,15.02,416.11,36 months,C,C3,28.33,0,0,0,23.4,22,68,medical,MORTGAGE,NY,NOV1999,10+ years,110000,Not Verified,12000,0,12000,0,1,0.1830694248,0.15259026289442798,0.1715567968159956
41887,Fully Paid,16525,16525,23.4,643.13,36 months,E,E1,39.14,0,0,0,68.3,19,47,credit_card,MORTGAGE,MA,JUL2007,6 years,97500,Source Verified,16525,0,16525,0,1,0.4262250394,0.28349762024958225,0.26321838497840144
41894,Fully Paid,10000,10000,10.72,216.04,60 months,B,B2,8.74,0,0,0,33.4,8,20,other,MORTGAGE,MI,OCT2006,6 years,175000,Verified,10000,0,10000,0,1,0.0855024562,0.10529717475228781,0.12551628685844768
42015,Fully Paid,23500,23500,13.56,541.46,60 months,C,C1,10.97,0,0,0,50.8,5,27,debt_consolidation,RENT,MI,MAY2000,10+ years,62600,Not Verified,23500,0,23500,0,1,0.1920881994,0.15665900875962824,0.1715567968159956
42058,Fully Paid,20000,20000,11.31,657.72,36 months,B,B3,11.35,1,1,0,13.3,5,22,home_improvement,OWN,NY,MAR2002,10+ years,58000,Source Verified,20000,0,20000,0,1,0.1379488992,0.1269481465018795,0.12551628685844768
42153,Fully Paid,10000,10000,11.8,331.19,36 months,B,B4,16.41,0,0,1,22.4,10,14,home_improvement,MORTGAGE,FL,APR2007,2 years,52000,Source Verified,10000,0,10000,0,1,0.1328983528,0.12486317693728193,0.12551628685844768
42193,Fully Paid,2500,2500,12.98,84.22,36 months,B,B5,14.47,1,1,0,79.9,10,37,debt_consolidation,MORTGAGE,IN,OCT1977,4 years,170000,Source Verified,2500,0,2500,0,1,0.0997343357,0.11117238770043937,0.12551628685844768
42202,Fully Paid,20000,20000,6.46,612.62,36 months,A,A1,12.54,0,0,0,50.3,12,33,credit_card,MORTGAGE,IL,DEC1987,n/a,140000,Source Verified,20000,0,20000,0,1,0.0793582531,0.10022903870640217,0.09318522201240317
42337,Fully Paid,10000,10000,6.46,306.31,36 months,A,A1,4.94,0,0,0,37.3,7,38,credit_card,OWN,OK,NOV2007,2 years,130000,Source Verified,10000,0,10000,0,1,0.0403261185,0.08536097065392007,0.09318522201240317
42539,Fully Paid,11000,11000,7.02,339.75,36 months,A,A2,11.77,0,0,0,37.1,8,11,credit_card,MORTGAGE,OH,MAR2011,1 year,47000,Verified,11000,0,11000,0,1,0.0495519363,0.08887525672348595,0.09318522201240317
42561,Fully Paid,20000,20000,23.4,568.42,60 months,E,E1,16.23,0,0,0,80.4,7,19,credit_card,RENT,MA,JAN2008,< 1 year,61000,Not Verified,20000,0,20000,0,1,0.3895360702,0.2651199866299413,0.26321838497840144
42712,Fully Paid,8400,8400,15.02,291.28,36 months,C,C3,25.83,1,1,1,7.4,9,29,debt_consolidation,MORTGAGE,ID,NOV2006,< 1 year,46000,Source Verified,8400,0,8400,0,1,0.2187099345,0.1686691852433139,0.1715567968159956
42735,Fully Paid,22000,22000,20.89,593.82,60 months,D,D4,46.28,0,1,0,23.3,12,22,debt_consolidation,MORTGAGE,FL,FEB2007,n/a,30948,Verified,22000,0,22000,0,1,0.5411936689,0.3211469496053699,0.21124155917823043
42753,Fully Paid,11775,11775,15.02,408.3,36 months,C,C3,21.15,0,2,1,51.7,17,25,debt_consolidation,MORTGAGE,IN,JUN2003,4 years,144000,Source Verified,11775,0,11775,0,1,0.2284609212,0.1730682625655532,0.1715567968159956
42759,Fully Paid,17000,17000,13.56,391.7,60 months,C,C1,11.22,0,0,0,34.1,11,18,debt_consolidation,MORTGAGE,SC,JAN2004,10+ years,95000,Source Verified,17000,0,17000,0,1,0.1880588065,0.15484118134645147,0.1715567968159956
42805,Fully Paid,16725,16725,8.19,340.65,60 months,A,A4,16.55,0,0,0,17,18,33,debt_consolidation,RENT,CA,MAY2005,8 years,77000,Not Verified,16725,0,16725,0,1,0.0792654195,0.10019367665673459,0.09318522201240317
42933,Fully Paid,6000,6000,11.8,198.72,36 months,B,B4,14.59,1,1,0,49.3,7,36,debt_consolidation,MORTGAGE,TX,DEC2005,1 year,52000,Source Verified,6000,0,6000,0,1,0.0987677725,0.11077337050612947,0.12551628685844768
42968,Fully Paid,6600,6600,11.31,217.05,36 months,B,B3,26.81,0,1,0,34.5,9,26,debt_consolidation,OWN,NY,DEC2002,10+ years,39258,Not Verified,6600,0,6600,0,1,0.1242179529,0.12127972909487898,0.12551628685844768
43064,Fully Paid,1650,1650,8.81,52.33,36 months,A,A5,33.78,0,0,0,6.9,7,12,debt_consolidation,RENT,CA,AUG2011,4 years,39000,Not Verified,1650,0,1650,0,1,0.0866686878,0.10301371962961324,0.09318522201240317
43070,Fully Paid,16000,16000,27.27,491.16,60 months,E,E5,8.14,0,0,0,64.1,8,13,debt_consolidation,RENT,OH,SEP2005,7 years,79000,Source Verified,16000,0,16000,0,1,0.4411907817,0.29099401316637646,0.26321838497840144
43161,Fully Paid,10000,10000,7.02,308.87,36 months,A,A2,10.04,0,0,0,2.3,11,38,credit_card,OWN,IN,NOV2001,10+ years,65000,Not Verified,10000,0,10000,0,1,0.0416635563,0.08587042565632114,0.09318522201240317
43192,Fully Paid,38000,38000,19.92,1005.08,60 months,D,D3,23.45,0,1,0,16.2,22,31,major_purchase,MORTGAGE,CT,FEB2004,4 years,92000,Verified,38000,0,38000,0,1,0.3991323051,0.2552217915234833,0.21124155917823043
43201,Fully Paid,10000,10000,13.56,230.41,60 months,C,C1,30.77,0,1,0,14.5,20,35,credit_card,RENT,OH,SEP2005,1 year,50003,Not Verified,10000,0,10000,0,1,0.2756847632,0.19437290985947384,0.1715567968159956
43240,Fully Paid,16000,16000,16.14,390.29,60 months,C,C4,12.04,0,0,0,56,5,14,debt_consolidation,RENT,NY,NOV1982,5 years,64000,Not Verified,16000,0,16000,0,1,0.2200394298,0.16926897609568517,0.1715567968159956
43408,Fully Paid,1000,1000,16.91,35.61,36 months,C,C5,15.43,1,0,1,14.5,12,24,moving,RENT,MI,APR1998,n/a,20000,Not Verified,1000,0,1000,0,1,0.3091432766,0.20946744255264013,0.1715567968159956
43440,Fully Paid,16000,16000,7.56,498.15,36 months,A,A3,25.47,0,0,0,80.5,16,43,debt_consolidation,MORTGAGE,MI,NOV2003,7 years,90000,Source Verified,16000,0,16000,0,1,0.0623265248,0.09374133574034954,0.09318522201240317
43466,Fully Paid,16575,16575,14.47,570.29,36 months,C,C2,19.73,0,0,0,51.6,14,23,other,RENT,CA,JUL2005,7 years,70000,Source Verified,16575,0,16575,0,1,0.2719456807,0.19268605359171462,0.1715567968159956
43473,Fully Paid,15000,15000,7.56,467.01,36 months,A,A3,73.5,0,0,0,27.9,20,41,debt_consolidation,OWN,WA,OCT2005,n/a,24000,Source Verified,15000,0,15000,0,1,0.2582041348,0.16835477067756022,0.09318522201240317
43476,Fully Paid,11200,11200,8.46,353.35,36 months,A,A5,21.53,0,0,0,25,20,26,credit_card,RENT,NC,DEC2010,1 year,40040,Verified,11200,0,11200,0,1,0.0949475623,0.10616729733489096,0.09318522201240317
43495,Fully Paid,35000,35000,11.8,1159.17,36 months,B,B4,14.54,0,3,0,7.5,9,67,home_improvement,MORTGAGE,MA,APR1992,5 years,110000,Source Verified,35000,0,35000,0,1,0.1094967739,0.11520252323652015,0.12551628685844768
43580,Fully Paid,20000,20000,23.4,778.38,36 months,E,E1,35.77,0,1,1,23.8,14,24,debt_consolidation,MORTGAGE,GA,DEC2002,10+ years,67000,Not Verified,20000,0,20000,0,1,0.4180381228,0.27939676495083604,0.26321838497840144
43604,Fully Paid,4800,4800,7.56,149.45,36 months,A,A3,10.98,0,0,0,3,12,16,other,MORTGAGE,MI,APR1983,10+ years,54000,Not Verified,4800,0,4800,0,1,0.041161891,0.08567933198705589,0.09318522201240317
43633,Fully Paid,40000,40000,10.33,1296.9,36 months,B,B1,22.48,0,1,0,39.6,7,27,debt_consolidation,MORTGAGE,NY,JAN2007,10+ years,75000,Verified,40000,0,40000,0,1,0.1434291751,0.129210517253903,0.12551628685844768
43649,Fully Paid,1000,1000,23.4,38.92,36 months,E,E1,15.25,0,0,0,39.8,5,7,other,RENT,TN,JUL2013,1 year,45000,Not Verified,1000,0,1000,0,1,0.3417564342,0.24118699903082916,0.26321838497840144
43666,Fully Paid,15200,15200,13.56,350.22,60 months,C,C1,18.4,0,3,0,9.1,16,37,debt_consolidation,MORTGAGE,OK,DEC2004,4 years,67000,Source Verified,15200,0,15200,0,1,0.199028134,0.15978990308406452,0.1715567968159956
43755,Fully Paid,7000,7000,10.33,226.96,36 months,B,B1,16.4,0,2,0,16.2,5,30,debt_consolidation,RENT,MS,JAN2008,2 years,56000,Source Verified,7000,0,7000,0,1,0.1269449718,0.12240549865687773,0.12551628685844768
43770,Fully Paid,4500,4500,16.91,160.24,36 months,C,C5,19.23,0,0,0,82.3,11,21,medical,MORTGAGE,WA,JUL2004,10+ years,69000,Source Verified,4500,0,4500,0,1,0.2104230637,0.1649306317481474,0.1715567968159956
43807,Fully Paid,10000,10000,11.8,331.19,36 months,B,B4,25.1,0,1,0,20.6,15,21,car,RENT,MA,OCT2012,10+ years,35000,Not Verified,10000,0,10000,0,1,0.1529900127,0.13315742791055202,0.12551628685844768
43845,Fully Paid,40000,40000,11.8,885.75,60 months,B,B4,9.08,0,0,1,45.3,5,13,debt_consolidation,RENT,CA,JUL1997,< 1 year,110000,Not Verified,40000,0,40000,0,1,0.1707940554,0.14050730339259804,0.12551628685844768
43862,Fully Paid,19150,19150,10.33,410,60 months,B,B1,8.02,0,0,0,9,22,39,debt_consolidation,MORTGAGE,GA,JUN2001,10+ years,160000,Not Verified,19150,0,19150,0,1,0.1006096317,0.11153372791503754,0.12551628685844768
44015,Fully Paid,3000,3000,8.19,94.28,36 months,A,A4,9.54,1,0,0,26.6,7,19,debt_consolidation,RENT,NY,APR1999,3 years,37500,Source Verified,3000,0,3000,0,1,0.0658661059,0.0950896281976132,0.09318522201240317
44039,Fully Paid,3000,3000,8.19,94.28,36 months,A,A4,7.82,0,0,0,33.1,8,19,car,MORTGAGE,AZ,SEP1996,5 years,52000,Source Verified,3000,0,3000,0,1,0.0387153491,0.08474739854720634,0.09318522201240317
44046,Fully Paid,22000,22000,22.35,612.01,60 months,D,D5,26.13,0,0,0,57.7,16,22,debt_consolidation,MORTGAGE,CA,NOV2002,10+ years,58000,Verified,22000,0,22000,0,1,0.3600466368,0.23708365183167154,0.21124155917823043
44203,Fully Paid,7000,7000,11.8,231.84,36 months,B,B4,2.43,0,0,0,16.8,11,12,home_improvement,MORTGAGE,TX,JUN2007,10+ years,95000,Source Verified,7000,0,7000,0,1,0.1056083873,0.11359731717081821,0.12551628685844768
44212,Fully Paid,12000,12000,11.31,394.63,36 months,B,B3,28.73,0,0,0,9.2,6,7,debt_consolidation,RENT,KS,JAN2011,2 years,31000,Not Verified,12000,0,12000,0,1,0.177199049,0.14315141665476752,0.12551628685844768
44239,Fully Paid,2000,2000,15.02,69.36,36 months,C,C3,20.09,0,0,0,54,7,11,medical,RENT,TX,APR2008,3 years,51000,Not Verified,2000,0,2000,0,1,0.23353479,0.17535729667674702,0.1715567968159956
44310,Fully Paid,6000,6000,8.19,188.55,36 months,A,A4,10.52,1,0,0,23.5,11,30,debt_consolidation,MORTGAGE,IL,JUL1989,5 years,156000,Not Verified,6000,0,6000,0,1,0.0409732904,0.08560749050095026,0.09318522201240317
44338,Fully Paid,15000,15000,15.02,520.13,36 months,C,C3,17.1,0,3,0,44,14,20,home_improvement,MORTGAGE,IL,JUL2013,5 years,75000,Not Verified,15000,0,15000,0,1,0.1987892662,0.15968213984385898,0.1715567968159956
44389,Fully Paid,20000,20000,10.72,432.07,60 months,B,B2,14.93,0,0,0,0,4,17,medical,MORTGAGE,WA,NOV2007,5 years,30940,Verified,20000,0,20000,0,1,0.1171429582,0.11835902558066333,0.12551628685844768
44467,Fully Paid,1800,1800,7.84,56.28,36 months,A,A4,28.25,0,1,0,10.2,17,48,other,MORTGAGE,TX,AUG2004,5 years,70000,Verified,1800,0,1800,0,1,0.0497491262,0.08895037003415952,0.09318522201240317
44500,Fully Paid,5000,5000,8.81,158.56,36 months,A,A5,16.49,0,0,0,17.9,14,19,debt_consolidation,MORTGAGE,MI,JUN2005,10+ years,42000,Source Verified,5000,0,5000,0,1,0.0603780208,0.09299911422545105,0.09318522201240317
44530,Fully Paid,10000,10000,13.56,230.41,60 months,C,C1,10.89,0,1,1,8.2,7,21,debt_consolidation,RENT,FL,NOV2007,10+ years,40000,Source Verified,10000,0,10000,0,1,0.2130361469,0.16610950270755961,0.1715567968159956
44592,Fully Paid,6000,6000,16.91,213.65,36 months,C,C5,11.03,0,0,0,57.4,17,32,debt_consolidation,MORTGAGE,GA,JUL2005,5 years,36000,Not Verified,6000,0,6000,0,1,0.1621611459,0.14315766510860142,0.1715567968159956
44612,Fully Paid,15500,15500,12.98,522.11,36 months,B,B5,34.68,0,0,0,6.8,11,18,moving,MORTGAGE,FL,APR2009,3 years,51000,Verified,15500,0,15500,0,1,0.1708726875,0.14053976434282323,0.12551628685844768
44619,Fully Paid,7200,7200,14.47,247.73,36 months,C,C2,23.08,0,2,1,39.1,11,31,other,OWN,MO,MAY2000,10+ years,77000,Source Verified,7200,0,7200,0,1,0.2058599389,0.16287201558510542,0.1715567968159956
44643,Fully Paid,20000,20000,10.33,428.2,60 months,B,B1,4.33,0,0,0,28.1,9,21,debt_consolidation,MORTGAGE,CA,AUG1992,10+ years,95000,Source Verified,20000,0,20000,0,1,0.1014494888,0.11188043822188894,0.12551628685844768
44660,Fully Paid,25000,25000,24.37,985.69,36 months,E,E2,19.14,0,1,0,54.3,21,22,other,RENT,CA,MAY2001,< 1 year,120000,Not Verified,25000,0,25000,0,1,0.4853752713,0.3131261792981967,0.26321838497840144
44675,Fully Paid,12000,12000,16.91,297.66,60 months,C,C5,17.66,0,0,0,19.2,8,23,debt_consolidation,MORTGAGE,NC,AUG2009,10+ years,35000,Source Verified,12000,0,12000,0,1,0.2038608769,0.1619701552318398,0.1715567968159956
44838,Fully Paid,5000,5000,10.33,162.12,36 months,B,B1,16.23,0,0,0,5.4,5,20,home_improvement,MORTGAGE,OH,JUL2006,2 years,60000,Source Verified,5000,0,5000,0,1,0.1041141643,0.11298047114447111,0.12551628685844768
44858,Fully Paid,8000,8000,7.56,249.08,36 months,A,A3,24.04,1,1,0,21,16,35,debt_consolidation,MORTGAGE,MO,NOV1996,10+ years,140000,Not Verified,8000,0,8000,0,1,0.0537776853,0.0904849233314892,0.09318522201240317
44859,Fully Paid,15000,15000,7.56,467.01,36 months,A,A3,5.44,0,0,1,23.1,19,38,debt_consolidation,MORTGAGE,NJ,AUG2002,7 years,85000,Source Verified,15000,0,15000,0,1,0.0500017695,0.08904660657914734,0.09318522201240317
44951,Fully Paid,4000,4000,6.46,122.53,36 months,A,A1,6.5,0,0,0,12.7,6,23,home_improvement,MORTGAGE,NC,AUG1985,6 years,60000,Not Verified,4000,0,4000,0,1,0.033445283,0.08273993207838864,0.09318522201240317
44969,Fully Paid,20000,20000,12.98,673.69,36 months,B,B5,7.4,0,0,0,31.6,9,22,other,RENT,WI,MAY1998,3 years,72383,Source Verified,20000,0,20000,0,1,0.1529828528,0.13315447215638143,0.12551628685844768
44983,Fully Paid,12800,12800,14.47,300.97,60 months,C,C2,11.37,0,0,0,72.5,13,21,debt_consolidation,MORTGAGE,NY,OCT2005,3 years,96400,Not Verified,12800,0,12800,0,1,0.1643107009,0.14412741913907365,0.1715567968159956
44995,Fully Paid,8000,8000,7.02,247.09,36 months,A,A2,17.41,0,0,0,38.5,20,44,credit_card,MORTGAGE,OR,JUL1994,4 years,131000,Source Verified,8000,0,8000,0,1,0.0524217899,0.0899684374849978,0.09318522201240317
45020,Fully Paid,12000,12000,18.94,310.9,60 months,D,D2,2.23,0,0,0,24.5,10,13,debt_consolidation,MORTGAGE,TX,JUN2012,1 year,90000,Source Verified,12000,0,12000,0,1,0.2367996658,0.17988952227419716,0.21124155917823043
45081,Fully Paid,5000,5000,8.81,158.56,36 months,A,A5,1.09,0,1,0,5.3,6,21,debt_consolidation,MORTGAGE,FL,NOV2006,10+ years,55000,Not Verified,5000,0,5000,0,1,0.0330300536,0.08258176345553829,0.09318522201240317
45113,Fully Paid,32000,32000,15.02,761.62,60 months,C,C3,11.43,0,0,0,71.1,12,22,major_purchase,RENT,FL,APR2005,2 years,120000,Source Verified,32000,0,32000,0,1,0.2970256079,0.2040006561425449,0.1715567968159956
45116,Fully Paid,24000,24000,27.27,736.73,60 months,E,E5,2.33,8,0,0,14.6,16,41,debt_consolidation,MORTGAGE,MT,SEP2000,10+ years,50000,Source Verified,24000,0,24000,0,1,0.4204475459,0.2806036534498048,0.26321838497840144
45189,Fully Paid,10000,10000,11.8,331.19,36 months,B,B4,29.09,1,0,1,26,24,30,debt_consolidation,RENT,CT,OCT1993,10+ years,48274,Source Verified,10000,0,10000,0,1,0.2347835684,0.16692349215554483,0.12551628685844768
45241,Fully Paid,4800,4800,16.91,170.92,36 months,C,C5,6.14,0,2,0,33.7,9,64,debt_consolidation,RENT,NC,MAR2008,10+ years,76000,Not Verified,4800,0,4800,0,1,0.1338662731,0.13039266633466962,0.1715567968159956
45357,Fully Paid,7000,7000,14.47,240.85,36 months,C,C2,7.87,1,0,0,67.5,8,24,debt_consolidation,MORTGAGE,FL,JAN1999,3 years,98000,Not Verified,7000,0,7000,0,1,0.1361161506,0.13140768003457207,0.1715567968159956
45377,Fully Paid,24000,24000,26.31,722.99,60 months,E,E4,9.31,0,0,0,21.9,10,33,debt_consolidation,OWN,CO,APR1976,n/a,21648,Not Verified,24000,0,24000,0,1,0.4659459438,0.3033939608669682,0.26321838497840144
45479,Fully Paid,20000,20000,19.92,528.99,60 months,D,D3,35.23,0,1,0,55.5,31,71,debt_consolidation,MORTGAGE,CO,SEP2001,10+ years,85000,Not Verified,20000,0,20000,0,1,0.3142973713,0.2158531956432895,0.21124155917823043
45560,Fully Paid,20000,20000,7.56,622.68,36 months,A,A3,21.16,0,0,0,94,10,14,credit_card,MORTGAGE,CA,JUN2004,10+ years,85000,Source Verified,20000,0,20000,0,1,0.0670076226,0.09552445319892493,0.09318522201240317
45579,Fully Paid,20000,20000,11.31,657.72,36 months,B,B3,9.76,1,0,0,14.6,16,31,debt_consolidation,MORTGAGE,AZ,JUL1999,10+ years,45000,Verified,20000,0,20000,0,1,0.1168663039,0.11824481698821974,0.12551628685844768
45585,Fully Paid,2500,2500,7.56,77.84,36 months,A,A3,16.51,0,2,0,3.2,15,44,major_purchase,MORTGAGE,NY,MAR2005,4 years,50000,Not Verified,2500,0,2500,0,1,0.0408646546,0.08556610909857788,0.09318522201240317
45587,Fully Paid,4500,4500,6.46,137.84,36 months,A,A1,8.16,0,1,0,21.1,22,26,debt_consolidation,RENT,TX,AUG2008,3 years,54996,Source Verified,4500,0,4500,0,1,0.0738022326,0.0981126468733256,0.09318522201240317
45645,Fully Paid,15500,15500,10.72,505.4,36 months,B,B2,13.09,0,0,0,69.9,8,18,credit_card,MORTGAGE,SC,MAY2009,10+ years,80500,Not Verified,15500,0,15500,0,1,0.0927046869,0.10827040390759472,0.12551628685844768
45655,Fully Paid,5000,5000,7.56,155.67,36 months,A,A3,13.37,0,0,0,18.2,13,29,home_improvement,MORTGAGE,CA,JAN1993,6 years,63000,Not Verified,5000,0,5000,0,1,0.0433256139,0.08650353439498451,0.09318522201240317
45761,Fully Paid,17500,17500,10.72,570.61,36 months,B,B2,31.52,0,0,0,20.1,35,47,debt_consolidation,MORTGAGE,VA,MAR2003,6 years,87000,Source Verified,17500,0,17500,0,1,0.1977376266,0.15163016445839636,0.12551628685844768
45789,Fully Paid,30000,30000,20.89,1128.56,36 months,D,D4,5.98,1,0,0,73.9,9,18,major_purchase,MORTGAGE,TX,AUG2006,8 years,100000,Verified,30000,0,30000,0,1,0.2902750824,0.20470538493065396,0.21124155917823043
45897,Fully Paid,4000,4000,13.56,135.86,36 months,C,C1,31.57,0,0,0,0,7,18,home_improvement,MORTGAGE,CT,JUN1994,9 years,100000,Not Verified,4000,0,4000,0,1,0.1982287456,0.15942926559267084,0.1715567968159956
45924,Fully Paid,25000,25000,26.31,753.11,60 months,E,E4,9.15,0,0,0,99.7,4,8,debt_consolidation,RENT,TX,DEC2005,4 years,70000,Source Verified,25000,0,25000,0,1,0.4521090113,0.29646299274631843,0.26321838497840144
46036,Fully Paid,20000,20000,12.98,673.69,36 months,B,B5,16.2,0,3,0,52.5,14,47,debt_consolidation,MORTGAGE,HI,FEB2000,10+ years,125000,Source Verified,20000,0,20000,0,1,0.1185465907,0.1189384739829946,0.12551628685844768
46062,Fully Paid,17775,17775,10.33,576.31,36 months,B,B1,1.4,0,1,0,0,7,12,debt_consolidation,MORTGAGE,FL,MAR2007,2 years,85000,Source Verified,17775,0,17775,0,1,0.1005751351,0.11151948700813645,0.12551628685844768
46126,Fully Paid,4000,4000,8.19,125.7,36 months,A,A4,12.87,1,0,0,14.3,8,26,credit_card,MORTGAGE,AK,JAN2005,2 years,55000,Not Verified,4000,0,4000,0,1,0.0397828104,0.0851540144654603,0.09318522201240317
46156,Fully Paid,15000,15000,16.14,528.4,36 months,C,C4,27.82,0,0,0,51.8,27,47,debt_consolidation,MORTGAGE,TX,FEB1995,10+ years,95000,Not Verified,15000,0,15000,0,1,0.2306998405,0.17407833256379798,0.1715567968159956
46209,Fully Paid,16000,16000,14.47,550.51,36 months,C,C2,7.08,0,0,0,51.2,6,16,debt_consolidation,MORTGAGE,TX,FEB2011,4 years,125000,Not Verified,16000,0,16000,0,1,0.1465525731,0.13611598607144296,0.1715567968159956
46216,Fully Paid,25000,25000,10.33,810.56,36 months,B,B1,9.54,0,1,0,59,5,22,debt_consolidation,RENT,LA,APR2009,10+ years,96000,Source Verified,25000,0,25000,0,1,0.1429196428,0.12900017182718257,0.12551628685844768
46292,Fully Paid,2500,2500,16.14,88.07,36 months,C,C4,30.2,0,0,0,27.5,9,25,debt_consolidation,MORTGAGE,FL,OCT1997,10+ years,25000,Verified,2500,0,2500,0,1,0.2021869509,0.16121497730654258,0.1715567968159956
46294,Fully Paid,15000,15000,11.06,491.51,36 months,B,B3,35.21,0,2,0,16,21,23,debt_consolidation,MORTGAGE,CO,FEB2005,10+ years,53000,Verified,15000,0,15000,0,1,0.1827610888,0.14544754122855233,0.12551628685844768
46332,Fully Paid,22000,22000,15.02,523.61,60 months,C,C3,19.06,0,1,0,40.3,24,41,credit_card,RENT,NY,JUN2007,5 years,50000,Source Verified,22000,0,22000,0,1,0.307660397,0.2087984536368854,0.1715567968159956
46341,Fully Paid,1000,1000,24.37,39.43,36 months,E,E2,27.93,0,0,0,44.8,16,50,moving,RENT,TX,MAR2003,10+ years,99000,Verified,1000,0,1000,0,1,0.3793109329,0.25999817941901743,0.26321838497840144
46375,Fully Paid,12000,12000,7.02,370.64,36 months,A,A2,13.73,1,0,0,27.8,16,44,home_improvement,MORTGAGE,CO,JUL1982,< 1 year,95000,Not Verified,12000,0,12000,0,1,0.0466270479,0.08776111218020712,0.09318522201240317
46378,Fully Paid,7200,7200,12.98,242.53,36 months,B,B5,26.4,0,1,0,26.8,11,27,credit_card,OWN,GA,JAN2000,< 1 year,50000,Not Verified,7200,0,7200,0,1,0.1397936455,0.12770969576512436,0.12551628685844768
46384,Fully Paid,30000,30000,8.81,951.35,36 months,A,A5,10.21,0,1,0,81.4,5,8,debt_consolidation,OWN,CA,NOV2000,< 1 year,180000,Not Verified,30000,0,30000,0,1,0.0677664638,0.09581350996505493,0.09318522201240317
46392,Fully Paid,15000,15000,8.81,475.68,36 months,A,A5,14.53,0,0,0,15.4,13,32,debt_consolidation,RENT,NY,DEC1999,9 years,63000,Source Verified,15000,0,15000,0,1,0.0827363984,0.1015158372565274,0.09318522201240317
46409,Fully Paid,1900,1900,12.73,63.78,36 months,B,B5,31.64,0,0,0,50.8,8,12,debt_consolidation,RENT,FL,JUN2009,1 year,30000,Source Verified,1900,0,1900,0,1,0.2030861212,0.15383813317588296,0.12551628685844768
46440,Fully Paid,24550,24550,19.92,911.37,36 months,D,D3,29.66,0,1,0,50.3,14,31,debt_consolidation,MORTGAGE,NY,SEP2006,< 1 year,62000,Source Verified,24550,0,24550,0,1,0.3617203428,0.23786035374189632,0.21124155917823043
46441,Fully Paid,7000,7000,10.72,228.25,36 months,B,B2,18.67,0,0,0,26.3,15,25,debt_consolidation,MORTGAGE,FL,MAY2012,7 years,65000,Not Verified,7000,0,7000,0,1,0.104622063,0.11319014218746928,0.12551628685844768
46447,Fully Paid,2300,2300,7.02,71.04,36 months,A,A2,20.24,0,0,1,5.7,12,31,credit_card,MORTGAGE,AZ,SEP1983,6 years,58000,Not Verified,2300,0,2300,0,1,0.0419173145,0.08596708688751281,0.09318522201240317
46499,Fully Paid,5000,5000,19.92,185.62,36 months,D,D3,12.9,1,0,0,5.3,4,8,car,RENT,TN,APR2010,3 years,36000,Not Verified,5000,0,5000,0,1,0.2630795321,0.19208498692310366,0.21124155917823043
46556,Fully Paid,16000,16000,8.81,507.39,36 months,A,A5,18.26,0,0,0,71.3,10,12,credit_card,RENT,NY,APR2008,4 years,75000,Not Verified,16000,0,16000,0,1,0.0785437653,0.09991878511247455,0.09318522201240317
46561,Fully Paid,8000,8000,7.56,249.08,36 months,A,A3,11,0,0,0,27.6,8,11,debt_consolidation,MORTGAGE,OH,AUG2007,6 years,72000,Not Verified,8000,0,8000,0,1,0.0436066411,0.08661058289686682,0.09318522201240317
46570,Fully Paid,30000,30000,11.8,664.31,60 months,B,B4,7.77,0,0,0,22,11,17,other,RENT,CA,JAN2006,10+ years,58500,Source Verified,30000,0,30000,0,1,0.1720490736,0.14102540075133452,0.12551628685844768
46669,Fully Paid,35000,35000,20.89,944.71,60 months,D,D4,27.64,0,0,0,82.1,14,26,other,RENT,VA,SEP2006,7 years,81000,Source Verified,35000,0,35000,0,1,0.45694563,0.2820507088400716,0.21124155917823043
46680,Fully Paid,6500,6500,11.31,213.76,36 months,B,B3,59.83,0,2,1,29.5,25,35,medical,MORTGAGE,NJ,MAY2006,2 years,40000,Not Verified,6500,0,6500,0,1,0.231532653,0.1655814473292501,0.12551628685844768
46781,Fully Paid,35000,35000,22.35,973.64,60 months,D,D5,14.4,0,3,1,25.9,20,32,debt_consolidation,RENT,NJ,NOV2001,10+ years,75000,Source Verified,35000,0,35000,0,1,0.4524666868,0.2799722053638169,0.21124155917823043
46811,Fully Paid,12000,12000,8.19,244.41,60 months,A,A4,19.78,0,1,0,14.5,10,14,debt_consolidation,MORTGAGE,OH,OCT2008,10+ years,58000,Source Verified,12000,0,12000,0,1,0.065565981,0.09497530502561213,0.09318522201240317
46873,Fully Paid,40000,40000,15.02,952.02,60 months,C,C3,12.34,0,0,0,36.5,6,17,debt_consolidation,OWN,SC,JUL2005,1 year,70000,Source Verified,40000,0,40000,0,1,0.2753845417,0.19423746740293776,0.1715567968159956
46948,Fully Paid,6000,6000,8.81,190.27,36 months,A,A5,24.09,0,0,0,45.5,10,25,home_improvement,OWN,SC,SEP2006,10+ years,43000,Not Verified,6000,0,6000,0,1,0.0625333593,0.0938201228590433,0.09318522201240317
46973,Fully Paid,15000,15000,7.56,467.01,36 months,A,A3,20.28,0,0,0,40.7,11,31,debt_consolidation,MORTGAGE,IL,DEC2004,10+ years,70000,Not Verified,15000,0,15000,0,1,0.048872257,0.0886163542015044,0.09318522201240317
46980,Fully Paid,20000,20000,12.98,673.69,36 months,B,B5,5.34,1,1,0,22.6,15,29,credit_card,MORTGAGE,NY,MAR1994,< 1 year,140000,Source Verified,20000,0,20000,0,1,0.1270798129,0.12246116383986802,0.12551628685844768
46996,Fully Paid,20000,20000,18.94,732.52,36 months,D,D2,0,0,1,0,0,2,2,other,RENT,OH,OCT2013,2 years,31000,Verified,20000,0,20000,0,1,0.2689903104,0.19482794942459755,0.21124155917823043
47009,Fully Paid,4700,4700,16.91,167.36,36 months,C,C5,37.73,1,0,0,85.5,10,22,credit_card,MORTGAGE,TX,MAR2008,1 year,55000,Source Verified,4700,0,4700,0,1,0.2661184491,0.19005714605941368,0.1715567968159956
47015,Fully Paid,1500,1500,11.8,49.68,36 months,B,B4,19.57,0,1,0,37.3,4,13,house,MORTGAGE,AZ,NOV2011,7 years,45000,Not Verified,1500,0,1500,0,1,0.0801347372,0.10308126980657496,0.12551628685844768
47034,Fully Paid,10000,10000,8.19,314.25,36 months,A,A4,20,0,0,0,46.1,14,20,credit_card,RENT,CA,NOV1990,n/a,50000,Not Verified,10000,0,10000,0,1,0.1156460721,0.11405174576296559,0.09318522201240317
47035,Fully Paid,6800,6800,7.02,210.03,36 months,A,A2,7.78,0,1,0,10.7,11,22,credit_card,MORTGAGE,CA,FEB1999,n/a,89000,Verified,6800,0,6800,0,1,0.0656517331,0.09500796959985357,0.09318522201240317
47100,Fully Paid,4250,4250,8.81,134.78,36 months,A,A5,31.72,0,0,0,29.5,11,24,major_purchase,MORTGAGE,NC,SEP2001,10+ years,60000,Source Verified,4250,0,4250,0,1,0.0718245961,0.09735932824583059,0.09318522201240317
47120,Fully Paid,25000,25000,16.14,609.82,60 months,C,C4,15.48,1,1,0,6.3,6,11,house,MORTGAGE,VA,JAN2005,< 1 year,30000,Not Verified,25000,0,25000,0,1,0.1911946872,0.1562559080912452,0.1715567968159956
47146,Fully Paid,10000,10000,12.98,336.85,36 months,B,B5,15.16,7,0,0,72.8,9,21,credit_card,MORTGAGE,MI,MAY2003,n/a,60000,Not Verified,10000,0,10000,0,1,0.1927143271,0.14955644297523998,0.12551628685844768
47286,Fully Paid,8000,8000,20.89,300.95,36 months,D,D4,10.28,2,1,0,18.7,6,10,major_purchase,RENT,TX,JAN2014,2 years,92000,Source Verified,8000,0,8000,0,1,0.3507569864,0.23277268609993565,0.21124155917823043
47317,Fully Paid,10000,10000,12.98,336.85,36 months,B,B5,11.09,0,1,0,39.9,9,13,debt_consolidation,MORTGAGE,NJ,OCT2000,10+ years,90000,Source Verified,10000,0,10000,0,1,0.1189800201,0.11911740256533608,0.12551628685844768
47334,Fully Paid,4000,4000,11.8,132.48,36 months,B,B4,19.57,0,3,0,12.4,17,72,debt_consolidation,RENT,MN,MAR2003,10+ years,85000,Source Verified,4000,0,4000,0,1,0.119289521,0.11924517091070076,0.12551628685844768
47358,Fully Paid,3500,3500,15.02,121.37,36 months,C,C3,6.84,0,1,0,11.6,7,23,debt_consolidation,RENT,PA,JAN2004,10+ years,37000,Source Verified,3500,0,3500,0,1,0.1946466112,0.1578132151673069,0.1715567968159956
47510,Fully Paid,20000,20000,14.47,688.13,36 months,C,C2,10.07,0,0,0,19.4,11,18,house,RENT,NY,APR2009,10+ years,64000,Not Verified,20000,0,20000,0,1,0.1981279001,0.15938376997609907,0.1715567968159956
47521,Fully Paid,3500,3500,17.97,126.49,36 months,D,D1,12.31,2,0,0,24.3,6,6,debt_consolidation,RENT,CA,FEB2011,1 year,50000,Source Verified,3500,0,3500,0,1,0.3266517698,0.22158639186450665,0.21124155917823043
47537,Fully Paid,10000,10000,13.56,339.65,36 months,C,C1,0.81,1,2,0,0.2,17,58,credit_card,OWN,NY,JUN2002,n/a,62000,Source Verified,10000,0,10000,0,1,0.216761616,0.16779021740205438,0.1715567968159956
47565,Fully Paid,26000,26000,19.92,687.69,60 months,D,D3,17.39,0,0,0,79.8,10,34,credit_card,OWN,WI,DEC1998,2 years,73000,Not Verified,26000,0,26000,0,1,0.2741785452,0.19723560756757783,0.21124155917823043
47574,Fully Paid,25000,25000,14.47,587.82,60 months,C,C2,12.44,0,0,0,32,13,43,other,MORTGAGE,GA,MAY2004,10+ years,110000,Source Verified,25000,0,25000,0,1,0.1738672584,0.14843878132941749,0.1715567968159956
47640,Fully Paid,17625,17625,30.94,757.32,36 months,G,G4,30.14,0,0,0,66.2,12,22,debt_consolidation,OWN,MS,AUG1989,10+ years,42000,Not Verified,17625,0,17625,0,1,0.5305048011,0.36095322747766123,0.3430527655067617
47682,Fully Paid,15000,15000,8.81,475.68,36 months,A,A5,25.6,0,0,0,67.5,8,12,debt_consolidation,MORTGAGE,NE,JAN2007,4 years,56450,Source Verified,15000,0,15000,0,1,0.0743521306,0.09832211327760275,0.09318522201240317
47690,Fully Paid,12000,12000,19.92,317.4,60 months,D,D3,18.4,0,0,0,59.4,7,17,credit_card,MORTGAGE,FL,MAY2007,7 years,100000,Source Verified,12000,0,12000,0,1,0.2655557967,0.19323412509016652,0.21124155917823043
47708,Fully Paid,9000,9000,13.56,305.68,36 months,C,C1,10.66,0,0,1,1.6,14,43,debt_consolidation,MORTGAGE,NV,FEB2008,9 years,60000,Source Verified,9000,0,9000,0,1,0.1573992873,0.14100939182883476,0.1715567968159956
47736,Fully Paid,18000,18000,17.97,456.79,60 months,D,D1,5.43,0,4,1,66,8,14,debt_consolidation,OWN,CT,JAN2006,10+ years,125000,Source Verified,18000,0,18000,0,1,0.2627971752,0.1919539560589046,0.21124155917823043
47820,Fully Paid,4800,4800,16.91,170.92,36 months,C,C5,22.66,0,0,0,63.7,19,25,house,MORTGAGE,FL,FEB2000,4 years,84466,Source Verified,4800,0,4800,0,1,0.2092483069,0.16440064989533384,0.1715567968159956
47892,Fully Paid,28000,28000,16.14,986.34,36 months,C,C4,9.85,0,0,0,100.7,5,19,debt_consolidation,MORTGAGE,ND,SEP2003,10+ years,90000,Verified,28000,0,28000,0,1,0.1828967218,0.1525123493586847,0.1715567968159956
47938,Fully Paid,7500,7500,12.98,252.64,36 months,B,B5,16.3,2,0,0,63.6,19,29,credit_card,MORTGAGE,TX,DEC1998,2 years,75000,Source Verified,7500,0,7500,0,1,0.1386130571,0.12722232456063112,0.12551628685844768
47954,Fully Paid,2500,2500,7.02,77.22,36 months,A,A2,6.96,0,1,0,3.6,11,26,debt_consolidation,OWN,MO,SEP1992,3 years,35000,Not Verified,2500,0,2500,0,1,0.0424777092,0.08618055168059258,0.09318522201240317
47979,Fully Paid,13100,13100,10.33,424.74,36 months,B,B1,15.38,0,0,0,27,20,32,debt_consolidation,MORTGAGE,NJ,AUG2004,10+ years,105000,Source Verified,13100,0,13100,0,1,0.1253504428,0.12174724424803432,0.12551628685844768
47993,Fully Paid,5000,5000,18.94,183.13,36 months,D,D2,16.49,8,0,0,34.1,7,22,other,RENT,CA,FEB1999,< 1 year,100000,Verified,5000,0,5000,0,1,0.3514247033,0.23308254756408728,0.21124155917823043
47994,Fully Paid,20000,20000,11.31,657.72,36 months,B,B3,15.18,1,1,0,37.1,23,55,debt_consolidation,MORTGAGE,NC,MAR1996,1 year,72000,Source Verified,20000,0,20000,0,1,0.1315222171,0.12429507978025824,0.12551628685844768
47995,Fully Paid,15975,15975,8.81,506.59,36 months,A,A5,28.49,0,1,0,20.8,27,45,home_improvement,MORTGAGE,CA,JAN2003,8 years,115000,Not Verified,15975,0,15975,0,1,0.0799290815,0.10044647789040953,0.09318522201240317
48036,Fully Paid,20000,20000,13.56,679.29,36 months,C,C1,45.98,0,0,0,36.7,15,27,debt_consolidation,MORTGAGE,MD,APR2006,10+ years,83000,Verified,20000,0,20000,0,1,0.293586546,0.20244915169694175,0.1715567968159956
48068,Fully Paid,15000,15000,18.94,388.62,60 months,D,D2,23.31,0,0,1,14.5,7,30,debt_consolidation,MORTGAGE,NM,JUN2007,n/a,33360,Verified,15000,0,15000,0,1,0.3550328064,0.23475692799294282,0.21124155917823043
48072,Fully Paid,4000,4000,6.67,122.91,36 months,A,A2,15.16,0,1,0,18.3,8,11,major_purchase,RENT,FL,JAN1992,3 years,90000,Not Verified,4000,0,4000,0,1,0.0636933412,0.09426198159942713,0.09318522201240317
48081,Fully Paid,4000,4000,6.46,122.53,36 months,A,A1,13.18,0,0,1,19.7,15,30,debt_consolidation,RENT,FL,JUL2000,2 years,63200,Source Verified,4000,0,4000,0,1,0.0661051463,0.09518068314428507,0.09318522201240317
48096,Fully Paid,20000,20000,20.89,752.38,36 months,D,D4,19.61,2,0,0,59.7,13,28,home_improvement,OWN,AZ,MAR1998,n/a,96000,Not Verified,20000,0,20000,0,1,0.4513106357,0.279435726975326,0.21124155917823043
48116,Fully Paid,35000,35000,17.97,888.2,60 months,D,D1,46.89,1,0,0,92.4,15,24,credit_card,MORTGAGE,WA,OCT1996,4 years,56000,Verified,35000,0,35000,0,1,0.4391824179,0.2738074924270346,0.21124155917823043
48149,Fully Paid,6000,6000,11.55,198,36 months,B,B4,30,0,0,0,80.4,10,17,debt_consolidation,RENT,OH,OCT2008,2 years,34000,Verified,6000,0,6000,0,1,0.1764159041,0.14282811831200407,0.12551628685844768
48151,Fully Paid,25000,25000,24.37,985.69,36 months,E,E2,20.53,0,2,0,41.9,17,42,debt_consolidation,RENT,IL,APR1995,10+ years,86000,Verified,25000,0,25000,0,1,0.4535555907,0.29718758945193857,0.26321838497840144
48166,Fully Paid,25000,25000,23.4,972.97,36 months,E,E1,9.33,0,2,0,47.3,10,16,major_purchase,RENT,NJ,NOV2013,< 1 year,120000,Not Verified,25000,0,25000,0,1,0.4146796008,0.27771446947714623,0.26321838497840144
48168,Fully Paid,2200,2200,7.84,68.78,36 months,A,A4,32.34,0,1,0,25,9,31,credit_card,MORTGAGE,NV,FEB1989,4 years,55000,Verified,2200,0,2200,0,1,0.0552759974,0.09105565835520624,0.09318522201240317
48175,Fully Paid,22000,22000,18.94,569.97,60 months,D,D2,31.98,0,1,0,71.6,22,32,debt_consolidation,MORTGAGE,ID,OCT2007,10+ years,68000,Verified,22000,0,22000,0,1,0.3556372747,0.23503743823983228,0.21124155917823043
48243,Fully Paid,3500,3500,13.56,118.88,36 months,C,C1,34.73,0,2,1,11.7,23,77,credit_card,RENT,WA,AUG2005,n/a,20316,Source Verified,3500,0,3500,0,1,0.3364773117,0.22179896731348328,0.1715567968159956
48256,Fully Paid,30000,30000,8.81,619.99,60 months,A,A5,28.97,0,0,0,33.9,7,19,credit_card,MORTGAGE,MA,JAN2007,4 years,90000,Not Verified,30000,0,30000,0,1,0.0732705154,0.09791010587485623,0.09318522201240317
48283,Fully Paid,32000,32000,11.8,1059.81,36 months,B,B4,60.54,0,1,0,76.6,14,43,credit_card,MORTGAGE,WY,DEC1993,< 1 year,60000,Verified,32000,0,32000,0,1,0.2438878439,0.1706819245748988,0.12551628685844768
48360,Fully Paid,3500,3500,19.92,129.93,36 months,D,D3,15.74,0,0,0,24.3,4,14,other,RENT,SC,NOV2009,2 years,26000,Source Verified,3500,0,3500,0,1,0.2931386985,0.20603427787542475,0.21124155917823043
48375,Fully Paid,18000,18000,19.92,668.22,36 months,D,D3,24.97,0,0,0,69.1,8,38,debt_consolidation,MORTGAGE,UT,FEB2011,1 year,100000,Verified,18000,0,18000,0,1,0.2642430586,0.19262493435422193,0.21124155917823043
48389,Fully Paid,24000,24000,13.56,552.98,60 months,C,C1,12.87,0,0,0,0.6,9,25,major_purchase,MORTGAGE,MD,NOV1998,1 year,50000,Source Verified,24000,0,24000,0,1,0.2059339167,0.16290539006015511,0.1715567968159956
48530,Fully Paid,16000,16000,15.02,380.81,60 months,C,C3,22.92,1,0,0,27.8,14,28,credit_card,MORTGAGE,ND,DEC1986,5 years,82500,Not Verified,16000,0,16000,0,1,0.2028245125,0.16150260797022611,0.1715567968159956
48534,Fully Paid,10000,10000,8.81,317.12,36 months,A,A5,21,0,0,0,27.9,12,23,debt_consolidation,OWN,SC,JAN1993,10+ years,40000,Source Verified,10000,0,10000,0,1,0.0749122808,0.09853548493607237,0.09318522201240317
48567,Fully Paid,3000,3000,27.27,122.92,36 months,E,E5,11.61,0,0,1,76,10,19,other,MORTGAGE,MD,APR2000,10+ years,120000,Not Verified,3000,0,3000,0,1,0.2782162912,0.2093595180834061,0.26321838497840144
48607,Fully Paid,24000,24000,17.97,609.06,60 months,D,D1,32.59,0,0,0,48.2,19,47,debt_consolidation,MORTGAGE,VA,OCT1992,4 years,125000,Verified,24000,0,24000,0,1,0.3174354822,0.21730947095719008,0.21124155917823043
48626,Fully Paid,35000,35000,16.91,868.15,60 months,C,C5,17.22,0,0,0,82,16,51,debt_consolidation,MORTGAGE,CA,SEP2000,3 years,200000,Not Verified,35000,0,35000,0,1,0.2040897844,0.1620734249647521,0.1715567968159956
48667,Fully Paid,16000,16000,11.8,354.3,60 months,B,B4,21.14,0,0,0,2.8,19,41,debt_consolidation,MORTGAGE,UT,JAN2002,3 years,175000,Verified,16000,0,16000,0,1,0.1328816973,0.12485630120387946,0.12551628685844768
48691,Fully Paid,11600,11600,23.4,451.46,36 months,E,E1,19.44,0,1,0,63.1,9,15,debt_consolidation,RENT,PA,SEP2002,9 years,70000,Not Verified,11600,0,11600,0,1,0.4042336023,0.27248203211490174,0.26321838497840144
48732,Fully Paid,10000,10000,18.94,366.26,36 months,D,D2,19.09,0,0,0,15.8,14,27,other,MORTGAGE,VA,JAN2005,5 years,88000,Source Verified,10000,0,10000,0,1,0.2634374292,0.1922510730584428,0.21124155917823043
48751,Fully Paid,15000,15000,17.97,380.66,60 months,D,D1,2.19,1,1,0,55.7,5,9,debt_consolidation,RENT,MI,APR2010,n/a,57000,Not Verified,15000,0,15000,0,1,0.3536964268,0.2341367661556157,0.21124155917823043
48993,Fully Paid,3000,3000,19.92,111.37,36 months,D,D3,12.3,0,0,0,45.4,30,40,other,RENT,NC,SEP2001,1 year,60000,Not Verified,3000,0,3000,0,1,0.3073324551,0.21262104870882445,0.21124155917823043
49086,Fully Paid,22400,22400,11.31,736.65,36 months,B,B3,22.01,0,0,0,50.7,18,30,credit_card,MORTGAGE,NJ,SEP1988,n/a,75000,Verified,22400,0,22400,0,1,0.2120135842,0.15752357375396994,0.12551628685844768
49117,Fully Paid,18000,18000,8.81,570.81,36 months,A,A5,10.53,0,0,0,49.5,6,17,credit_card,MORTGAGE,CA,MAR2004,10+ years,44000,Source Verified,18000,0,18000,0,1,0.0531296216,0.09023806378120615,0.09318522201240317
49154,Fully Paid,7000,7000,7.56,217.94,36 months,A,A3,14.08,0,0,0,11.3,15,19,debt_consolidation,RENT,NH,SEP2010,< 1 year,66500,Not Verified,7000,0,7000,0,1,0.0708315438,0.09698105610346935,0.09318522201240317
49193,Fully Paid,26000,26000,16.14,634.21,60 months,C,C4,15.62,0,0,0,8.8,7,13,major_purchase,RENT,CA,MAR2009,1 year,65000,Source Verified,26000,0,26000,0,1,0.3198453084,0.21429557603714824,0.1715567968159956
49201,Fully Paid,22500,22500,16.14,792.59,36 months,C,C4,18.27,0,1,1,8.5,9,26,debt_consolidation,MORTGAGE,MO,APR2007,6 years,42500,Verified,22500,0,22500,0,1,0.2087006769,0.16415359113214448,0.1715567968159956
49297,Fully Paid,10000,10000,6.46,306.31,36 months,A,A1,3.57,0,0,0,13.9,6,8,major_purchase,RENT,CA,JUN1995,3 years,115000,Not Verified,10000,0,10000,0,1,0.0550272893,0.09096092080129332,0.09318522201240317
49330,Fully Paid,6500,6500,16.91,231.46,36 months,C,C5,17.97,0,1,0,45.8,8,10,other,MORTGAGE,NJ,OCT2002,10+ years,86000,Source Verified,6500,0,6500,0,1,0.1997439165,0.16011282246240865,0.1715567968159956
49420,Fully Paid,14500,14500,14.47,340.94,60 months,C,C2,13.29,0,0,0,30,12,27,home_improvement,MORTGAGE,NV,SEP1979,10+ years,110000,Source Verified,14500,0,14500,0,1,0.1929670563,0.15705549781014488,0.1715567968159956
49449,Fully Paid,32000,32000,7.02,988.36,36 months,A,A2,4.86,0,0,0,47,7,22,debt_consolidation,MORTGAGE,CA,AUG1994,10+ years,150000,Source Verified,32000,0,32000,0,1,0.0528770034,0.09014183679727647,0.09318522201240317
49465,Fully Paid,12000,12000,7.02,370.64,36 months,A,A2,28.9,0,0,0,34.8,12,24,home_improvement,MORTGAGE,MI,MAY2004,10+ years,60000,Not Verified,12000,0,12000,0,1,0.0609176933,0.09320468554606372,0.09318522201240317
49510,Fully Paid,40000,40000,7.56,1245.36,36 months,A,A3,29.09,0,0,0,22.4,23,50,debt_consolidation,MORTGAGE,CA,MAR2002,10+ years,120000,Verified,40000,0,40000,0,1,0.0893856643,0.10404866665244387,0.09318522201240317
49528,Fully Paid,9000,9000,8.81,285.41,36 months,A,A5,17.09,0,0,0,8.6,11,20,credit_card,RENT,TX,OCT2003,3 years,100000,Not Verified,9000,0,9000,0,1,0.0709896651,0.09704128745573946,0.09318522201240317
49580,Fully Paid,28000,28000,16.91,997.03,36 months,C,C5,16.74,0,0,0,63.9,9,11,credit_card,RENT,CA,AUG2014,4 years,60000,Source Verified,28000,0,28000,0,1,0.324060648,0.21619729177222327,0.1715567968159956
49609,Fully Paid,20000,20000,10.72,652.13,36 months,B,B2,4.19,1,0,0,55.6,3,15,debt_consolidation,OWN,NV,JAN2005,10+ years,84000,Source Verified,20000,0,20000,0,1,0.1152574402,0.11758064492000829,0.12551628685844768
49612,Fully Paid,15000,15000,14.47,352.69,60 months,C,C2,10.49,0,3,0,33.6,9,29,home_improvement,MORTGAGE,CO,APR1984,10+ years,85000,Not Verified,15000,0,15000,0,1,0.1500142816,0.1376777073440761,0.1715567968159956
49619,Fully Paid,7000,7000,8.19,219.97,36 months,A,A4,15.27,0,0,0,40.9,6,8,debt_consolidation,MORTGAGE,PA,DEC2006,4 years,35200,Not Verified,7000,0,7000,0,1,0.0474134232,0.08806065719856208,0.09318522201240317
49660,Fully Paid,20000,20000,22.35,556.37,60 months,D,D5,16.37,0,2,0,39.7,7,11,credit_card,RENT,MI,JUL2015,5 years,45000,Source Verified,20000,0,20000,0,1,0.3941649086,0.2529166158532078,0.21124155917823043
49752,Fully Paid,10000,10000,6.46,306.31,36 months,A,A1,5.42,0,0,0,3,13,31,debt_consolidation,MORTGAGE,CA,NOV1998,10+ years,62000,Verified,10000,0,10000,0,1,0.0394813726,0.0850391911853625,0.09318522201240317
49764,Fully Paid,10000,10000,7.56,311.34,36 months,A,A3,10.5,0,0,0,24,7,17,debt_consolidation,MORTGAGE,NJ,AUG2001,10+ years,55000,Verified,10000,0,10000,0,1,0.0449029726,0.08710437974292955,0.09318522201240317
49789,Fully Paid,1500,1500,11.8,49.68,36 months,B,B4,29.51,0,2,0,1.3,13,25,debt_consolidation,RENT,NY,MAY2006,10+ years,40000,Source Verified,1500,0,1500,0,1,0.1845735475,0.14619576150558808,0.12551628685844768
49825,Fully Paid,6000,6000,8.19,188.55,36 months,A,A4,20.53,0,2,0,9.2,7,29,home_improvement,OWN,NY,NOV1999,10+ years,65000,Source Verified,6000,0,6000,0,1,0.0630720703,0.09402532792637315,0.09318522201240317
49837,Fully Paid,6300,6300,10.33,204.27,36 months,B,B1,56.83,0,0,0,71.5,17,43,debt_consolidation,MORTGAGE,CO,SEP1997,7 years,70000,Source Verified,6300,0,6300,0,1,0.1891627712,0.1480902875591711,0.12551628685844768
49870,Fully Paid,3000,3000,16.91,106.83,36 months,C,C5,26.8,0,2,0,52.8,20,31,home_improvement,MORTGAGE,KS,SEP2004,n/a,75000,Not Verified,3000,0,3000,0,1,0.3116525759,0.21059949226052668,0.1715567968159956
49985,Fully Paid,10000,10000,12.98,336.85,36 months,B,B5,17.46,2,0,0,70.3,5,10,debt_consolidation,RENT,AR,MAR1998,n/a,24672,Verified,10000,0,10000,0,1,0.246139586,0.17161149008603302,0.12551628685844768
50053,Fully Paid,15000,15000,10.33,486.34,36 months,B,B1,3.42,0,0,0,17.9,6,12,debt_consolidation,RENT,GA,SEP2007,6 years,40000,Not Verified,15000,0,15000,0,1,0.1129762463,0.11663892109930532,0.12551628685844768
50075,Fully Paid,10000,10000,10.72,326.07,36 months,B,B2,33.33,0,1,0,52.2,26,46,credit_card,MORTGAGE,PA,SEP1996,10+ years,200000,Source Verified,10000,0,10000,0,1,0.156367328,0.1345516532186394,0.12551628685844768
50094,Fully Paid,7475,7475,15.02,259.2,36 months,C,C3,27.33,0,0,0,56.3,12,40,credit_card,MORTGAGE,WA,DEC2001,10+ years,220000,Not Verified,7475,0,7475,0,1,0.1645026319,0.14421400722861896,0.1715567968159956
50172,Fully Paid,1000,1000,23.4,38.92,36 months,E,E1,11.88,0,0,0,91.9,4,9,debt_consolidation,RENT,FL,MAR2013,5 years,107000,Not Verified,1000,0,1000,0,1,0.3200984124,0.23033841979174288,0.26321838497840144
50290,Fully Paid,6000,6000,6.67,184.36,36 months,A,A2,15.74,0,0,1,21.5,19,34,home_improvement,MORTGAGE,AZ,AUG2007,< 1 year,142000,Not Verified,6000,0,6000,0,1,0.0494991119,0.08885513492430484,0.09318522201240317
50335,Fully Paid,21000,21000,6.46,643.25,36 months,A,A1,12.21,0,1,0,7.7,11,19,debt_consolidation,MORTGAGE,PA,JUL2012,3 years,45000,Source Verified,21000,0,21000,0,1,0.0604482322,0.09302585905721489,0.09318522201240317
50347,Fully Paid,24000,24000,16.91,595.31,60 months,C,C5,55.32,0,1,0,54,10,21,debt_consolidation,MORTGAGE,MN,DEC1984,1 year,23000,Source Verified,24000,0,24000,0,1,0.3917325214,0.2467268999838095,0.1715567968159956
50366,Fully Paid,35000,35000,10.72,756.11,60 months,B,B2,3.26,0,0,0,0,9,25,debt_consolidation,MORTGAGE,NY,OCT1994,10+ years,120000,Source Verified,35000,0,35000,0,1,0.1175979806,0.11854686819808986,0.12551628685844768
50410,Fully Paid,15000,15000,13.56,509.47,36 months,C,C1,10.89,0,2,0,53,13,23,debt_consolidation,MORTGAGE,IL,AUG1987,2 years,350000,Verified,15000,0,15000,0,1,0.1702205016,0.14679357704064516,0.1715567968159956
50446,Fully Paid,35000,35000,8.19,1099.85,36 months,A,A4,18.48,0,0,0,11.4,25,49,debt_consolidation,MORTGAGE,NY,JAN2001,3 years,85000,Source Verified,35000,0,35000,0,1,0.0851202487,0.10242389029668396,0.09318522201240317
50457,Fully Paid,14400,14400,10.08,306.53,60 months,B,B1,18.7,0,1,0,12.4,15,19,debt_consolidation,MORTGAGE,TX,JUN2010,3 years,55000,Verified,14400,0,14400,0,1,0.1304342984,0.12384596453635976,0.12551628685844768
50462,Fully Paid,11000,11000,23.4,428.11,36 months,E,E1,27.57,0,0,1,78,9,45,credit_card,MORTGAGE,NM,JUN2010,10+ years,75000,Source Verified,11000,0,11000,0,1,0.3156027489,0.228086526144096,0.26321838497840144
50501,Fully Paid,6000,6000,22.35,230.24,36 months,D,D5,17.73,1,2,1,32.1,20,32,debt_consolidation,MORTGAGE,NY,APR2002,10+ years,65000,Source Verified,6000,0,6000,0,1,0.3104048792,0.21404684133159732,0.21124155917823043
50529,Fully Paid,5000,5000,8.19,157.13,36 months,A,A4,2.51,0,1,0,28.4,5,7,other,RENT,CA,FEB2001,3 years,97000,Source Verified,5000,0,5000,0,1,0.0576325042,0.09195329574623268,0.09318522201240317
50556,Fully Paid,15000,15000,17.97,542.07,36 months,D,D1,5.37,0,0,0,25.7,18,22,debt_consolidation,RENT,NY,MAY2007,1 year,90000,Source Verified,15000,0,15000,0,1,0.3329558673,0.22451187852135887,0.21124155917823043
50568,Fully Paid,9000,9000,6.46,275.68,36 months,A,A1,3.32,0,0,0,23.5,5,17,home_improvement,MORTGAGE,TX,AUG1998,10+ years,90000,Not Verified,9000,0,9000,0,1,0.0344008251,0.08310391588597194,0.09318522201240317
50585,Fully Paid,5000,5000,18.94,183.13,36 months,D,D2,21.47,0,0,0,74,4,18,debt_consolidation,OWN,AZ,JUL2000,10+ years,46900,Source Verified,5000,0,5000,0,1,0.272023102,0.19623535014433793,0.21124155917823043
50613,Fully Paid,4700,4700,7.56,146.33,36 months,A,A3,18.61,0,0,0,0.4,17,25,credit_card,RENT,IL,AUG2012,4 years,45000,Source Verified,4700,0,4700,0,1,0.0825891224,0.10145973708130158,0.09318522201240317
50639,Fully Paid,4000,4000,20.89,150.48,36 months,D,D4,23.99,0,1,0,67.6,11,22,vacation,MORTGAGE,TN,JAN2009,7 years,103000,Source Verified,4000,0,4000,0,1,0.2745937167,0.1974282725261314,0.21124155917823043
50670,Fully Paid,8000,8000,13.56,271.72,36 months,C,C1,17.17,2,0,0,42.5,9,20,debt_consolidation,MORTGAGE,OR,JUL2003,5 years,113021,Source Verified,8000,0,8000,0,1,0.1930045019,0.1570723910841125,0.1715567968159956
50675,Fully Paid,9000,9000,7.56,280.21,36 months,A,A3,17.49,0,0,0,17.4,8,9,debt_consolidation,RENT,CA,MAY1997,< 1 year,40000,Not Verified,9000,0,9000,0,1,0.073054944,0.09782799070800165,0.09318522201240317
50701,Fully Paid,4800,4800,10.33,155.63,36 months,B,B1,11.82,0,0,0,16.1,6,25,medical,MORTGAGE,TX,OCT1995,n/a,155000,Verified,4800,0,4800,0,1,0.1360145371,0.12614960199085173,0.12551628685844768
50861,Fully Paid,4050,4050,11.55,133.65,36 months,B,B4,10.12,1,0,0,24.7,9,19,renewable_energy,MORTGAGE,OH,JUN1997,n/a,30000,Verified,4050,0,4050,0,1,0.1542473891,0.13367649878281312,0.12551628685844768
50899,Fully Paid,20000,20000,16.14,704.53,36 months,C,C4,26.36,0,1,1,45,10,17,debt_consolidation,OWN,MD,DEC2004,10+ years,55000,Verified,20000,0,20000,0,1,0.2751875853,0.19414861214558107,0.1715567968159956
50947,Fully Paid,25000,25000,14.47,587.82,60 months,C,C2,11.87,0,1,0,18.1,8,16,debt_consolidation,MORTGAGE,PA,AUG1986,8 years,65000,Source Verified,25000,0,25000,0,1,0.2155914387,0.16726230155294045,0.1715567968159956
51038,Fully Paid,20000,20000,16.14,704.53,36 months,C,C4,12.82,1,2,0,31.2,17,33,other,OWN,CA,FEB2008,2 years,72000,Source Verified,20000,0,20000,0,1,0.2418610021,0.1791135986753196,0.1715567968159956
51046,Fully Paid,5000,5000,15.02,173.38,36 months,C,C3,29.44,0,0,0,54.4,10,23,debt_consolidation,MORTGAGE,TX,JUL2007,n/a,17000,Not Verified,5000,0,5000,0,1,0.27313058,0.19322061114985048,0.1715567968159956
51066,Fully Paid,10000,10000,8.19,314.25,36 months,A,A4,12.24,0,0,0,19.1,9,21,debt_consolidation,MORTGAGE,MA,JUN1996,10+ years,65000,Not Verified,10000,0,10000,0,1,0.0437447709,0.08666319911392802,0.09318522201240317
51069,Fully Paid,2000,2000,16.91,71.22,36 months,C,C5,8.69,0,1,0,60.4,19,89,major_purchase,RENT,CA,FEB1989,9 years,145000,Not Verified,2000,0,2000,0,1,0.1392247056,0.13281007901491665,0.1715567968159956
51087,Fully Paid,3000,3000,13.56,101.9,36 months,C,C1,17.6,0,2,0,9.3,7,20,car,RENT,CA,JAN2012,6 years,30000,Not Verified,3000,0,3000,0,1,0.1712112891,0.1472405626592809,0.1715567968159956
51106,Fully Paid,10000,10000,15.02,346.76,36 months,C,C3,9.18,1,0,0,7.8,10,24,home_improvement,MORTGAGE,CA,AUG2004,< 1 year,110000,Source Verified,10000,0,10000,0,1,0.1910884354,0.15620797346696486,0.1715567968159956
51139,Fully Paid,3000,3000,16.14,105.68,36 months,C,C4,11.81,0,1,0,60.6,3,10,debt_consolidation,RENT,NY,FEB2012,7 years,25000,Source Verified,3000,0,3000,0,1,0.2191277359,0.16885767290312578,0.1715567968159956
51151,Fully Paid,1000,1000,25.34,39.94,36 months,E,E3,22.77,1,1,0,3.2,14,37,debt_consolidation,OWN,MI,SEP2007,6 years,35000,Source Verified,1000,0,1000,0,1,0.3924491949,0.26657918103066397,0.26321838497840144
51162,Fully Paid,1500,1500,10.72,48.91,36 months,B,B2,1.5,0,0,0,3.3,2,3,debt_consolidation,OWN,TN,AUG1997,1 year,40000,Not Verified,1500,0,1500,0,1,0.0858131362,0.10542542985441482,0.12551628685844768
51233,Fully Paid,21300,21300,19.92,563.38,60 months,D,D3,14.62,0,0,0,30.4,13,47,debt_consolidation,MORTGAGE,TX,JUL2002,10+ years,76000,Verified,21300,0,21300,0,1,0.2358221829,0.1794359104477222,0.21124155917823043
51281,Fully Paid,15000,15000,15.02,520.13,36 months,C,C3,6.05,0,0,0,47.4,6,7,debt_consolidation,OWN,PA,FEB2012,1 year,67000,Source Verified,15000,0,15000,0,1,0.2126091189,0.16591685254316532,0.1715567968159956
51346,Fully Paid,9600,9600,8.19,301.68,36 months,A,A4,8.42,0,0,0,19.3,16,22,credit_card,MORTGAGE,MD,OCT2005,10+ years,82000,Source Verified,9600,0,9600,0,1,0.0534791554,0.09037120772473628,0.09318522201240317
51355,Fully Paid,2000,2000,7.84,62.53,36 months,A,A4,22.07,0,0,0,4.5,9,17,debt_consolidation,RENT,MI,AUG2010,n/a,28000,Not Verified,2000,0,2000,0,1,0.105706743,0.11026566993162186,0.09318522201240317
51435,Fully Paid,12000,12000,20.89,323.9,60 months,D,D4,15.05,1,0,0,77,8,10,debt_consolidation,MORTGAGE,MN,JUL2006,10+ years,67000,Source Verified,12000,0,12000,0,1,0.2882563955,0.20376859079155438,0.21124155917823043
51445,Fully Paid,6000,6000,8.19,188.55,36 months,A,A4,23.36,0,2,1,4.8,29,60,debt_consolidation,RENT,NY,SEP2003,1 year,45000,Not Verified,6000,0,6000,0,1,0.0768114207,0.09925890274459735,0.09318522201240317
51459,Fully Paid,25000,25000,16.14,609.82,60 months,C,C4,12.27,0,0,0,95.6,4,17,credit_card,MORTGAGE,CO,AUG1993,3 years,70000,Source Verified,25000,0,25000,0,1,0.1985978012,0.15959576198637482,0.1715567968159956
51500,Fully Paid,13000,13000,12.98,295.66,60 months,B,B5,17.27,0,0,0,9.7,16,32,debt_consolidation,MORTGAGE,PA,APR2005,10+ years,67000,Not Verified,13000,0,13000,0,1,0.1147780453,0.11738274083265583,0.12551628685844768
51502,Fully Paid,27950,27950,20.89,754.42,60 months,D,D4,31.32,0,0,0,75.1,19,34,credit_card,MORTGAGE,PA,MAR1999,< 1 year,155000,Not Verified,27950,0,27950,0,1,0.3553621039,0.2349097421653735,0.21124155917823043
51567,Fully Paid,10000,10000,11.8,221.44,60 months,B,B4,10.15,1,0,0,1.4,6,11,major_purchase,RENT,CA,DEC2011,< 1 year,70000,Source Verified,10000,0,10000,0,1,0.1655009576,0.13832220361499012,0.12551628685844768
51592,Fully Paid,10000,10000,11.8,221.44,60 months,B,B4,11.86,0,1,0,30,15,32,debt_consolidation,MORTGAGE,PA,MAY1988,3 years,85000,Not Verified,10000,0,10000,0,1,0.0972215109,0.11013504187402226,0.12551628685844768
51596,Fully Paid,15500,15500,11.31,509.73,36 months,B,B3,36.64,0,0,0,53.4,11,26,debt_consolidation,MORTGAGE,IN,JUN2006,n/a,55000,Not Verified,15500,0,15500,0,1,0.2127125137,0.157812106245286,0.12551628685844768
51626,Fully Paid,6500,6500,6.46,199.11,36 months,A,A1,10.79,0,0,0,1.7,11,31,debt_consolidation,MORTGAGE,CA,OCT1995,6 years,170000,Not Verified,6500,0,6500,0,1,0.0367372553,0.08399390572561229,0.09318522201240317
51632,Fully Paid,30000,30000,22.35,834.55,60 months,D,D5,3.85,0,1,0,14.2,8,24,other,RENT,CO,MAY2005,2 years,102000,Source Verified,30000,0,30000,0,1,0.339545118,0.22756969369656896,0.21124155917823043
51688,Fully Paid,40000,40000,8.19,814.7,60 months,A,A4,15.08,1,1,0,39.7,12,19,debt_consolidation,MORTGAGE,CO,DEC1997,6 years,250000,Source Verified,40000,0,40000,0,1,0.0857307275,0.10265643305756585,0.09318522201240317
51694,Fully Paid,28500,28500,16.14,695.19,60 months,C,C4,26.85,0,1,0,23.4,14,25,debt_consolidation,MORTGAGE,SC,JUN2002,10+ years,54047,Not Verified,28500,0,28500,0,1,0.2505197508,0.18301992182158527,0.1715567968159956
51699,Fully Paid,1800,1800,7.02,55.6,36 months,A,A2,1.99,0,0,0,5.6,5,5,credit_card,RENT,CA,SEP2015,2 years,29000,Not Verified,1800,0,1800,0,1,0.0465585604,0.08773502401410552,0.09318522201240317
51715,Fully Paid,2500,2500,16.14,88.07,36 months,C,C4,16.2,0,0,0,59.4,11,21,credit_card,MORTGAGE,CO,OCT2001,10+ years,104000,Source Verified,2500,0,2500,0,1,0.180768929,0.15155241316546805,0.1715567968159956
51766,Fully Paid,5000,5000,19.92,185.62,36 months,D,D3,28.52,0,1,0,73.5,6,11,small_business,OWN,TX,JUN2004,3 years,30000,Not Verified,5000,0,5000,0,1,0.3578687704,0.23607298867273294,0.21124155917823043
51769,Fully Paid,16750,16750,8.19,526.36,36 months,A,A4,29.07,0,1,1,30.1,9,29,debt_consolidation,MORTGAGE,PA,MAR2005,9 years,75000,Not Verified,16750,0,16750,0,1,0.061336725,0.09336430253590028,0.09318522201240317
51829,Fully Paid,9000,9000,17.97,325.24,36 months,D,D1,10.93,0,0,0,39.5,16,36,debt_consolidation,MORTGAGE,VA,NOV1997,7 years,102000,Not Verified,9000,0,9000,0,1,0.1966704347,0.1612671056423496,0.21124155917823043
51910,Fully Paid,20000,20000,8.81,634.23,36 months,A,A5,16.84,0,2,0,35.1,15,36,debt_consolidation,MORTGAGE,GA,NOV2005,10+ years,115000,Source Verified,20000,0,20000,0,1,0.0630053165,0.09399990015893658,0.09318522201240317
51914,Fully Paid,35000,35000,14.47,1204.23,36 months,C,C2,3.41,1,2,0,0.1,9,16,home_improvement,MORTGAGE,TX,FEB2010,6 years,400000,Verified,35000,0,35000,0,1,0.2089942311,0.16428602569121,0.1715567968159956
51949,Fully Paid,12000,12000,7.02,370.64,36 months,A,A2,7.5,0,0,0,39.4,10,27,home_improvement,MORTGAGE,OR,MAR1995,10+ years,260000,Source Verified,12000,0,12000,0,1,0.0464752285,0.08770328133918293,0.09318522201240317
52008,Fully Paid,4000,4000,12.73,134.26,36 months,B,B5,6.5,0,0,1,29.8,10,35,house,MORTGAGE,CA,OCT2002,< 1 year,75000,Verified,4000,0,4000,0,1,0.0725180439,0.09993694195456783,0.12551628685844768
52151,Fully Paid,13000,13000,16.14,457.95,36 months,C,C4,28.81,0,1,0,76.2,14,24,debt_consolidation,MORTGAGE,TN,AUG2005,4 years,100000,Source Verified,13000,0,13000,0,1,0.2532352907,0.18424501527717638,0.1715567968159956
52172,Fully Paid,16600,16600,26.31,671.57,36 months,E,E4,25.95,1,0,1,73.7,13,21,debt_consolidation,RENT,CA,DEC2009,8 years,40000,Verified,16600,0,16600,0,1,0.5197990998,0.33036919598012504,0.26321838497840144
52177,Fully Paid,1000,1000,23.4,38.92,36 months,E,E1,14.16,1,1,0,51,17,25,other,RENT,OH,MAR2006,3 years,40000,Not Verified,1000,0,1000,0,1,0.3601421505,0.25039646894409295,0.26321838497840144
52200,Fully Paid,1500,1500,11.31,49.33,36 months,B,B3,20.03,0,1,0,17.3,8,23,car,MORTGAGE,MN,JAN2009,6 years,38000,Not Verified,1500,0,1500,0,1,0.0808812233,0.10338943464174907,0.12551628685844768
52224,Fully Paid,3600,3600,11.31,118.39,36 months,B,B3,0.02,0,0,0,0,13,13,debt_consolidation,RENT,NY,SEP2014,< 1 year,100000,Not Verified,3600,0,3600,0,1,0.1160895938,0.11792417506341422,0.12551628685844768
52239,Fully Paid,30000,30000,19.92,1113.69,36 months,D,D3,15.05,0,2,0,32.7,10,26,home_improvement,MORTGAGE,LA,SEP2010,1 year,70000,Not Verified,30000,0,30000,0,1,0.2840578948,0.20182022978085704,0.21124155917823043
52275,Fully Paid,4000,4000,8.81,126.85,36 months,A,A5,11.11,1,0,0,54.5,8,23,medical,MORTGAGE,WA,OCT2006,6 years,85000,Not Verified,4000,0,4000,0,1,0.0429568921,0.08636308138438145,0.09318522201240317
52355,Fully Paid,25000,25000,23.4,972.97,36 months,E,E1,35.14,0,0,0,70.9,11,24,debt_consolidation,RENT,CA,DEC2001,10+ years,130000,Not Verified,25000,0,25000,0,1,0.4930243536,0.316957631505796,0.26321838497840144
52402,Fully Paid,31000,31000,18.94,803.14,60 months,D,D2,82.27,0,0,0,53.2,8,11,debt_consolidation,MORTGAGE,AZ,MAY1999,2 years,18000,Not Verified,31000,0,31000,0,1,0.5682509232,0.33370316981384657,0.21124155917823043
52445,Fully Paid,15000,15000,6.46,459.47,36 months,A,A1,3.2,0,1,0,0.1,10,21,debt_consolidation,RENT,NY,AUG2004,4 years,200000,Not Verified,15000,0,15000,0,1,0.0539184452,0.09053854140269406,0.09318522201240317
52464,Fully Paid,10000,10000,11.8,331.19,36 months,B,B4,25.32,0,0,0,45.7,13,30,debt_consolidation,MORTGAGE,NH,JUN2005,n/a,51000,Verified,10000,0,10000,0,1,0.1882339379,0.1477068460445887,0.12551628685844768
52496,Fully Paid,15000,15000,16.14,365.89,60 months,C,C4,38.31,0,0,0,21.3,14,30,debt_consolidation,OWN,NC,JUN1985,n/a,31000,Not Verified,15000,0,15000,0,1,0.3929833309,0.24729119238571498,0.1715567968159956
52535,Fully Paid,10400,10400,11.06,340.78,36 months,B,B3,4.27,0,0,0,38,6,25,other,MORTGAGE,CO,NOV1984,9 years,84000,Source Verified,10400,0,10400,0,1,0.0834490498,0.1044494863026282,0.12551628685844768
52580,Fully Paid,3000,3000,11.8,99.36,36 months,B,B4,9.58,0,0,0,37.8,8,9,credit_card,MORTGAGE,NV,NOV2014,3 years,120000,Not Verified,3000,0,3000,0,1,0.089795478,0.10706942256158503,0.12551628685844768
52611,Fully Paid,7000,7000,18.94,256.38,36 months,D,D2,13.02,0,2,2,31.3,16,26,credit_card,MORTGAGE,NE,FEB1991,10+ years,60000,Source Verified,7000,0,7000,0,1,0.2477577877,0.18497476078813352,0.21124155917823043
52799,Fully Paid,6050,6050,8.81,191.86,36 months,A,A5,22.7,2,1,0,21.3,18,26,credit_card,MORTGAGE,TX,MAR2011,7 years,70000,Verified,6050,0,6050,0,1,0.067949293,0.09588315301725893,0.09318522201240317
52908,Fully Paid,4500,4500,7.56,140.11,36 months,A,A3,21.85,0,1,0,17.2,6,47,debt_consolidation,OWN,TN,JUN1987,n/a,43000,Source Verified,4500,0,4500,0,1,0.0783360796,0.09983967375582517,0.09318522201240317
52917,Fully Paid,8800,8800,22.35,337.68,36 months,D,D5,39.88,0,3,0,17.6,13,23,credit_card,MORTGAGE,NM,NOV1995,7 years,30000,Verified,8800,0,8800,0,1,0.3656494875,0.23968371710083733,0.21124155917823043
52929,Fully Paid,28000,28000,15.02,666.42,60 months,C,C3,28.62,0,0,0,42,16,49,debt_consolidation,MORTGAGE,MN,JUN2005,3 years,109000,Verified,28000,0,28000,0,1,0.2341670832,0.17564255054517106,0.1715567968159956
52972,Fully Paid,10000,10000,27.27,306.97,60 months,E,E5,18.84,0,1,0,29.9,17,27,home_improvement,MORTGAGE,MO,AUG1994,10+ years,100000,Source Verified,10000,0,10000,0,1,0.4144860751,0.2776175317738492,0.26321838497840144
52977,Fully Paid,35000,35000,10.72,1141.22,36 months,B,B2,14.98,0,0,0,7.6,7,11,other,RENT,GA,JAN2014,4 years,95000,Source Verified,35000,0,35000,0,1,0.1947461865,0.15039523637956181,0.12551628685844768
53022,Fully Paid,6400,6400,16.91,227.9,36 months,C,C5,1.85,2,3,0,23.3,7,29,debt_consolidation,MORTGAGE,CO,AUG2007,n/a,50000,Source Verified,6400,0,6400,0,1,0.2279668798,0.17284537985779733,0.1715567968159956
53034,Fully Paid,40000,40000,8.81,1268.46,36 months,A,A5,41.72,0,0,0,0,10,20,small_business,RENT,CA,SEP2002,10+ years,112000,Verified,40000,0,40000,0,1,0.1975012544,0.14523191137155436,0.09318522201240317
53070,Fully Paid,1000,1000,16.91,35.61,36 months,C,C5,22.48,0,0,0,37.4,6,12,other,RENT,FL,APR2006,9 years,49000,Not Verified,1000,0,1000,0,1,0.2287119291,0.17318150271186503,0.1715567968159956
53092,Fully Paid,6025,6025,16.14,212.24,36 months,C,C4,13.34,0,0,0,84.8,8,12,vacation,MORTGAGE,MA,MAR2005,1 year,125000,Not Verified,6025,0,6025,0,1,0.1584781316,0.14149610354738906,0.1715567968159956
53134,Fully Paid,5000,5000,11.8,165.6,36 months,B,B4,34.36,2,0,0,7.4,10,22,credit_card,OWN,WV,NOV1997,1 year,30000,Not Verified,5000,0,5000,0,1,0.1635836551,0.13753070165816683,0.12551628685844768
53357,Fully Paid,15000,15000,11.31,493.29,36 months,B,B3,8.1,0,0,0,56.8,10,14,credit_card,RENT,NY,MAY2005,10+ years,120000,Source Verified,15000,0,15000,0,1,0.1484532981,0.13128457869481852,0.12551628685844768
53371,Fully Paid,40000,40000,8.19,814.7,60 months,A,A4,15.23,0,2,0,2.8,32,53,debt_consolidation,MORTGAGE,FL,SEP2007,< 1 year,148000,Verified,40000,0,40000,0,1,0.0889958301,0.10390017153491617,0.09318522201240317
53417,Fully Paid,5000,5000,8.81,158.56,36 months,A,A5,38.08,0,3,0,23.6,17,27,credit_card,MORTGAGE,OH,JUL2005,10+ years,52000,Not Verified,5000,0,5000,0,1,0.071181581,0.09711439180144833,0.09318522201240317
53440,Fully Paid,28500,28500,8.19,580.48,60 months,A,A4,11.56,0,0,0,7.8,12,25,debt_consolidation,MORTGAGE,OR,FEB1990,10+ years,210000,Source Verified,28500,0,28500,0,1,0.0655343829,0.09496326871999002,0.09318522201240317
53461,Fully Paid,20000,20000,6.46,612.62,36 months,A,A1,21.15,0,0,0,7.5,9,34,debt_consolidation,MORTGAGE,PA,APR1999,10+ years,86532,Verified,20000,0,20000,0,1,0.0525467239,0.09001602717572584,0.09318522201240317
53543,Fully Paid,35000,35000,6.46,1072.08,36 months,A,A1,5.12,0,0,0,21.9,14,27,car,MORTGAGE,NY,FEB1988,10+ years,112000,Source Verified,35000,0,35000,0,1,0.0523604443,0.08994506980180887,0.09318522201240317
53547,Fully Paid,34175,34175,11.8,756.76,60 months,B,B4,18.39,0,0,0,5.4,16,29,debt_consolidation,MORTGAGE,PA,OCT1992,10+ years,129500,Source Verified,34175,0,34175,0,1,0.1678997033,0.13931245523958846,0.12551628685844768
53561,Fully Paid,15500,15500,11.8,343.23,60 months,B,B4,15.8,0,0,0,3.1,10,23,debt_consolidation,MORTGAGE,VA,MAY1982,n/a,39284,Not Verified,15500,0,15500,0,1,0.1640636876,0.13772886895993,0.12551628685844768
53586,Fully Paid,5000,5000,6.46,153.16,36 months,A,A1,13.88,0,2,1,10.6,18,38,debt_consolidation,MORTGAGE,OH,JUL1995,n/a,30000,Not Verified,5000,0,5000,0,1,0.0650635762,0.09478392966700457,0.09318522201240317
53590,Fully Paid,1000,1000,7.56,31.14,36 months,A,A3,1.04,0,2,0,1.4,13,24,major_purchase,MORTGAGE,TX,OCT1996,< 1 year,140000,Source Verified,1000,0,1000,0,1,0.0430138508,0.08638477801554088,0.09318522201240317
53769,Fully Paid,7000,7000,13.56,237.76,36 months,C,C1,9.95,0,0,0,41,14,15,debt_consolidation,RENT,CA,FEB2014,5 years,150000,Not Verified,7000,0,7000,0,1,0.2070454537,0.16340685082099585,0.1715567968159956
53789,Charged Off,4800,4800,16.91,170.92,36 months,C,C5,13.35,0,0,0,35.1,12,19,debt_consolidation,MORTGAGE,VA,JUN2006,10+ years,111000,Source Verified,4800,0,103.28,1,1,0.194332175,0.15767135986596484,0.1715567968159956
53868,Fully Paid,26525,26525,8.19,833.53,36 months,A,A4,17.41,0,1,0,23.9,14,33,debt_consolidation,RENT,MA,NOV1999,4 years,189000,Source Verified,26525,0,26525,0,1,0.0948841704,0.10614315017786675,0.09318522201240317
53900,Fully Paid,9000,9000,16.14,317.04,36 months,C,C4,2.15,0,0,1,40.9,9,11,debt_consolidation,OWN,CA,JUL2005,10+ years,80000,Not Verified,9000,0,9000,0,1,0.167573323,0.14559932422239683,0.1715567968159956
53967,Fully Paid,8000,8000,11.31,263.09,36 months,B,B3,26.84,0,1,0,15.9,15,61,other,MORTGAGE,PA,APR2001,10+ years,131500,Source Verified,8000,0,8000,0,1,0.1008492751,0.11163265764576068,0.12551628685844768
54043,Fully Paid,25000,25000,7.02,772.16,36 months,A,A2,11.21,0,0,0,47.2,7,30,debt_consolidation,RENT,CA,OCT1990,5 years,58000,Not Verified,25000,0,25000,0,1,0.0601565086,0.09291473609707539,0.09318522201240317
54079,Fully Paid,16000,16000,14.47,550.51,36 months,C,C2,15.23,0,0,0,57.1,3,6,major_purchase,RENT,AR,FEB2008,8 years,49000,Source Verified,16000,0,16000,0,1,0.2687445996,0.19124191222357403,0.1715567968159956
54102,Fully Paid,1000,1000,23.4,38.92,36 months,E,E1,30.07,0,1,0,52.9,10,19,debt_consolidation,RENT,NY,JUN2004,n/a,34000,Not Verified,1000,0,1000,0,1,0.5279442823,0.33444914652150215,0.26321838497840144
54107,Fully Paid,10000,10000,10.72,216.04,60 months,B,B2,32.8,0,0,0,25.1,18,33,debt_consolidation,RENT,WA,JUL2006,7 years,77491,Not Verified,10000,0,10000,0,1,0.179351573,0.14404002289092957,0.12551628685844768
54163,Fully Paid,12000,12000,12.98,404.22,36 months,B,B5,15.13,0,0,0,84.6,7,17,debt_consolidation,OWN,RI,MAR1994,10+ years,87000,Source Verified,12000,0,12000,0,1,0.1371584589,0.126621836467755,0.12551628685844768
54167,Fully Paid,2700,2700,10.72,88.04,36 months,B,B2,12.28,1,0,0,3.2,6,15,debt_consolidation,OWN,CO,AUG2011,3 years,60000,Not Verified,2700,0,2700,0,1,0.1039366364,0.1129071839713512,0.12551628685844768
54178,Fully Paid,5000,5000,17.97,180.69,36 months,D,D1,12.63,0,0,0,45.5,9,28,house,MORTGAGE,FL,FEB2003,10+ years,80000,Not Verified,5000,0,5000,0,1,0.1577961288,0.1432270510263097,0.21124155917823043
54208,Fully Paid,2000,2000,17.97,72.28,36 months,D,D1,40.5,0,0,0,79.5,3,16,other,RENT,WA,JAN2001,1 year,33280,Source Verified,2000,0,2000,0,1,0.3614795211,0.23774859774985616,0.21124155917823043
54329,Fully Paid,7600,7600,8.19,238.83,36 months,A,A4,26.79,0,0,0,8.7,15,35,debt_consolidation,MORTGAGE,NE,SEP1993,10+ years,108000,Source Verified,7600,0,7600,0,1,0.0645304884,0.0945808665814323,0.09318522201240317
54344,Fully Paid,25000,25000,6.11,761.8,36 months,A,A1,9.15,0,0,0,31,10,16,credit_card,RENT,CA,SEP2007,5 years,150000,Not Verified,25000,0,25000,0,1,0.0661330449,0.09519131024135828,0.09318522201240317
54347,Fully Paid,3000,3000,23.4,116.76,36 months,E,E1,7.05,0,0,0,0.2,29,41,debt_consolidation,RENT,NJ,MAY2012,10+ years,105000,Not Verified,3000,0,3000,0,1,0.3632958235,0.2519761548337187,0.26321838497840144
54376,Fully Paid,12000,12000,6.46,367.57,36 months,A,A1,29.4,0,0,0,0,14,14,credit_card,OWN,NY,OCT2013,2 years,24000,Source Verified,12000,0,12000,0,1,0.0905185402,0.10448020021187716,0.09318522201240317
54378,Fully Paid,10000,10000,11.31,328.86,36 months,B,B3,10.83,0,0,0,18.8,8,9,debt_consolidation,MORTGAGE,NV,NOV2013,n/a,13298,Source Verified,10000,0,10000,0,1,0.1746635089,0.14210469348471272,0.12551628685844768
54387,Fully Paid,2000,2000,15.02,69.36,36 months,C,C3,22.39,0,1,0,37.9,24,67,other,RENT,WA,SEP2005,2 years,100000,Not Verified,2000,0,2000,0,1,0.1875062377,0.15459189448432736,0.1715567968159956
54390,Fully Paid,11900,11900,27.27,365.3,60 months,E,E5,17.3,2,0,0,37,15,21,credit_card,RENT,MA,MAY2005,10+ years,34000,Verified,11900,0,11900,0,1,0.4833806464,0.31212706467546114,0.26321838497840144
54391,Fully Paid,4000,4000,7.02,123.55,36 months,A,A2,15.74,0,1,0,2.7,6,8,debt_consolidation,RENT,CA,JUL2011,< 1 year,37500,Not Verified,4000,0,4000,0,1,0.0641157389,0.09442288076144251,0.09318522201240317
54459,Fully Paid,15000,15000,11.8,332.16,60 months,B,B4,14.04,0,0,0,18.1,16,45,debt_consolidation,MORTGAGE,TX,JUN2000,< 1 year,205000,Not Verified,15000,0,15000,0,1,0.0995796711,0.11110853896840502,0.12551628685844768
54489,Fully Paid,5000,5000,20.89,188.1,36 months,D,D4,13.68,0,2,0,23.2,11,25,credit_card,RENT,CA,SEP2003,10+ years,72000,Not Verified,5000,0,5000,0,1,0.2766855235,0.1983989987691999,0.21124155917823043
54493,Fully Paid,10000,10000,15.02,346.76,36 months,C,C3,16.46,0,0,0,40.3,16,30,credit_card,MORTGAGE,VA,OCT1997,10+ years,100000,Not Verified,10000,0,10000,0,1,0.1670892814,0.1453809528420338,0.1715567968159956
54495,Fully Paid,18000,18000,13.56,414.74,60 months,C,C1,12.11,0,3,0,3.7,15,37,home_improvement,MORTGAGE,CA,JAN2005,10+ years,55000,Verified,18000,0,18000,0,1,0.1756328589,0.14923531745018612,0.1715567968159956
54527,Fully Paid,22500,22500,10.33,729.51,36 months,B,B1,35.18,0,0,0,83,10,21,debt_consolidation,RENT,CA,DEC2006,10+ years,75000,Source Verified,22500,0,22500,0,1,0.2212623855,0.16134166939992037,0.12551628685844768
54592,Fully Paid,19650,19650,14.47,676.09,36 months,C,C2,18.31,0,0,0,66.4,10,32,credit_card,MORTGAGE,CA,JUL2005,< 1 year,81000,Source Verified,19650,0,19650,0,1,0.1970399844,0.15889296577016387,0.1715567968159956
54670,Fully Paid,5000,5000,16.91,178.04,36 months,C,C5,31.66,0,0,0,76.8,9,17,other,RENT,NJ,AUG2007,< 1 year,100000,Not Verified,5000,0,5000,0,1,0.2684323256,0.19110103238095,0.1715567968159956
54674,Fully Paid,5000,5000,15.02,173.38,36 months,C,C3,20.29,0,0,1,30.3,9,26,house,MORTGAGE,GA,FEB2002,10+ years,63000,Source Verified,5000,0,5000,0,1,0.15907039,0.14176329604559498,0.1715567968159956
54687,Fully Paid,25000,25000,16.91,620.11,60 months,C,C5,29.82,0,0,0,79.2,12,23,debt_consolidation,MORTGAGE,KY,MAY2009,10+ years,80000,Verified,25000,0,25000,0,1,0.26556545,0.1898076650709893,0.1715567968159956
54689,Fully Paid,19500,19500,8.81,618.38,36 months,A,A5,5.6,0,2,0,7,8,15,debt_consolidation,OWN,MI,MAR1991,10+ years,94000,Source Verified,19500,0,19500,0,1,0.0647988614,0.09468309486252276,0.09318522201240317
54692,Fully Paid,14350,14350,20.89,539.83,36 months,D,D4,19.74,0,0,0,92.4,4,9,debt_consolidation,RENT,WI,JUN2005,3 years,31200,Source Verified,14350,0,14350,0,1,0.3692111826,0.24133656138042311,0.21124155917823043
54731,Fully Paid,4500,4500,8.19,141.41,36 months,A,A4,18.02,0,1,0,71.3,12,26,small_business,MORTGAGE,IL,SEP2000,10+ years,125000,Not Verified,4500,0,4500,0,1,0.0571886453,0.09178422161286719,0.09318522201240317
54766,Fully Paid,10000,10000,8.19,314.25,36 months,A,A4,16.55,0,0,0,48.9,12,17,debt_consolidation,OWN,TX,OCT2002,n/a,104000,Not Verified,10000,0,10000,0,1,0.0945133201,0.10600188638191531,0.09318522201240317
54774,Fully Paid,5000,5000,11.8,165.6,36 months,B,B4,12.66,0,0,0,21.9,13,24,debt_consolidation,RENT,NY,AUG2002,10+ years,40000,Not Verified,5000,0,5000,0,1,0.1268138692,0.12235137680367794,0.12551628685844768
54803,Fully Paid,8500,8500,10.72,277.16,36 months,B,B2,30.65,0,2,0,51.6,14,33,debt_consolidation,MORTGAGE,TX,OCT1997,10+ years,75000,Source Verified,8500,0,8500,0,1,0.1355375498,0.12595269181036123,0.12551628685844768
54870,Fully Paid,36000,36000,11.8,1192.28,36 months,B,B4,23.52,0,1,0,12.6,19,25,credit_card,MORTGAGE,TX,MAY2014,4 years,70000,Source Verified,36000,0,36000,0,1,0.198821694,0.15207768980634137,0.12551628685844768
54924,Fully Paid,7500,7500,6.11,228.54,36 months,A,A1,33.36,0,0,0,24.4,21,35,credit_card,OWN,OH,MAR2007,2 years,55000,Source Verified,7500,0,7500,0,1,0.0851341082,0.10242916963872571,0.09318522201240317
54994,Fully Paid,18175,18175,18.94,470.87,60 months,D,D2,24.62,0,0,1,13,13,15,house,MORTGAGE,FL,JAN2013,3 years,27000,Verified,18175,0,18175,0,1,0.2895732319,0.20437968338925885,0.21124155917823043
55036,Fully Paid,1050,1050,15.02,36.41,36 months,C,C3,6.13,0,1,0,68,3,9,debt_consolidation,OWN,CA,JUL2007,< 1 year,18600,Not Verified,1050,0,1050,0,1,0.1483670093,0.1369345540159639,0.1715567968159956
55135,Fully Paid,20000,20000,18.94,518.16,60 months,D,D2,14.84,0,1,1,95.6,11,38,credit_card,MORTGAGE,UT,JAN2009,1 year,125000,Source Verified,20000,0,20000,0,1,0.245571973,0.18396040913205564,0.21124155917823043
55196,Fully Paid,20000,20000,10.33,428.2,60 months,B,B1,18.45,0,1,0,12.3,14,33,home_improvement,MORTGAGE,FL,JUL2002,< 1 year,93000,Source Verified,20000,0,20000,0,1,0.1389763015,0.12737227932958653,0.12551628685844768
55224,Fully Paid,5000,5000,16.91,178.04,36 months,C,C5,37.91,0,0,0,10.1,25,30,debt_consolidation,RENT,NJ,JUL2005,< 1 year,41000,Not Verified,5000,0,5000,0,1,0.3605264156,0.23264852242431802,0.1715567968159956
55295,Fully Paid,40000,40000,10.08,1292.2,36 months,B,B1,7.04,0,0,0,30.6,17,28,home_improvement,MORTGAGE,CA,MAR2005,10+ years,600000,Verified,40000,0,40000,0,1,0.138091415,0.1270069799590821,0.12551628685844768
55338,Fully Paid,33000,33000,8.19,1037,36 months,A,A4,9.38,0,2,0,21.8,12,38,debt_consolidation,OWN,IL,MAR1992,10+ years,168296,Source Verified,33000,0,33000,0,1,0.0691406272,0.09633695443346048,0.09318522201240317
55413,Fully Paid,1200,1200,25.34,47.93,36 months,E,E3,12.01,0,1,0,60.9,16,52,credit_card,MORTGAGE,OH,APR2005,10+ years,145000,Source Verified,1200,0,1200,0,1,0.267299682,0.20389135016751922,0.26321838497840144
55444,Fully Paid,2100,2100,16.91,74.78,36 months,C,C5,16.96,0,1,0,65.1,10,16,other,MORTGAGE,NH,AUG2009,7 years,65300,Source Verified,2100,0,2100,0,1,0.185403284,0.15364316424645416,0.1715567968159956
55480,Fully Paid,7000,7000,7.56,217.94,36 months,A,A3,13.05,0,0,0,20.8,6,13,credit_card,RENT,NJ,OCT2009,4 years,55000,Not Verified,7000,0,7000,0,1,0.0582456669,0.09218686085468164,0.09318522201240317
55498,Fully Paid,10000,10000,10.72,326.07,36 months,B,B2,13.32,0,0,1,5.4,5,25,debt_consolidation,OWN,GA,AUG2007,2 years,72000,Not Verified,10000,0,10000,0,1,0.0975114407,0.11025473086626077,0.12551628685844768
55532,Fully Paid,20000,20000,29.69,643.27,60 months,F,F2,6.08,0,1,0,21,10,17,home_improvement,MORTGAGE,NJ,OCT2014,5 years,94000,Source Verified,20000,0,20000,0,1,0.4298595438,0.29571509509710436,0.30760747675322797
55571,Fully Paid,4000,4000,25.34,159.76,36 months,E,E3,25.77,2,0,0,89.8,17,33,home_improvement,MORTGAGE,IN,NOV1995,1 year,55000,Not Verified,4000,0,4000,0,1,0.3738396952,0.2572576172258292,0.26321838497840144
55608,Fully Paid,9600,9600,6.46,294.06,36 months,A,A1,10.48,0,1,0,10.7,19,41,credit_card,MORTGAGE,GA,SEP2002,10+ years,116000,Not Verified,9600,0,9600,0,1,0.0392758833,0.0849609164784379,0.09318522201240317
55659,Fully Paid,28000,28000,14.47,658.36,60 months,C,C2,27.87,0,1,1,17.2,6,11,debt_consolidation,RENT,CA,APR2005,10+ years,50000,Verified,28000,0,28000,0,1,0.3211350139,0.21487741604903313,0.1715567968159956
55705,Fully Paid,9000,9000,8.46,283.95,36 months,A,A5,23.65,0,1,0,7,15,25,major_purchase,MORTGAGE,FL,DEC2007,< 1 year,180000,Source Verified,9000,0,9000,0,1,0.0742832173,0.09829586291633961,0.09318522201240317
55739,Fully Paid,11000,11000,13.56,253.45,60 months,C,C1,9.55,0,0,0,23.8,4,15,credit_card,MORTGAGE,PA,JUN2006,2 years,70000,Not Verified,11000,0,11000,0,1,0.1338595806,0.13038964706842665,0.1715567968159956
55764,Fully Paid,35000,35000,12.98,796,60 months,B,B5,12.83,0,1,0,18.6,6,30,home_improvement,MORTGAGE,CA,SEP2002,10+ years,120000,Not Verified,35000,0,35000,0,1,0.1199616168,0.11952262589804508,0.12551628685844768
55765,Fully Paid,3000,3000,12.73,100.7,36 months,B,B5,2.37,1,1,0,12.4,8,29,debt_consolidation,RENT,FL,JAN1990,n/a,44000,Source Verified,3000,0,3000,0,1,0.17785941,0.14342402727500597,0.12551628685844768
55822,Fully Paid,11000,11000,19.92,290.95,60 months,D,D3,10.59,0,1,0,87.4,5,15,debt_consolidation,OWN,MA,FEB2009,8 years,70000,Source Verified,11000,0,11000,0,1,0.2742587941,0.1972728479633961,0.21124155917823043
55911,Fully Paid,10000,10000,11.8,221.44,60 months,B,B4,5.16,0,1,0,24.5,11,37,debt_consolidation,MORTGAGE,CA,AUG1992,7 years,155000,Not Verified,10000,0,10000,0,1,0.0757171458,0.10125759710101818,0.12551628685844768
55928,Fully Paid,4800,4800,8.81,152.22,36 months,A,A5,31.96,0,1,0,25.1,12,15,debt_consolidation,OWN,CA,AUG2014,4 years,49000,Not Verified,4800,0,4800,0,1,0.0788502667,0.1000355372122529,0.09318522201240317
55933,Fully Paid,16000,16000,8.19,502.79,36 months,A,A4,4.55,0,0,0,42.4,14,28,credit_card,OWN,NC,OCT2007,6 years,120000,Not Verified,16000,0,16000,0,1,0.0484814725,0.08846749709698275,0.09318522201240317
55998,Fully Paid,10000,10000,11.8,221.44,60 months,B,B4,24.83,0,1,0,5.9,28,50,debt_consolidation,MORTGAGE,CA,JAN1999,10+ years,165000,Source Verified,10000,0,10000,0,1,0.1497544568,0.13182172380216994,0.12551628685844768
56031,Fully Paid,10075,10075,18.94,261.02,60 months,D,D2,14.34,1,3,0,21.1,7,31,other,MORTGAGE,WV,MAR2003,< 1 year,87500,Source Verified,10075,0,10075,0,1,0.2279220218,0.17576975270110853,0.21124155917823043
56281,Fully Paid,14500,14500,20.89,545.47,36 months,D,D4,13.09,0,1,1,19.8,14,32,debt_consolidation,RENT,MI,JUN1992,5 years,38500,Verified,14500,0,14500,0,1,0.3273380011,0.2219048451421827,0.21124155917823043
56312,Fully Paid,4800,4800,13.56,163.03,36 months,C,C1,52.08,0,0,0,16.2,8,17,other,OWN,TN,DEC2007,10+ years,62400,Not Verified,4800,0,4800,0,1,0.2723085358,0.19284975268092255,0.1715567968159956
56370,Fully Paid,5000,5000,6.11,152.36,36 months,A,A1,9.24,0,2,0,6.7,12,47,credit_card,RENT,ID,DEC2000,n/a,33000,Source Verified,5000,0,5000,0,1,0.0776953181,0.09959559574971452,0.09318522201240317
56396,Fully Paid,14400,14400,11.06,471.85,36 months,B,B3,57.28,0,0,0,24.8,11,36,debt_consolidation,OWN,WA,JUN1983,n/a,40000,Verified,14400,0,14400,0,1,0.3169586819,0.20084707131815824,0.12551628685844768
56407,Fully Paid,5900,5900,14.47,203,36 months,C,C2,31.21,0,0,0,13.4,10,14,other,OWN,VA,MAY2007,n/a,13000,Not Verified,5900,0,5900,0,1,0.3220183736,0.21527593650067625,0.1715567968159956
56487,Fully Paid,13300,13300,10.08,283.11,60 months,B,B1,6.34,0,1,0,8.2,8,21,home_improvement,MORTGAGE,DC,NOV2005,3 years,195000,Source Verified,13300,0,13300,0,1,0.1029201941,0.1124875756573538,0.12551628685844768
56539,Fully Paid,8000,8000,16.14,281.81,36 months,C,C4,35.29,0,0,0,35.4,11,27,debt_consolidation,OWN,TN,AUG2010,< 1 year,61218,Verified,8000,0,8000,0,1,0.2747839476,0.19396651432234532,0.1715567968159956
56570,Fully Paid,10000,10000,7.02,308.87,36 months,A,A2,13.61,0,1,0,5.6,7,17,credit_card,MORTGAGE,MI,SEP2001,< 1 year,82689,Verified,10000,0,10000,0,1,0.0481338643,0.08833508665040675,0.09318522201240317
56630,Fully Paid,27000,27000,16.91,669.72,60 months,C,C5,32.03,0,1,1,35.9,10,24,debt_consolidation,MORTGAGE,TN,JUL2005,10+ years,42000,Verified,27000,0,27000,0,1,0.2739651602,0.1935971251319083,0.1715567968159956
56824,Fully Paid,5000,5000,11.8,165.6,36 months,B,B4,29.16,0,1,0,0.2,6,6,credit_card,OWN,FL,MAR2009,3 years,70000,Source Verified,5000,0,5000,0,1,0.1714327161,0.1407709556821017,0.12551628685844768
56887,Fully Paid,3000,3000,16.91,106.83,36 months,C,C5,9.03,0,0,0,33.3,8,18,other,MORTGAGE,CA,OCT2002,10+ years,72000,Not Verified,3000,0,3000,0,1,0.137290594,0.13193752049955737,0.1715567968159956
56889,Fully Paid,6000,6000,18.94,219.76,36 months,D,D2,34.86,1,0,0,13.2,11,31,other,RENT,FL,SEP2003,10+ years,68000,Not Verified,6000,0,6000,0,1,0.3328617209,0.22446818883588202,0.21124155917823043
56913,Fully Paid,8700,8700,17.97,314.4,36 months,D,D1,34.34,0,0,0,94.3,14,54,credit_card,MORTGAGE,CA,OCT2000,10+ years,86350,Source Verified,8700,0,8700,0,1,0.2527049169,0.18727053119211665,0.21124155917823043
56922,Fully Paid,7200,7200,6.46,220.55,36 months,A,A1,3.59,0,2,1,8.2,29,33,credit_card,OWN,MA,OCT2007,n/a,89000,Source Verified,7200,0,7200,0,1,0.0971834472,0.10701898759450379,0.09318522201240317
57015,Fully Paid,18000,18000,27.27,552.55,60 months,E,E5,13.24,1,2,0,21.4,28,52,debt_consolidation,MORTGAGE,OH,NOV2004,10+ years,100000,Source Verified,18000,0,18000,0,1,0.412272162,0.27650857492102154,0.26321838497840144
57035,Fully Paid,21000,21000,13.56,483.86,60 months,C,C1,21.04,0,0,0,40.3,15,35,debt_consolidation,MORTGAGE,UT,OCT1981,10+ years,113000,Source Verified,21000,0,21000,0,1,0.211827349,0.16556416349290756,0.1715567968159956
57110,Fully Paid,20000,20000,18.94,518.16,60 months,D,D2,17.01,0,0,0,81.4,9,22,debt_consolidation,OWN,NC,JAN2000,10+ years,40000,Source Verified,20000,0,20000,0,1,0.3063292609,0.21215550526722451,0.21124155917823043
57114,Fully Paid,10000,10000,10.72,326.07,36 months,B,B2,10.02,0,0,0,42.1,7,13,debt_consolidation,OWN,MN,APR1981,n/a,21672,Not Verified,10000,0,10000,0,1,0.1582664936,0.1353356678896324,0.12551628685844768
57116,Fully Paid,40000,40000,6.46,1225.24,36 months,A,A1,7.82,0,0,0,24.8,5,34,debt_consolidation,RENT,CA,APR1994,< 1 year,150000,Not Verified,40000,0,40000,0,1,0.0644544999,0.09455192114453052,0.09318522201240317
57188,Fully Paid,1000,1000,14.47,34.41,36 months,C,C2,8.89,0,1,0,20,29,50,other,RENT,OH,FEB1989,10+ years,62000,Not Verified,1000,0,1000,0,1,0.1843255323,0.1531569454453892,0.1715567968159956
57194,Fully Paid,11000,11000,13.56,373.61,36 months,C,C1,7.16,0,0,0,44.1,11,18,debt_consolidation,MORTGAGE,CA,MAR2005,10+ years,100000,Source Verified,11000,0,11000,0,1,0.1654371333,0.14463559983691787,0.1715567968159956
57215,Fully Paid,21000,21000,16.91,520.89,60 months,C,C5,38.29,2,0,0,14.2,3,17,debt_consolidation,MORTGAGE,CT,JUN2002,1 year,52000,Not Verified,21000,0,21000,0,1,0.2767052077,0.19483327498934874,0.1715567968159956
57281,Fully Paid,28000,28000,17.97,1011.85,36 months,D,D1,24.56,0,0,0,95.8,7,10,credit_card,RENT,FL,JUN2011,< 1 year,70900,Source Verified,28000,0,28000,0,1,0.4111080079,0.26077924978738665,0.21124155917823043
57302,Fully Paid,27900,27900,15.02,967.44,36 months,C,C3,22.55,0,0,0,40.5,18,33,debt_consolidation,MORTGAGE,FL,APR2003,10+ years,78980,Not Verified,27900,0,27900,0,1,0.2255582884,0.17175876368937606,0.1715567968159956
57324,Fully Paid,5000,5000,8.19,157.13,36 months,A,A4,16.37,0,1,0,30.5,6,47,debt_consolidation,MORTGAGE,NH,OCT2003,1 year,140000,Not Verified,5000,0,5000,0,1,0.0343610915,0.08308878061666565,0.09318522201240317
57329,Fully Paid,10000,10000,26.31,301.25,60 months,E,E4,9.08,0,0,0,67.4,4,9,debt_consolidation,RENT,CA,NOV2003,n/a,38052,Not Verified,10000,0,10000,0,1,0.4820323373,0.31145169190849264,0.26321838497840144
57357,Fully Paid,26400,26400,22.35,734.41,60 months,D,D5,25.42,0,1,0,91.7,10,18,debt_consolidation,RENT,CA,MAR1993,10+ years,300000,Verified,26400,0,26400,0,1,0.4262864675,0.26782298301508023,0.21124155917823043
57373,Fully Paid,1000,1000,16.91,35.61,36 months,C,C5,24.7,0,1,1,50.1,13,30,medical,MORTGAGE,CA,JUL2005,4 years,76100,Source Verified,1000,0,1000,0,1,0.2195677284,0.16905617189489502,0.1715567968159956
57395,Fully Paid,20000,20000,10.72,652.13,36 months,B,B2,10.17,0,0,0,27.8,8,9,credit_card,RENT,MI,OCT2014,3 years,85000,Source Verified,20000,0,20000,0,1,0.1662018111,0.13861153037312895,0.12551628685844768
57420,Fully Paid,4000,4000,13.56,135.86,36 months,C,C1,15.29,0,1,1,40.8,19,43,debt_consolidation,MORTGAGE,MD,MAY1985,n/a,120000,Not Verified,4000,0,4000,0,1,0.2131808576,0.1661747877477551,0.1715567968159956
57428,Fully Paid,14000,14000,14.47,481.69,36 months,C,C2,7.63,0,0,0,53,9,23,debt_consolidation,RENT,IN,NOV2005,4 years,42000,Source Verified,14000,0,14000,0,1,0.2205721981,0.16950933012534844,0.1715567968159956
57457,Fully Paid,4500,4500,15.02,156.04,36 months,C,C3,12.95,0,1,0,34.5,7,13,debt_consolidation,RENT,IL,AUG2011,5 years,52000,Not Verified,4500,0,4500,0,1,0.2014585563,0.16088636808318044,0.1715567968159956
57548,Fully Paid,30000,30000,19.92,793.49,60 months,D,D3,19.15,0,1,0,55.7,12,18,debt_consolidation,OWN,DE,MAR2010,3 years,88000,Source Verified,30000,0,30000,0,1,0.3867801319,0.24948962797751537,0.21124155917823043
57561,Fully Paid,33000,33000,13.56,760.35,60 months,C,C1,14.6,0,1,0,37.7,9,13,debt_consolidation,RENT,NJ,NOV2013,< 1 year,90000,Not Verified,33000,0,33000,0,1,0.2732484582,0.1932737909287139,0.1715567968159956
57572,Fully Paid,2000,2000,16.91,71.22,36 months,C,C5,1.45,0,1,0,0.4,14,20,other,RENT,FL,JUL2010,n/a,60000,Source Verified,2000,0,2000,0,1,0.2997428503,0.20522651766698605,0.1715567968159956
57575,Fully Paid,15000,15000,20.89,564.28,36 months,D,D4,20.67,0,3,0,32.7,9,36,credit_card,MORTGAGE,MN,SEP1998,3 years,85000,Not Verified,15000,0,15000,0,1,0.2375759666,0.18024977330649858,0.21124155917823043
57605,Fully Paid,6000,6000,10.33,194.54,36 months,B,B1,3.2,2,3,1,5.7,9,27,home_improvement,MORTGAGE,UT,OCT1994,5 years,103600,Source Verified,6000,0,6000,0,1,0.0935829979,0.10863298877628363,0.12551628685844768
57630,Fully Paid,16000,16000,7.56,498.15,36 months,A,A3,6.98,0,2,1,22.9,16,37,credit_card,RENT,MD,APR2000,< 1 year,185000,Not Verified,16000,0,16000,0,1,0.0589679601,0.09246199580595958,0.09318522201240317
57632,Fully Paid,40000,40000,10.72,864.13,60 months,B,B2,9.56,0,0,0,9.4,11,17,home_improvement,RENT,VA,MAR2013,6 years,125000,Not Verified,40000,0,40000,0,1,0.1809035048,0.14468069229836855,0.12551628685844768
57707,Fully Paid,22000,22000,6.11,670.38,36 months,A,A1,16.96,0,0,0,73.6,13,41,debt_consolidation,MORTGAGE,MN,SEP2008,< 1 year,125000,Not Verified,22000,0,22000,0,1,0.0463212139,0.08764461430553636,0.09318522201240317
57715,Fully Paid,20000,20000,11.55,440.36,60 months,B,B4,23.07,0,0,0,29.2,13,30,debt_consolidation,MORTGAGE,MA,MAR2001,10+ years,62000,Source Verified,20000,0,20000,0,1,0.1431281178,0.12908623460050536,0.12551628685844768
57771,Fully Paid,28500,28500,10.33,610.18,60 months,B,B1,36,0,0,0,22.4,20,24,credit_card,RENT,CA,OCT1998,6 years,64000,Verified,28500,0,28500,0,1,0.2579527933,0.17648822534002098,0.12551628685844768
57832,Fully Paid,17000,17000,10.47,365.15,60 months,B,B2,8.16,0,1,0,5.7,16,18,major_purchase,RENT,CA,NOV2011,1 year,131000,Not Verified,17000,0,17000,0,1,0.1531039516,0.13320446423492352,0.12551628685844768
57854,Fully Paid,10000,10000,7.56,311.34,36 months,A,A3,10.34,0,0,0,37.2,7,14,credit_card,RENT,VA,JUL2005,< 1 year,115000,Not Verified,10000,0,10000,0,1,0.0593677705,0.09261429104413214,0.09318522201240317
57864,Fully Paid,20000,20000,20.89,539.84,60 months,D,D4,14.8,0,0,1,45.2,8,18,debt_consolidation,OWN,GA,DEC2008,10+ years,75000,Not Verified,20000,0,20000,0,1,0.2869270876,0.20315171065537344,0.21124155917823043
57923,Fully Paid,10000,10000,17.97,253.78,60 months,D,D1,14.07,0,3,0,25.1,11,16,credit_card,RENT,IL,JUN2010,< 1 year,75000,Not Verified,10000,0,10000,0,1,0.2927827866,0.20586911299425584,0.21124155917823043
57949,Fully Paid,20000,20000,25.34,591.02,60 months,E,E3,18.52,0,0,0,82,8,15,credit_card,RENT,VA,APR2005,2 years,69000,Not Verified,20000,0,20000,0,1,0.4234718577,0.2821185418596966,0.26321838497840144
58003,Fully Paid,5000,5000,15.02,173.38,36 months,C,C3,10.49,0,2,0,7.9,20,22,credit_card,OWN,TX,OCT2009,2 years,100000,Not Verified,5000,0,5000,0,1,0.1948146565,0.15788902742006475,0.1715567968159956
58049,Fully Paid,18000,18000,10.72,586.92,36 months,B,B2,17.6,0,0,0,35.8,12,22,debt_consolidation,RENT,CA,APR2004,n/a,15000,Verified,18000,0,18000,0,1,0.2414077643,0.16965809664139456,0.12551628685844768
58132,Fully Paid,12000,12000,18.94,439.51,36 months,D,D2,16.5,0,2,1,25.9,11,17,debt_consolidation,RENT,FL,MAR2010,9 years,68000,Verified,12000,0,12000,0,1,0.3387692835,0.22720965905597604,0.21124155917823043
58144,Fully Paid,12000,12000,16.91,297.66,60 months,C,C5,23.14,0,0,0,96.3,8,15,debt_consolidation,OWN,ME,OCT2001,10+ years,70000,Verified,12000,0,12000,0,1,0.2406168024,0.17855228823023336,0.1715567968159956
58151,Fully Paid,18750,18750,14.47,645.12,36 months,C,C2,8.87,0,1,0,35.4,8,14,debt_consolidation,MORTGAGE,NY,OCT2000,n/a,105000,Source Verified,18750,0,18750,0,1,0.2741053472,0.19366036934211453,0.1715567968159956
58161,Fully Paid,20000,20000,22.35,556.37,60 months,D,D5,7.15,0,0,0,91.1,4,18,debt_consolidation,MORTGAGE,NY,NOV2006,10+ years,175000,Source Verified,20000,0,20000,0,1,0.2510999041,0.18652570712642333,0.21124155917823043
58187,Fully Paid,1500,1500,8.19,47.14,36 months,A,A4,14.39,0,0,1,19.5,10,23,car,RENT,WA,APR2000,3 years,80000,Not Verified,1500,0,1500,0,1,0.0514779317,0.08960890429283942,0.09318522201240317
58341,Fully Paid,1200,1200,26.31,48.55,36 months,E,E4,17.78,2,0,0,58.9,13,29,medical,RENT,TX,DEC2005,10+ years,65000,Not Verified,1200,0,1200,0,1,0.4095609428,0.2751505156948676,0.26321838497840144
58343,Fully Paid,7000,7000,16.91,249.26,36 months,C,C5,19.07,0,0,0,17.1,5,16,home_improvement,MORTGAGE,MS,MAY2004,10+ years,64000,Source Verified,7000,0,7000,0,1,0.206360801,0.16309797539547813,0.1715567968159956
58412,Fully Paid,4000,4000,22.35,153.49,36 months,D,D5,6,0,0,0,21,5,6,medical,RENT,CA,APR1972,n/a,15000,Source Verified,4000,0,4000,0,1,0.4419495972,0.27509163280069915,0.21124155917823043
58423,Fully Paid,20000,20000,10.72,652.13,36 months,B,B2,33.26,1,0,0,6.4,4,20,debt_consolidation,MORTGAGE,OH,OCT1994,n/a,28968,Source Verified,20000,0,20000,0,1,0.235405843,0.16718037992551407,0.12551628685844768
58429,Fully Paid,17000,17000,8.81,539.1,36 months,A,A5,27.96,0,0,0,77.8,10,40,debt_consolidation,MORTGAGE,FL,MAY1997,8 years,90000,Verified,17000,0,17000,0,1,0.0611069199,0.0932767654872448,0.09318522201240317
58507,Fully Paid,20000,20000,15.02,693.51,36 months,C,C3,28.44,0,1,0,18.9,24,39,home_improvement,MORTGAGE,NV,AUG2007,10+ years,80000,Not Verified,20000,0,20000,0,1,0.250235029,0.18289147192701952,0.1715567968159956
58575,Fully Paid,3000,3000,16.14,105.68,36 months,C,C4,9.45,1,0,0,25.6,4,14,debt_consolidation,MORTGAGE,MD,AUG2003,< 1 year,70000,Source Verified,3000,0,3000,0,1,0.172839653,0.14797518561849823,0.1715567968159956
58608,Fully Paid,3600,3600,10.72,117.39,36 months,B,B2,27.56,0,3,0,0.3,8,16,other,RENT,MN,MAY2013,2 years,30000,Verified,3600,0,3600,0,1,0.1546718338,0.13385171829596418,0.12551628685844768
58655,Fully Paid,2400,2400,16.91,85.46,36 months,C,C5,19.15,5,0,0,32.9,8,22,major_purchase,MORTGAGE,CA,DEC2003,5 years,67000,Source Verified,2400,0,2400,0,1,0.2325917225,0.17493183954299965,0.1715567968159956
58723,Fully Paid,6000,6000,15.02,208.06,36 months,C,C3,31.29,3,1,0,68.1,10,49,debt_consolidation,MORTGAGE,ME,JAN1994,10+ years,149000,Not Verified,6000,0,6000,0,1,0.1747609159,0.1488419475486986,0.1715567968159956
58746,Fully Paid,6700,6700,11.31,220.34,36 months,B,B3,12.38,0,1,1,5.5,9,21,debt_consolidation,MORTGAGE,NY,FEB2005,2 years,29000,Source Verified,6700,0,6700,0,1,0.105867454,0.11370426523978373,0.12551628685844768
58789,Fully Paid,24000,24000,11.31,789.26,36 months,B,B3,14.52,2,0,0,54.2,13,32,debt_consolidation,MORTGAGE,TX,MAY2007,10+ years,90000,Not Verified,24000,0,24000,0,1,0.1158786456,0.11783709130219848,0.12551628685844768
58849,Fully Paid,10000,10000,19.92,371.23,36 months,D,D3,20.43,1,0,0,73.9,19,26,vacation,MORTGAGE,NY,APR2004,n/a,108000,Not Verified,10000,0,10000,0,1,0.3710921464,0.24220944358107463,0.21124155917823043
58913,Fully Paid,16000,16000,17.97,578.2,36 months,D,D1,22.89,0,1,0,52.5,16,34,credit_card,RENT,DC,JAN2005,2 years,85000,Not Verified,16000,0,16000,0,1,0.3164858462,0.21686878179480537,0.21124155917823043
59049,Fully Paid,12000,12000,11.55,396,36 months,B,B4,23.25,0,0,0,72.4,17,49,credit_card,MORTGAGE,FL,MAY2004,10+ years,70000,Verified,12000,0,12000,0,1,0.1074290767,0.1143489352503166,0.12551628685844768
59059,Fully Paid,4325,4325,12.73,145.17,36 months,B,B5,24.43,0,0,0,86.9,10,18,debt_consolidation,RENT,GA,NOV1993,10+ years,96000,Not Verified,4325,0,4325,0,1,0.1505916573,0.13216733740983147,0.12551628685844768
59073,Fully Paid,2000,2000,7.56,62.27,36 months,A,A3,33.77,0,0,0,28.4,8,32,medical,RENT,OK,JUL2003,3 years,65000,Not Verified,2000,0,2000,0,1,0.0755163478,0.0987655853227486,0.09318522201240317
59135,Fully Paid,18000,18000,10.72,586.92,36 months,B,B2,18.37,1,0,1,24.1,20,25,credit_card,OWN,NY,APR2000,10+ years,58000,Not Verified,18000,0,18000,0,1,0.1505273867,0.1321408051825662,0.12551628685844768
59175,Fully Paid,1000,1000,23.4,38.92,36 months,E,E1,34.85,0,0,0,33.2,6,25,other,RENT,FL,MAY2002,n/a,30096,Verified,1000,0,1000,0,1,0.5250061071,0.3329774042372868,0.26321838497840144
59200,Fully Paid,12000,12000,23.4,467.03,36 months,E,E1,20.96,0,1,0,76.3,7,22,debt_consolidation,MORTGAGE,AZ,MAR2001,10+ years,69980,Not Verified,12000,0,12000,0,1,0.2974595557,0.21899853690399598,0.26321838497840144
59254,Fully Paid,15000,15000,19.92,556.85,36 months,D,D3,15.89,0,1,1,37.4,8,15,debt_consolidation,RENT,CA,SEP2004,6 years,37000,Source Verified,15000,0,15000,0,1,0.3522442872,0.23346288460100986,0.21124155917823043
59260,Fully Paid,32000,32000,8.19,651.76,60 months,A,A4,17.13,0,1,0,41.4,32,64,debt_consolidation,MORTGAGE,PA,MAY2002,10+ years,150000,Source Verified,32000,0,32000,0,1,0.0767464619,0.0992341587261391,0.09318522201240317
59302,Fully Paid,9000,9000,7.56,280.21,36 months,A,A3,13.77,0,0,0,49.5,12,26,credit_card,MORTGAGE,TX,MAR2004,10+ years,125000,Not Verified,9000,0,9000,0,1,0.0420717439,0.08602591192621577,0.09318522201240317
59372,Fully Paid,20000,20000,15.02,693.51,36 months,C,C3,3.66,0,1,0,36.7,7,7,debt_consolidation,RENT,NJ,MAY2015,10+ years,200000,Not Verified,20000,0,20000,0,1,0.2117413005,0.16552534342098982,0.1715567968159956
59529,Fully Paid,25000,25000,6.11,761.8,36 months,A,A1,1.52,0,0,0,8.2,6,63,credit_card,OWN,NY,OCT2002,10+ years,400000,Source Verified,25000,0,25000,0,1,0.0353989077,0.08348410416342265,0.09318522201240317
59562,Fully Paid,15000,15000,15.02,357.01,60 months,C,C3,8.13,1,0,0,85.9,7,16,debt_consolidation,MORTGAGE,MA,AUG1994,10+ years,120000,Source Verified,15000,0,15000,0,1,0.1772347885,0.14995801479272108,0.1715567968159956
59577,Fully Paid,20000,20000,13.56,460.82,60 months,C,C1,8.71,0,0,0,91.3,5,5,credit_card,RENT,CA,MAY1998,< 1 year,50000,Source Verified,20000,0,20000,0,1,0.2426735237,0.17948016110170353,0.1715567968159956
59581,Fully Paid,12000,12000,6.46,367.57,36 months,A,A1,9.99,0,0,0,10.3,15,35,home_improvement,MORTGAGE,GA,MAR2000,1 year,34000,Source Verified,12000,0,12000,0,1,0.0518429734,0.08974795548471541,0.09318522201240317
59598,Fully Paid,5000,5000,6.46,153.16,36 months,A,A1,23,0,0,0,32.9,12,27,credit_card,OWN,NY,SEP2009,1 year,30000,Not Verified,5000,0,5000,0,1,0.0554635639,0.09112710593333499,0.09318522201240317
59655,Fully Paid,21300,21300,16.14,519.57,60 months,C,C4,24.17,0,0,0,85,19,21,debt_consolidation,RENT,HI,AUG2007,10+ years,71000,Verified,21300,0,21300,0,1,0.3321798927,0.2198602221332586,0.1715567968159956
59656,Fully Paid,10000,10000,18.94,366.26,36 months,D,D2,12.39,1,0,0,76.1,11,15,debt_consolidation,MORTGAGE,MD,AUG2008,5 years,80000,Verified,10000,0,10000,0,1,0.2473434667,0.18478249051357737,0.21124155917823043
59673,Fully Paid,20500,20500,12.98,466.23,60 months,B,B5,24.61,0,1,0,14.4,18,48,debt_consolidation,OWN,NJ,DEC1999,2 years,75000,Not Verified,20500,0,20500,0,1,0.1487617195,0.13141190140035205,0.12551628685844768
59681,Fully Paid,5000,5000,10.33,162.12,36 months,B,B1,11.25,0,1,0,2.5,6,16,debt_consolidation,RENT,TX,JAN2007,5 years,75000,Not Verified,5000,0,5000,0,1,0.1132274757,0.11674263376942991,0.12551628685844768
59683,Fully Paid,20000,20000,15.02,693.51,36 months,C,C3,32.85,0,1,0,31.4,32,55,credit_card,RENT,CT,AUG1994,10+ years,75000,Source Verified,20000,0,20000,0,1,0.3630297159,0.23377786573277362,0.1715567968159956
59745,Fully Paid,20000,20000,22.35,556.37,60 months,D,D5,12.3,0,2,0,55.7,5,21,debt_consolidation,RENT,CA,JAN2005,4 years,51500,Verified,20000,0,20000,0,1,0.3310721589,0.2236377226585093,0.21124155917823043
59788,Fully Paid,26000,26000,27.27,798.12,60 months,E,E5,24.45,0,1,0,28.7,12,19,debt_consolidation,RENT,FL,SEP2012,< 1 year,45000,Source Verified,26000,0,26000,0,1,0.569210293,0.3551194363150018,0.26321838497840144
59835,Fully Paid,14000,14000,8.46,441.69,36 months,A,A5,6.18,0,2,0,70.1,14,32,other,MORTGAGE,CA,MAR1997,< 1 year,385000,Source Verified,14000,0,14000,0,1,0.0472409123,0.08799494457927338,0.09318522201240317
59894,Fully Paid,19000,19000,8.81,602.52,36 months,A,A5,4.19,0,1,0,57.8,14,19,credit_card,MORTGAGE,OH,DEC2006,7 years,115000,Verified,19000,0,19000,0,1,0.0512451681,0.08952024029635534,0.09318522201240317
59910,Fully Paid,20000,20000,8.46,630.99,36 months,A,A5,29.82,1,0,0,58.1,15,27,credit_card,MORTGAGE,AZ,OCT2005,n/a,67000,Verified,20000,0,20000,0,1,0.1214802493,0.11627409267093715,0.09318522201240317
59942,Fully Paid,12325,12325,11.55,406.73,36 months,B,B4,24.82,0,0,0,34.1,13,15,home_improvement,MORTGAGE,CA,JUN1999,10+ years,92000,Source Verified,12325,0,12325,0,1,0.1584327085,0.135404284823373,0.12551628685844768
59952,Fully Paid,1000,1000,17.97,36.14,36 months,D,D1,37.26,0,0,0,71.6,16,47,other,MORTGAGE,MD,AUG1998,10+ years,101000,Verified,1000,0,1000,0,1,0.2437228196,0.18310228890181288,0.21124155917823043
59972,Fully Paid,5200,5200,7.56,161.9,36 months,A,A3,47.01,0,0,0,3.8,13,39,debt_consolidation,MORTGAGE,GA,OCT2003,3 years,51000,Verified,5200,0,5200,0,1,0.076845515,0.09927188989935577,0.09318522201240317
60020,Fully Paid,10000,10000,8.19,314.25,36 months,A,A4,12.32,0,0,0,37,10,35,debt_consolidation,MORTGAGE,IL,DEC1996,10+ years,67000,Not Verified,10000,0,10000,0,1,0.0389902285,0.08485210523740681,0.09318522201240317
60052,Fully Paid,33625,33625,11.06,1101.8,36 months,B,B3,32.62,0,2,0,46.1,13,25,debt_consolidation,MORTGAGE,PA,NOV2003,10+ years,70000,Verified,33625,0,33625,0,1,0.1804661315,0.14450013559288663,0.12551628685844768
60118,Fully Paid,6000,6000,10.47,194.93,36 months,B,B2,5.3,0,1,0,26.7,10,22,debt_consolidation,MORTGAGE,TN,DEC2008,1 year,84000,Not Verified,6000,0,6000,0,1,0.0794327892,0.10279149121629608,0.12551628685844768
60165,Fully Paid,20000,20000,16.14,487.86,60 months,C,C4,15.19,1,1,0,74.6,16,29,debt_consolidation,MORTGAGE,TX,APR1985,4 years,226000,Not Verified,20000,0,20000,0,1,0.2008585147,0.1606156642584116,0.1715567968159956
60177,Fully Paid,10000,10000,28.72,315.72,60 months,F,F1,19.84,0,0,0,62,7,11,debt_consolidation,MORTGAGE,VA,NOV2006,< 1 year,30000,Source Verified,10000,0,10000,0,1,0.4398948366,0.300984530430924,0.30760747675322797
60196,Fully Paid,40000,40000,13.56,1358.58,36 months,C,C1,16.1,0,1,0,46.8,23,34,other,OWN,TN,JUL1999,10+ years,63000,Not Verified,40000,0,40000,0,1,0.2556020155,0.1853127436738997,0.1715567968159956
60268,Fully Paid,20000,20000,10.47,649.77,36 months,B,B2,62.36,0,1,0,39.3,7,15,credit_card,OWN,MS,MAR1967,n/a,20000,Source Verified,20000,0,20000,0,1,0.3854234228,0.22911072632082477,0.12551628685844768
60283,Fully Paid,3000,3000,10.33,97.27,36 months,B,B1,8.4,0,0,0,11.5,6,25,other,OWN,WA,OCT2009,9 years,61000,Not Verified,3000,0,3000,0,1,0.0806296524,0.10328558099339165,0.12551628685844768
60298,Fully Paid,6000,6000,11.31,197.32,36 months,B,B3,23.41,0,1,0,54.8,12,18,debt_consolidation,MORTGAGE,VA,JUL1998,5 years,89000,Not Verified,6000,0,6000,0,1,0.1136668034,0.11692399729148063,0.12551628685844768
60302,Fully Paid,40000,40000,11.8,885.75,60 months,B,B4,24.3,0,0,0,43,8,21,credit_card,MORTGAGE,FL,FEB1987,10+ years,93594,Not Verified,40000,0,40000,0,1,0.1500984513,0.13196373181597396,0.12551628685844768
60344,Fully Paid,6000,6000,11.31,197.32,36 months,B,B3,11.6,1,1,1,20.5,16,38,debt_consolidation,RENT,UT,FEB2003,10+ years,36000,Source Verified,6000,0,6000,0,1,0.1410276001,0.1282190976359982,0.12551628685844768
60380,Charged Off,35000,35000,14.47,1204.23,36 months,C,C2,11.61,1,2,0,33.8,5,23,home_improvement,RENT,TX,JUN2005,1 year,95000,Source Verified,35000,0,782.19,1,1,0.2931323945,0.20224426498896267,0.1715567968159956
60414,Fully Paid,10000,10000,10.08,323.05,36 months,B,B1,2.02,0,0,0,21.8,2,9,debt_consolidation,MORTGAGE,IN,APR2000,n/a,25000,Not Verified,10000,0,10000,0,1,0.1122645837,0.11634513212208449,0.12551628685844768
60505,Fully Paid,35000,35000,18.94,906.77,60 months,D,D2,22.03,0,0,0,26.6,12,22,debt_consolidation,MORTGAGE,PA,MAY1998,6 years,100000,Source Verified,35000,0,35000,0,1,0.3524538069,0.23356011455132356,0.21124155917823043
60529,Fully Paid,10600,10600,16.91,377.45,36 months,C,C5,4.13,0,0,0,44.6,6,10,home_improvement,MORTGAGE,TX,JUN2014,5 years,70000,Not Verified,10600,0,10600,0,1,0.1577159173,0.14115223684497458,0.1715567968159956
60531,Fully Paid,6500,6500,6.11,198.07,36 months,A,A1,5.08,1,1,0,13.8,10,50,debt_consolidation,MORTGAGE,HI,JAN1995,10+ years,185000,Not Verified,6500,0,6500,0,1,0.0278431258,0.08060596591579239,0.09318522201240317
60550,Fully Paid,16000,16000,17.97,406.04,60 months,D,D1,8.22,0,1,0,9.4,21,76,debt_consolidation,RENT,NC,MAY2001,n/a,75000,Not Verified,16000,0,16000,0,1,0.3120908538,0.2148292366222939,0.21124155917823043
60608,Fully Paid,10000,10000,11.06,327.68,36 months,B,B3,22,2,0,0,34.5,22,57,debt_consolidation,RENT,MD,JUL2008,3 years,80500,Verified,10000,0,10000,0,1,0.1614876535,0.13666542903274398,0.12551628685844768
60631,Fully Paid,5000,5000,12.98,168.43,36 months,B,B5,7.94,0,2,1,15,18,43,car,MORTGAGE,CA,OCT2006,10+ years,68000,Source Verified,5000,0,5000,0,1,0.0876057305,0.10616544969804424,0.12551628685844768
60641,Fully Paid,25000,25000,23.4,972.97,36 months,E,E1,30.97,0,0,0,48.5,13,23,debt_consolidation,MORTGAGE,KS,AUG2010,< 1 year,100000,Not Verified,25000,0,25000,0,1,0.4181319929,0.2794437848138427,0.26321838497840144
60740,Fully Paid,9000,9000,18.94,329.64,36 months,D,D2,15.82,0,1,0,73.5,5,8,debt_consolidation,RENT,GA,APR2014,1 year,75000,Source Verified,9000,0,9000,0,1,0.3309801271,0.22359501427671383,0.21124155917823043
60749,Fully Paid,15000,15000,8.19,471.37,36 months,A,A4,10.04,0,1,0,0.3,7,20,debt_consolidation,MORTGAGE,NY,JUN2002,10+ years,115000,Source Verified,15000,0,15000,0,1,0.0518894517,0.08976565993604622,0.09318522201240317
60809,Fully Paid,18000,18000,17.97,456.79,60 months,D,D1,16.26,0,0,0,32.1,10,21,medical,MORTGAGE,AR,OCT2002,10+ years,75000,Source Verified,18000,0,18000,0,1,0.2804473985,0.2001447387608872,0.21124155917823043
60811,Fully Paid,10000,10000,20.89,269.92,60 months,D,D4,0,0,1,0,0,9,23,other,RENT,CT,OCT2001,3 years,60000,Not Verified,10000,0,10000,0,1,0.238173793,0.18052720130571873,0.21124155917823043
60822,Fully Paid,2000,2000,10.33,64.85,36 months,B,B1,24.81,4,1,0,40.7,9,39,medical,MORTGAGE,NH,AUG2007,7 years,71000,Verified,2000,0,2000,0,1,0.1141251626,0.11711321740866505,0.12551628685844768
60831,Fully Paid,7000,7000,8.81,221.98,36 months,A,A5,19.23,1,1,0,12.5,12,28,debt_consolidation,MORTGAGE,TX,DEC2004,9 years,90000,Not Verified,7000,0,7000,0,1,0.053209102,0.09026833934794491,0.09318522201240317
60840,Fully Paid,10750,10750,8.19,337.81,36 months,A,A4,15.87,0,0,0,44.1,9,12,debt_consolidation,RENT,UT,MAY2010,6 years,50000,Source Verified,10750,0,10750,0,1,0.081863995,0.10118352253038335,0.09318522201240317
60950,Fully Paid,15000,15000,7.02,463.3,36 months,A,A2,1,0,0,1,19.3,5,10,debt_consolidation,RENT,TX,OCT2010,10+ years,100000,Not Verified,15000,0,15000,0,1,0.0514810154,0.08961007893168312,0.09318522201240317
60966,Fully Paid,4475,4475,26.31,181.05,36 months,E,E4,23.84,0,0,0,68,7,8,debt_consolidation,RENT,MO,OCT2014,1 year,37000,Verified,4475,0,4475,0,1,0.4608946788,0.3008637644752496,0.26321838497840144
60967,Fully Paid,20000,20000,12.98,454.86,60 months,B,B5,3.41,1,1,0,20.6,7,23,debt_consolidation,MORTGAGE,MA,DEC2006,10+ years,80000,Not Verified,20000,0,20000,0,1,0.0933877785,0.10855239818762594,0.12551628685844768
61093,Fully Paid,4000,4000,8.19,125.7,36 months,A,A4,3.65,0,0,0,7.9,15,22,credit_card,MORTGAGE,NC,DEC2004,10+ years,97000,Not Verified,4000,0,4000,0,1,0.0384054802,0.08462936370387118,0.09318522201240317
61154,Fully Paid,10000,10000,12.73,226.16,60 months,B,B5,16.64,0,1,0,45.8,11,20,home_improvement,MORTGAGE,NC,FEB1998,5 years,105000,Verified,10000,0,10000,0,1,0.1235262931,0.12099419768543472,0.12551628685844768
61168,Fully Paid,12000,12000,19.92,445.48,36 months,D,D3,30.55,0,0,0,40.9,32,56,debt_consolidation,MORTGAGE,ID,NOV2004,5 years,96000,Source Verified,12000,0,12000,0,1,0.3536482642,0.23411441576467404,0.21124155917823043
61205,Fully Paid,13000,13000,7.21,402.66,36 months,A,A3,5.49,0,1,0,15.6,13,17,home_improvement,MORTGAGE,NV,MAR2005,< 1 year,35000,Not Verified,13000,0,13000,0,1,0.0478047261,0.08820971177131234,0.09318522201240317
61255,Fully Paid,12000,12000,17.97,433.65,36 months,D,D1,20,0,2,0,67.5,7,12,debt_consolidation,MORTGAGE,FL,NOV2007,2 years,45000,Not Verified,12000,0,12000,0,1,0.2350208766,0.1790640553346467,0.21124155917823043
61276,Fully Paid,4800,4800,11.8,158.98,36 months,B,B4,18.82,0,2,0,3.7,6,9,debt_consolidation,RENT,NY,MAR2015,1 year,25000,Not Verified,4800,0,4800,0,1,0.1462734991,0.1303847127769566,0.12551628685844768
61277,Fully Paid,7000,7000,12.98,235.8,36 months,B,B5,22.2,0,1,1,25.7,9,39,debt_consolidation,MORTGAGE,CO,AUG2005,7 years,34382,Source Verified,7000,0,7000,0,1,0.1128548019,0.11658878634996596,0.12551628685844768
61348,Fully Paid,7200,7200,20.89,270.86,36 months,D,D4,18.35,0,1,1,73.4,8,34,other,MORTGAGE,FL,MAY2008,n/a,75000,Not Verified,7200,0,7200,0,1,0.2859320712,0.20268996221294386,0.21124155917823043
61349,Fully Paid,4000,4000,14.47,137.63,36 months,C,C2,1.64,0,0,0,21.8,6,21,other,MORTGAGE,TX,JUN2005,5 years,68000,Not Verified,4000,0,4000,0,1,0.1081045057,0.1187704571945276,0.1715567968159956
61351,Fully Paid,10000,10000,11.06,327.68,36 months,B,B3,3.9,0,0,0,28.6,2,3,moving,RENT,CA,SEP2007,< 1 year,40040,Verified,10000,0,10000,0,1,0.1202166887,0.1196279248313019,0.12551628685844768
61448,Fully Paid,5000,5000,7.84,156.32,36 months,A,A4,19.56,0,0,1,0.2,6,21,home_improvement,RENT,OR,SEP2003,n/a,40000,Verified,5000,0,5000,0,1,0.1091451017,0.11157540488883949,0.09318522201240317
61462,Fully Paid,12000,12000,13.56,407.58,36 months,C,C1,13.43,0,0,0,24.1,10,14,debt_consolidation,MORTGAGE,FL,DEC2009,10+ years,80000,Source Verified,12000,0,12000,0,1,0.1881859951,0.15489856143557695,0.1715567968159956
61485,Fully Paid,35000,35000,22.35,973.64,60 months,D,D5,11.12,0,0,0,55.3,28,50,credit_card,RENT,FL,DEC2005,10+ years,110000,Source Verified,35000,0,35000,0,1,0.4261006434,0.26773674927185664,0.21124155917823043
61508,Fully Paid,22750,22750,14.47,782.75,36 months,C,C2,23.04,0,0,0,22.4,15,25,debt_consolidation,MORTGAGE,CO,NOV1996,10+ years,110000,Not Verified,22750,0,22750,0,1,0.2161650342,0.16752107443755412,0.1715567968159956
61572,Fully Paid,17000,17000,8.46,536.34,36 months,A,A5,14.45,0,2,0,11.9,35,55,debt_consolidation,RENT,CA,JUL1982,10+ years,88900,Not Verified,17000,0,17000,0,1,0.0845680431,0.10221354488452805,0.09318522201240317
61579,Fully Paid,6025,6025,12.73,202.23,36 months,B,B5,23.03,0,0,0,41.1,15,30,debt_consolidation,RENT,MA,SEP2001,8 years,72000,Verified,6025,0,6025,0,1,0.1723353415,0.14114357803584004,0.12551628685844768
61603,Fully Paid,4000,4000,8.19,125.7,36 months,A,A4,10.58,0,0,0,1.3,8,11,debt_consolidation,RENT,PA,MAR2008,1 year,19500,Source Verified,4000,0,4000,0,1,0.0731591493,0.09786768445029136,0.09318522201240317
61607,Fully Paid,8000,8000,7.02,247.09,36 months,A,A2,2.95,0,1,1,3.3,15,24,credit_card,MORTGAGE,VA,AUG1996,< 1 year,65000,Not Verified,8000,0,8000,0,1,0.0392812391,0.08496295660254823,0.09318522201240317
61640,Fully Paid,15000,15000,18.94,388.62,60 months,D,D2,9.43,0,0,1,23.6,15,20,debt_consolidation,OWN,NC,NOV2011,10+ years,35000,Verified,15000,0,15000,0,1,0.2842505688,0.2019096422964665,0.21124155917823043
61670,Fully Paid,30000,30000,20.89,1128.56,36 months,D,D4,17.45,0,0,0,65.6,9,11,debt_consolidation,MORTGAGE,NC,JAN2014,6 years,95000,Not Verified,30000,0,30000,0,1,0.3034948618,0.2108401707967085,0.21124155917823043
61687,Fully Paid,25000,25000,11.55,550.45,60 months,B,B4,33.97,0,0,0,25.3,7,20,debt_consolidation,RENT,AZ,SEP2006,10+ years,49000,Source Verified,25000,0,25000,0,1,0.229348152,0.1646796403289554,0.12551628685844768
61737,Fully Paid,9000,9000,23.4,350.27,36 months,E,E1,53.96,0,0,0,46.9,11,18,car,MORTGAGE,OH,SEP2010,5 years,57000,Verified,9000,0,9000,0,1,0.4529496831,0.2968840882055706,0.26321838497840144
61768,Charged Off,7200,7200,11.31,236.78,36 months,B,B3,13.02,0,0,0,62.8,9,14,debt_consolidation,MORTGAGE,NJ,JUL1997,< 1 year,65000,Not Verified,7200,0,339.43,1,1,0.0977891681,0.11036938245648373,0.12551628685844768
61780,Fully Paid,4000,4000,14.47,137.63,36 months,C,C2,20.37,1,0,0,23.2,9,30,renewable_energy,RENT,IL,JUL1994,2 years,76500,Verified,4000,0,4000,0,1,0.2303273557,0.17391028911476333,0.1715567968159956
61853,Fully Paid,6000,6000,23.4,233.52,36 months,E,E1,19.58,0,1,0,62.7,8,12,debt_consolidation,RENT,CO,NOV2013,< 1 year,35000,Not Verified,6000,0,6000,0,1,0.3912382206,0.2659725997476935,0.26321838497840144
61880,Fully Paid,2500,2500,10.33,81.06,36 months,B,B1,11.8,1,1,1,23.2,9,31,other,RENT,CA,JAN2003,6 years,65000,Not Verified,2500,0,2500,0,1,0.0990435726,0.1108872264672217,0.12551628685844768
61923,Fully Paid,32000,32000,16.14,780.57,60 months,C,C4,32.17,0,0,0,61,12,34,credit_card,MORTGAGE,SC,JUL2003,10+ years,42000,Source Verified,32000,0,32000,0,1,0.2785261402,0.19565477368609893,0.1715567968159956
61926,Fully Paid,9000,9000,13.56,305.68,36 months,C,C1,22.6,0,1,1,17.5,12,34,debt_consolidation,OWN,NY,AUG2008,n/a,42000,Not Verified,9000,0,9000,0,1,0.2722043163,0.1928027349120454,0.1715567968159956
61968,Fully Paid,39175,39175,16.14,955.58,60 months,C,C4,16.09,0,0,1,54.3,18,32,debt_consolidation,MORTGAGE,OK,JUN2007,4 years,255000,Verified,39175,0,39175,0,1,0.2596794362,0.18715223843339915,0.1715567968159956
62076,Fully Paid,8500,8500,10.08,274.6,36 months,B,B1,17.35,0,2,1,9.2,17,23,debt_consolidation,RENT,IN,JUN2010,2 years,35200,Source Verified,8500,0,8500,0,1,0.1697573677,0.14007933736054798,0.12551628685844768
62090,Fully Paid,6500,6500,8.19,204.26,36 months,A,A4,5.37,2,1,0,39.3,9,23,credit_card,RENT,NY,APR2007,4 years,59634,Not Verified,6500,0,6500,0,1,0.0541010629,0.09060810389060339,0.09318522201240317
62135,Fully Paid,3500,3500,16.14,123.3,36 months,C,C4,8.47,1,1,0,2.4,10,26,home_improvement,MORTGAGE,GA,DEC1999,10+ years,52000,Verified,3500,0,3500,0,1,0.1624588154,0.1432919562513606,0.1715567968159956
62182,Fully Paid,15000,15000,16.91,534.12,36 months,C,C5,32.76,1,0,0,36.8,16,34,medical,MORTGAGE,AR,MAR2004,< 1 year,90000,Source Verified,15000,0,15000,0,1,0.3016766809,0.20609894941151016,0.1715567968159956
62201,Fully Paid,2400,2400,8.81,76.11,36 months,A,A5,31.15,0,1,1,2.5,10,20,credit_card,RENT,NV,MAR1999,n/a,23850,Verified,2400,0,2400,0,1,0.1346195104,0.12127908228260269,0.09318522201240317
62206,Fully Paid,3500,3500,15.02,121.37,36 months,C,C3,10.5,0,1,0,59.5,5,9,credit_card,RENT,SC,SEP2007,3 years,60000,Not Verified,3500,0,3500,0,1,0.1884232471,0.15500559572092326,0.1715567968159956
62223,Fully Paid,24000,24000,18.94,621.79,60 months,D,D2,29.91,0,2,0,22.3,16,46,debt_consolidation,MORTGAGE,OR,AUG2006,4 years,69500,Verified,24000,0,24000,0,1,0.3082332651,0.21303907962210886,0.21124155917823043
62280,Fully Paid,8650,8650,13.56,293.8,36 months,C,C1,19.78,0,0,1,40.4,16,26,credit_card,OWN,WI,NOV2005,10+ years,68000,Source Verified,8650,0,8650,0,1,0.2242758464,0.17118020054568037,0.1715567968159956
62295,Fully Paid,7125,7125,19.92,264.51,36 months,D,D3,29.63,0,1,0,27.5,22,44,debt_consolidation,MORTGAGE,SC,NOV2002,1 year,155000,Not Verified,7125,0,7125,0,1,0.2867843228,0.20308545905988837,0.21124155917823043
62341,Fully Paid,8000,8000,10.47,259.91,36 months,B,B2,47.58,0,1,0,13.8,15,40,major_purchase,OWN,OH,JUN2004,10+ years,40000,Not Verified,8000,0,8000,0,1,0.174452184,0.14201745421397927,0.12551628685844768
62363,Fully Paid,35000,35000,16.14,853.74,60 months,C,C4,21.15,0,0,0,56.7,10,35,debt_consolidation,MORTGAGE,NC,SEP2008,10+ years,75000,Source Verified,35000,0,35000,0,1,0.2426333141,0.1794620208719054,0.1715567968159956
62394,Fully Paid,8000,8000,18.94,293.01,36 months,D,D2,5.49,0,0,0,83.9,8,11,credit_card,MORTGAGE,WA,MAR2003,n/a,42000,Not Verified,8000,0,8000,0,1,0.2741311001,0.1972135901405023,0.21124155917823043
62405,Fully Paid,12000,12000,17.97,304.53,60 months,D,D1,23.73,0,0,0,32.1,11,19,home_improvement,MORTGAGE,NY,MAR1994,n/a,40000,Not Verified,12000,0,12000,0,1,0.3679095902,0.24073254293069887,0.21124155917823043
62408,Fully Paid,6000,6000,12.73,201.39,36 months,B,B5,34.92,0,2,0,20.6,22,39,major_purchase,OWN,TX,OCT1995,2 years,70000,Source Verified,6000,0,6000,0,1,0.2014040046,0.15314372080198527,0.12551628685844768
62460,Fully Paid,10000,10000,26.31,301.25,60 months,E,E4,14.54,0,0,0,29.3,8,14,car,RENT,TX,MAY2006,1 year,35500,Verified,10000,0,10000,0,1,0.39906905,0.2698950897164526,0.26321838497840144
62465,Fully Paid,24000,24000,11.8,794.86,36 months,B,B4,19,0,0,0,32.4,12,15,debt_consolidation,RENT,MD,OCT2008,3 years,65000,Source Verified,24000,0,24000,0,1,0.2128963876,0.15788801317789508,0.12551628685844768
62473,Fully Paid,2000,2000,11.55,66,36 months,B,B4,8.78,0,0,0,10.6,9,13,credit_card,RENT,OR,JUN2008,1 year,37440,Source Verified,2000,0,2000,0,1,0.1392576371,0.12748842045907655,0.12551628685844768
62511,Fully Paid,10000,10000,15.02,346.76,36 months,C,C3,21.66,0,2,1,51.2,12,14,debt_consolidation,MORTGAGE,CO,JUL2006,2 years,40000,Source Verified,10000,0,10000,0,1,0.2245481325,0.17130304017663492,0.1715567968159956
62517,Fully Paid,8000,8000,6.11,243.78,36 months,A,A1,8.95,0,1,1,48.2,8,24,credit_card,MORTGAGE,AZ,NOV2005,3 years,50000,Not Verified,8000,0,8000,0,1,0.0350305391,0.08334378569328708,0.09318522201240317
62626,Fully Paid,35000,35000,13.56,806.43,60 months,C,C1,12.66,0,0,0,5.9,9,15,debt_consolidation,MORTGAGE,CA,JAN2003,10+ years,135000,Source Verified,35000,0,35000,0,1,0.2304419865,0.1739620038558685,0.1715567968159956
62636,Charged Off,5000,5000,14.47,172.04,36 months,C,C2,20.72,0,0,0,88.8,28,74,medical,MORTGAGE,TX,MAR1995,3 years,245000,Source Verified,5000,0,0,1,1,0.1810350944,0.15167249149303924,0.1715567968159956
62650,Fully Paid,2000,2000,22.35,76.75,36 months,D,D5,28.85,0,0,0,92.2,7,12,debt_consolidation,RENT,WA,DEC2010,2 years,48000,Source Verified,2000,0,2000,0,1,0.3889442277,0.2504939007361537,0.21124155917823043
62654,Fully Paid,30000,30000,25.34,886.53,60 months,E,E3,27.28,0,1,0,37.2,23,31,home_improvement,MORTGAGE,NV,SEP1991,10+ years,45000,Not Verified,30000,0,30000,0,1,0.4702111542,0.3055304197468727,0.26321838497840144
62662,Fully Paid,10000,10000,10.47,324.89,36 months,B,B2,6.55,1,0,0,60.6,8,12,home_improvement,MORTGAGE,NY,JAN1999,5 years,90000,Not Verified,10000,0,10000,0,1,0.0921518211,0.10804216951966654,0.12551628685844768
62669,Fully Paid,8000,8000,7.02,247.09,36 months,A,A2,9.48,0,0,0,1.1,4,12,debt_consolidation,RENT,VA,DEC2009,7 years,40000,Not Verified,8000,0,8000,0,1,0.0538761244,0.09052242062065426,0.09318522201240317
62748,Fully Paid,20000,20000,16.91,712.16,36 months,C,C5,13.04,0,0,0,53.1,6,7,credit_card,MORTGAGE,NC,APR2015,1 year,42240,Verified,20000,0,20000,0,1,0.2107675216,0.1650860310921293,0.1715567968159956
62774,Fully Paid,13000,13000,6.46,398.21,36 months,A,A1,24.05,0,0,0,71.3,7,16,credit_card,RENT,IL,AUG2000,2 years,65000,Not Verified,13000,0,13000,0,1,0.068880669,0.09623793150663339,0.09318522201240317
62793,Fully Paid,6000,6000,23.4,233.52,36 months,E,E1,39.93,0,0,0,34.1,12,23,home_improvement,MORTGAGE,NC,MAR1984,n/a,33960,Not Verified,6000,0,6000,0,1,0.5184983934,0.3297176675728913,0.26321838497840144
62840,Fully Paid,10000,10000,25.34,295.51,60 months,E,E3,17.28,0,1,0,23.7,10,16,debt_consolidation,RENT,CA,JAN2015,8 years,43000,Source Verified,10000,0,10000,0,1,0.4637462681,0.30229213557783946,0.26321838497840144
62850,Fully Paid,8000,8000,15.02,277.41,36 months,C,C3,12.24,0,1,0,75.7,3,9,debt_consolidation,RENT,MI,JUN2014,1 year,30000,Source Verified,8000,0,8000,0,1,0.2297041633,0.17362914099728802,0.1715567968159956
62859,Fully Paid,16000,16000,14.47,550.51,36 months,C,C2,21.97,1,0,0,26.7,10,17,debt_consolidation,RENT,FL,MAR2007,< 1 year,75000,Not Verified,16000,0,16000,0,1,0.2718650084,0.1926496589481384,0.1715567968159956
62916,Fully Paid,8400,8400,7.84,262.61,36 months,A,A4,7.22,0,1,0,19.9,11,28,credit_card,RENT,VA,DEC2001,< 1 year,60000,Not Verified,8400,0,8400,0,1,0.0538916743,0.09052834386758343,0.09318522201240317
62989,Fully Paid,11000,11000,15.02,261.81,60 months,C,C3,14.94,0,1,0,25.2,10,35,debt_consolidation,MORTGAGE,MA,SEP1996,10+ years,60000,Verified,11000,0,11000,0,1,0.1592184088,0.14183007350785376,0.1715567968159956
63050,Fully Paid,13000,13000,10.47,279.23,60 months,B,B2,19.32,0,1,0,1.3,10,35,debt_consolidation,MORTGAGE,FL,OCT1997,n/a,81000,Not Verified,13000,0,13000,0,1,0.1463640185,0.1304220810494282,0.12551628685844768
63118,Fully Paid,26850,26850,14.47,631.32,60 months,C,C2,16.96,0,1,0,88.8,6,13,debt_consolidation,MORTGAGE,CA,JAN2000,10+ years,100000,Source Verified,26850,0,26850,0,1,0.216548141,0.16769390991438596,0.1715567968159956
63128,Fully Paid,20000,20000,10.08,425.73,60 months,B,B1,4.15,0,0,0,29.1,9,25,debt_consolidation,MORTGAGE,KY,MAR1986,10+ years,93000,Source Verified,20000,0,20000,0,1,0.0968080899,0.1099643731712527,0.12551628685844768
63190,Fully Paid,20000,20000,7.21,619.47,36 months,A,A3,21.06,0,2,0,31,12,29,major_purchase,MORTGAGE,PA,SEP2002,10+ years,140000,Source Verified,20000,0,20000,0,1,0.0658661052,0.09508962793097013,0.09318522201240317
63198,Fully Paid,2600,2600,10.08,84,36 months,B,B1,34.17,0,1,1,6.3,8,38,debt_consolidation,MORTGAGE,NY,OCT1988,4 years,120000,Not Verified,2600,0,2600,0,1,0.1009681904,0.11168174833053589,0.12551628685844768
63217,Fully Paid,22000,22000,14.47,517.28,60 months,C,C2,10.59,1,1,0,83.1,5,13,debt_consolidation,RENT,NV,MAR1999,8 years,50000,Source Verified,22000,0,22000,0,1,0.2607977769,0.18765676862744682,0.1715567968159956
63224,Fully Paid,16000,16000,7.21,495.58,36 months,A,A3,26.08,0,1,0,25.4,26,56,home_improvement,MORTGAGE,SC,JUN2005,2 years,90000,Source Verified,16000,0,16000,0,1,0.0726314948,0.09766669101002487,0.09318522201240317
63265,Fully Paid,6175,6175,24.37,243.47,36 months,E,E2,21.35,0,0,0,21.8,6,9,debt_consolidation,MORTGAGE,CA,MAY2013,7 years,56000,Source Verified,6175,0,6175,0,1,0.3628229487,0.2517392901844289,0.26321838497840144
63291,Fully Paid,8000,8000,10.08,258.44,36 months,B,B1,10.8,0,0,0,13.9,9,33,credit_card,MORTGAGE,OH,SEP2007,8 years,58000,Source Verified,8000,0,8000,0,1,0.0911823979,0.10764197165845794,0.12551628685844768
63343,Fully Paid,3500,3500,10.33,113.48,36 months,B,B1,1.95,0,2,0,21.9,8,11,debt_consolidation,OWN,FL,SEP2007,10+ years,48000,Not Verified,3500,0,3500,0,1,0.0862565448,0.10560847805602738,0.12551628685844768
63349,Fully Paid,35000,35000,15.02,1213.63,36 months,C,C3,33.61,2,1,0,89.1,8,24,small_business,MORTGAGE,WA,DEC1994,< 1 year,50000,Source Verified,35000,0,35000,0,1,0.373487553,0.23849583279002365,0.1715567968159956
63351,Fully Paid,3000,3000,8.19,94.28,36 months,A,A4,16.21,0,1,0,6.8,12,36,credit_card,OWN,IL,AUG2007,6 years,28000,Not Verified,3000,0,3000,0,1,0.0465290256,0.08772377365793575,0.09318522201240317
63358,Fully Paid,22325,22325,20.89,602.59,60 months,D,D4,8.97,0,0,0,43.2,5,9,credit_card,OWN,NY,DEC1997,10+ years,63000,Verified,22325,0,22325,0,1,0.2900094278,0.20458210495479204,0.21124155917823043
63420,Fully Paid,1000,1000,8.19,31.43,36 months,A,A4,13.28,0,0,0,5.8,6,14,credit_card,MORTGAGE,SC,OCT2012,4 years,60000,Source Verified,1000,0,1000,0,1,0.0477211671,0.08817788258976414,0.09318522201240317
63488,Fully Paid,17000,17000,11.31,559.06,36 months,B,B3,26.76,0,1,0,4,9,38,credit_card,RENT,VA,JAN1999,3 years,92747,Source Verified,17000,0,17000,0,1,0.1740499412,0.14185140010237293,0.12551628685844768
63506,Fully Paid,33600,33600,18.94,870.5,60 months,D,D2,17.41,0,1,0,48.3,10,21,debt_consolidation,RENT,NJ,JUL2011,5 years,89000,Source Verified,33600,0,33600,0,1,0.4013392647,0.2562459557059078,0.21124155917823043
63517,Fully Paid,30000,30000,20.89,809.75,60 months,D,D4,10.03,1,0,0,58.3,8,11,debt_consolidation,RENT,NY,FEB2014,1 year,56000,Source Verified,30000,0,30000,0,1,0.4068981327,0.2588256103132806,0.21124155917823043
63521,Fully Paid,40000,40000,10.72,864.13,60 months,B,B2,7.78,1,1,0,4.3,6,21,credit_card,RENT,FL,APR1999,10+ years,375000,Verified,40000,0,40000,0,1,0.1652612549,0.13822324940400577,0.12551628685844768
63555,Fully Paid,2000,2000,14.47,68.82,36 months,C,C2,4.86,0,0,0,85,3,6,credit_card,RENT,CA,JAN2015,2 years,65000,Source Verified,2000,0,2000,0,1,0.185070136,0.15349286727068767,0.1715567968159956
63562,Fully Paid,29600,29600,16.91,734.21,60 months,C,C5,27.05,0,0,0,88.1,11,22,debt_consolidation,MORTGAGE,CT,DEC2006,10+ years,96382,Verified,29600,0,29600,0,1,0.2636793184,0.18895675233737655,0.1715567968159956
63606,Fully Paid,5000,5000,10.33,162.12,36 months,B,B1,6.3,0,0,0,45.4,4,11,major_purchase,MORTGAGE,TX,JUN2006,7 years,200000,Source Verified,5000,0,5000,0,1,0.0901336259,0.10720901697850448,0.12551628685844768
63637,Fully Paid,18000,18000,10.47,386.63,60 months,B,B2,1.24,0,0,0,38.9,5,13,other,MORTGAGE,GA,SEP1999,10+ years,68000,Verified,18000,0,18000,0,1,0.0815925825,0.10368309836920171,0.12551628685844768
63649,Fully Paid,20000,20000,11.8,442.88,60 months,B,B4,18.6,1,0,0,45,16,27,debt_consolidation,MORTGAGE,TN,NOV1999,10+ years,99996,Source Verified,20000,0,20000,0,1,0.1494860523,0.1317109208970623,0.12551628685844768
63656,Fully Paid,12000,12000,13.56,276.49,60 months,C,C1,23.25,0,0,0,25.8,12,35,credit_card,OWN,VA,DEC1985,10+ years,50000,Not Verified,12000,0,12000,0,1,0.1871496054,0.15443100276007674,0.1715567968159956
63661,Fully Paid,35000,35000,14.47,1204.23,36 months,C,C2,42.63,0,1,0,97.6,3,12,credit_card,OWN,WA,AUG2005,10+ years,25000,Verified,35000,0,35000,0,1,0.329571221,0.21868334138573,0.1715567968159956
63666,Fully Paid,20000,20000,16.91,712.16,36 months,C,C5,35.62,0,0,0,49.2,15,49,debt_consolidation,OWN,MD,OCT2001,10+ years,37500,Not Verified,20000,0,20000,0,1,0.2576770479,0.1862488774472902,0.1715567968159956
63704,Fully Paid,2500,2500,13.56,84.92,36 months,C,C1,18.83,0,1,0,7.1,13,25,debt_consolidation,RENT,FL,MAY2009,n/a,18228,Verified,2500,0,2500,0,1,0.3191830361,0.21399679734472346,0.1715567968159956
63707,Fully Paid,35000,35000,10.47,1137.1,36 months,B,B2,10.64,0,2,0,12.1,10,14,debt_consolidation,MORTGAGE,NC,MAR2015,< 1 year,67000,Not Verified,35000,0,35000,0,1,0.1300640563,0.12369312097273412,0.12551628685844768
63773,Fully Paid,40000,40000,10.72,1304.26,36 months,B,B2,7.68,0,0,0,49,6,17,debt_consolidation,MORTGAGE,PA,FEB2004,4 years,53000,Verified,40000,0,40000,0,1,0.12425175,0.12129368123377461,0.12551628685844768
63774,Fully Paid,3000,3000,7.84,93.79,36 months,A,A4,22.87,0,0,0,6.1,9,27,other,OWN,MT,JUN1997,5 years,20000,Not Verified,3000,0,3000,0,1,0.0511622322,0.08948864846521849,0.09318522201240317
63881,Fully Paid,4000,4000,13.56,135.86,36 months,C,C1,31.81,0,0,0,85.2,3,9,other,MORTGAGE,PA,DEC1999,10+ years,45000,Source Verified,4000,0,4000,0,1,0.1932568762,0.1571862476705281,0.1715567968159956
63883,Fully Paid,30000,30000,22.35,834.55,60 months,D,D5,2.06,0,0,0,56.3,2,4,debt_consolidation,RENT,TX,FEB2015,5 years,35000,Verified,30000,0,30000,0,1,0.3379980727,0.22685177009486454,0.21124155917823043
63954,Fully Paid,14350,14350,12.73,481.65,36 months,B,B5,28.49,1,0,0,84.3,10,13,credit_card,RENT,CA,DEC1977,< 1 year,120000,Source Verified,14350,0,14350,0,1,0.2252177724,0.1629745345692628,0.12551628685844768
63991,Fully Paid,10000,10000,11.31,328.86,36 months,B,B3,9.82,0,0,1,25,10,23,debt_consolidation,RENT,CA,JUL1987,10+ years,65000,Source Verified,10000,0,10000,0,1,0.139758317,0.12769511143277115,0.12551628685844768
63992,Fully Paid,10000,10000,10.47,324.89,36 months,B,B2,8.46,2,1,0,15.6,9,30,debt_consolidation,RENT,CO,APR2003,10+ years,69500,Source Verified,10000,0,10000,0,1,0.133152218,0.12496797771992803,0.12551628685844768
64001,Fully Paid,4550,4550,13.56,154.54,36 months,C,C1,25.62,0,1,0,7.6,4,9,other,OWN,HI,JUL2007,1 year,27500,Verified,4550,0,4550,0,1,0.2090932882,0.16433071448585443,0.1715567968159956
64004,Fully Paid,3000,3000,10.08,96.92,36 months,B,B1,4.32,0,0,0,17.9,4,6,debt_consolidation,RENT,FL,SEP2014,10+ years,28608,Not Verified,3000,0,3000,0,1,0.1002402581,0.11138124288609773,0.12551628685844768
64025,Fully Paid,14000,14000,10.47,300.71,60 months,B,B2,21.49,0,0,0,20.4,7,34,debt_consolidation,RENT,VA,DEC2003,10+ years,90000,Not Verified,14000,0,14000,0,1,0.1269795283,0.12241976429173242,0.12551628685844768
64031,Fully Paid,16000,16000,11.55,528,36 months,B,B4,26.12,0,1,0,42.9,10,19,credit_card,MORTGAGE,GA,MAY2008,7 years,120000,Source Verified,16000,0,16000,0,1,0.1458525912,0.13021095332768223,0.12551628685844768
64100,Fully Paid,18000,18000,14.47,423.23,60 months,C,C2,26.07,0,0,0,22.5,28,50,debt_consolidation,MORTGAGE,VA,FEB2007,5 years,75000,Not Verified,18000,0,18000,0,1,0.2239533557,0.17103471152301528,0.1715567968159956
64117,Fully Paid,40000,40000,10.47,859.17,60 months,B,B2,18.48,0,0,0,18.3,10,20,home_improvement,MORTGAGE,CT,SEP2006,4 years,58000,Verified,40000,0,40000,0,1,0.1616630311,0.13673782851774072,0.12551628685844768
64165,Fully Paid,3200,3200,16.91,113.95,36 months,C,C5,9.39,0,2,0,71.7,12,23,other,MORTGAGE,RI,APR2006,10+ years,110000,Source Verified,3200,0,3200,0,1,0.1622477433,0.14319673281223236,0.1715567968159956
64213,Fully Paid,15000,15000,8.19,471.37,36 months,A,A4,19.02,0,0,0,24.6,14,37,car,MORTGAGE,CA,APR1990,n/a,59000,Not Verified,15000,0,15000,0,1,0.069500622,0.09647408316699736,0.09318522201240317
64229,Fully Paid,6000,6000,11.8,198.72,36 months,B,B4,13.27,0,1,0,16.5,6,13,debt_consolidation,RENT,NH,NOV2005,10+ years,168000,Source Verified,6000,0,6000,0,1,0.1459575717,0.13025429144004494,0.12551628685844768
64235,Fully Paid,10425,10425,10.08,336.78,36 months,B,B1,11.3,4,0,0,20.2,15,22,debt_consolidation,MORTGAGE,CA,AUG1991,7 years,189000,Source Verified,10425,0,10425,0,1,0.1314362293,0.12425958224559018,0.12551628685844768
64313,Fully Paid,19775,19775,19.92,734.11,36 months,D,D3,45.95,0,0,0,98.9,13,71,debt_consolidation,MORTGAGE,MA,JUL1997,6 years,68582,Verified,19775,0,19775,0,1,0.2918243795,0.20542435350522784,0.21124155917823043
64334,Fully Paid,4800,4800,20.89,180.57,36 months,D,D4,26.09,0,3,0,22.5,10,18,debt_consolidation,MORTGAGE,FL,JUN2007,2 years,65000,Not Verified,4800,0,4800,0,1,0.26902179,0.19484255788358207,0.21124155917823043
64336,Fully Paid,1200,1200,23.4,46.71,36 months,E,E1,35.27,1,0,0,45.5,13,33,debt_consolidation,RENT,MN,AUG2008,5 years,66000,Source Verified,1200,0,1200,0,1,0.4712079208,0.306029703640057,0.26321838497840144
64502,Fully Paid,6400,6400,15.02,221.93,36 months,C,C3,8.73,0,0,0,13.3,12,24,moving,MORTGAGE,VA,NOV1987,2 years,50001,Not Verified,6400,0,6400,0,1,0.1407135468,0.13348175745740037,0.1715567968159956
64504,Fully Paid,24000,24000,8.46,757.18,36 months,A,A5,6.3,0,1,1,13.5,10,26,credit_card,MORTGAGE,FL,AUG2004,8 years,175000,Not Verified,24000,0,24000,0,1,0.0474009587,0.0880559092380383,0.09318522201240317
64665,Fully Paid,5000,5000,10.72,163.04,36 months,B,B2,14.44,0,0,1,25.9,8,24,medical,RENT,CT,SEP2004,7 years,62000,Source Verified,5000,0,5000,0,1,0.1420981987,0.12866106278592748,0.12551628685844768
64699,Fully Paid,6000,6000,16.14,211.36,36 months,C,C4,21.56,0,1,0,22.6,9,19,debt_consolidation,OWN,MO,FEB2004,3 years,19200,Not Verified,6000,0,6000,0,1,0.2117254038,0.16551817175573996,0.1715567968159956
64782,Fully Paid,18000,18000,20.89,485.85,60 months,D,D4,24.92,0,1,0,78.3,9,10,credit_card,RENT,GA,NOV2011,1 year,55000,Not Verified,18000,0,18000,0,1,0.3818414826,0.24719779276557227,0.21124155917823043
64837,Fully Paid,5500,5500,10.47,178.69,36 months,B,B2,8.49,0,0,0,12.7,10,18,debt_consolidation,OWN,PA,SEP2008,n/a,22056,Not Verified,5500,0,5500,0,1,0.1502362078,0.1320206005361238,0.12551628685844768
64858,Fully Paid,1500,1500,10.33,48.64,36 months,B,B1,19.91,0,0,0,89.9,9,30,credit_card,RENT,VA,AUG2003,3 years,85000,Source Verified,1500,0,1500,0,1,0.1302622356,0.12377493346906783,0.12551628685844768
64883,Fully Paid,5500,5500,22.35,211.05,36 months,D,D5,38.66,0,1,1,93.2,8,14,debt_consolidation,MORTGAGE,IL,NOV2006,10+ years,52000,Not Verified,5500,0,5500,0,1,0.3190451921,0.21805647476445236,0.21124155917823043
64951,Fully Paid,35000,35000,18.94,906.77,60 months,D,D2,14.32,0,1,0,28.7,14,24,debt_consolidation,MORTGAGE,CA,AUG2010,8 years,324000,Not Verified,35000,0,35000,0,1,0.2981641307,0.20836638565865864,0.21124155917823043
64995,Fully Paid,12000,12000,17.97,304.53,60 months,D,D1,12.72,0,1,0,27.8,7,37,credit_card,MORTGAGE,GA,APR2003,10+ years,41240,Source Verified,12000,0,12000,0,1,0.2010352092,0.16329262786181384,0.21124155917823043
65002,Fully Paid,5000,5000,6.67,153.64,36 months,A,A2,10.84,0,0,0,8.2,8,14,credit_card,MORTGAGE,FL,SEP1982,6 years,63200,Source Verified,5000,0,5000,0,1,0.0460682581,0.08754825872347013,0.09318522201240317
65046,Fully Paid,3200,3200,16.14,112.73,36 months,C,C4,12.81,0,1,0,5.8,5,28,debt_consolidation,RENT,OH,AUG2008,10+ years,40000,Not Verified,3200,0,3200,0,1,0.1784184605,0.1504920186645723,0.1715567968159956
65061,Fully Paid,10000,10000,6.11,304.72,36 months,A,A1,3.57,0,0,0,0.5,5,15,major_purchase,RENT,CA,OCT2001,5 years,210000,Not Verified,10000,0,10000,0,1,0.0495557914,0.08887672520297693,0.09318522201240317
65078,Fully Paid,15000,15000,14.47,516.1,36 months,C,C2,24,0,1,0,98.9,20,30,debt_consolidation,RENT,NJ,DEC2008,< 1 year,62000,Verified,15000,0,15000,0,1,0.2947534453,0.2029755887033595,0.1715567968159956
65080,Fully Paid,35000,35000,11.55,1155,36 months,B,B4,31.52,0,1,0,50.3,7,22,credit_card,MORTGAGE,NJ,AUG2009,6 years,125000,Source Verified,35000,0,35000,0,1,0.1780760671,0.1435134677877105,0.12551628685844768
65109,Fully Paid,20000,20000,22.35,556.37,60 months,D,D5,9.04,1,0,0,59.2,5,14,debt_consolidation,RENT,WA,MAY2011,7 years,100000,Not Verified,20000,0,20000,0,1,0.3180915562,0.21761392940392374,0.21124155917823043
65159,Fully Paid,8000,8000,16.14,281.81,36 months,C,C4,8.2,3,0,0,46.5,22,34,other,RENT,NY,FEB2007,6 years,98000,Not Verified,8000,0,8000,0,1,0.227901691,0.1728159704676949,0.1715567968159956
65178,Fully Paid,26000,26000,8.19,529.56,60 months,A,A4,11.54,0,0,0,1,20,49,home_improvement,MORTGAGE,IN,JUN1994,4 years,110000,Not Verified,26000,0,26000,0,1,0.0545087066,0.09076338297884382,0.09318522201240317
65180,Fully Paid,20000,20000,20.89,752.38,36 months,D,D4,20.86,0,1,0,72.4,10,13,debt_consolidation,MORTGAGE,SC,APR2008,n/a,96000,Not Verified,20000,0,20000,0,1,0.4001317363,0.2556855887030227,0.21124155917823043
65218,Fully Paid,1500,1500,8.19,47.14,36 months,A,A4,21.87,0,0,0,16.7,25,49,other,MORTGAGE,SC,NOV1975,n/a,53350,Not Verified,1500,0,1500,0,1,0.0745717202,0.09840575905178024,0.09318522201240317
65231,Fully Paid,1500,1500,12.98,50.53,36 months,B,B5,7.61,0,0,0,29.1,14,21,other,OWN,CA,JUN1965,n/a,70000,Not Verified,1500,0,1500,0,1,0.1526386337,0.133012371423072,0.12551628685844768
65271,Fully Paid,11000,11000,27.27,337.67,60 months,E,E5,32.72,0,0,0,37,25,40,debt_consolidation,RENT,TX,SEP2002,1 year,50000,Not Verified,11000,0,11000,0,1,0.5312890625,0.3361245586792749,0.26321838497840144
65317,Fully Paid,11000,11000,13.56,373.61,36 months,C,C1,7.92,0,0,0,55,8,19,moving,RENT,CA,MAY1996,4 years,75000,Not Verified,11000,0,11000,0,1,0.176815691,0.14976894240807131,0.1715567968159956
65338,Fully Paid,5000,5000,10.33,162.12,36 months,B,B1,22.08,0,1,0,0,5,34,debt_consolidation,MORTGAGE,FL,NOV2005,8 years,87000,Source Verified,5000,0,5000,0,1,0.1017207554,0.11199242266081853,0.12551628685844768
65364,Fully Paid,1500,1500,16.91,53.42,36 months,C,C5,33.2,0,0,0,51.1,6,14,other,MORTGAGE,NY,NOV2002,10+ years,41829,Verified,1500,0,1500,0,1,0.2078688011,0.16377829721786816,0.1715567968159956
65371,Fully Paid,8000,8000,10.72,260.86,36 months,B,B2,21.13,0,1,0,55,8,8,debt_consolidation,RENT,TX,FEB2015,< 1 year,39715,Source Verified,8000,0,8000,0,1,0.1780823564,0.14351606414027201,0.12551628685844768
65373,Fully Paid,12000,12000,19.92,445.48,36 months,D,D3,13.52,0,2,0,97.5,9,38,debt_consolidation,OWN,MI,DEC1999,10+ years,72000,Source Verified,12000,0,12000,0,1,0.2500020943,0.18601625626186077,0.21124155917823043
65377,Fully Paid,10000,10000,14.47,344.07,36 months,C,C2,27.97,1,0,0,39.5,10,44,debt_consolidation,MORTGAGE,TX,DEC1989,n/a,61440,Verified,10000,0,10000,0,1,0.2654773434,0.18976791650421101,0.1715567968159956
65435,Fully Paid,13000,13000,27.27,399.06,60 months,E,E5,28.18,0,1,1,29.6,9,27,debt_consolidation,MORTGAGE,GA,JUN2000,10+ years,62000,Not Verified,13000,0,13000,0,1,0.3717671944,0.25621949429108043,0.26321838497840144
65437,Fully Paid,12000,12000,8.46,378.59,36 months,A,A5,39.36,1,0,0,68.6,14,22,credit_card,MORTGAGE,IN,NOV2003,8 years,53000,Source Verified,12000,0,12000,0,1,0.0957951982,0.10649017765834955,0.09318522201240317
65477,Fully Paid,12000,12000,11.31,394.63,36 months,B,B3,18.73,0,0,1,41.2,20,44,credit_card,MORTGAGE,MN,SEP2006,2 years,58000,Source Verified,12000,0,12000,0,1,0.1204896464,0.11974060739113791,0.12551628685844768
65480,Fully Paid,10125,10125,12.98,230.28,60 months,B,B5,17.6,0,2,1,23.8,17,23,credit_card,MORTGAGE,NV,JAN1989,n/a,22800,Verified,10125,0,10125,0,1,0.1956990478,0.15078859714737555,0.12551628685844768
65502,Fully Paid,20000,20000,27.27,613.94,60 months,E,E5,24.41,0,0,0,61,8,11,major_purchase,MORTGAGE,NV,AUG2013,1 year,70000,Source Verified,20000,0,20000,0,1,0.4649800077,0.302910120079591,0.26321838497840144
65504,Fully Paid,8000,8000,8.46,252.4,36 months,A,A5,21.58,0,1,0,16.9,9,29,credit_card,MORTGAGE,MO,SEP1994,8 years,55000,Source Verified,8000,0,8000,0,1,0.0575126259,0.09190763186592786,0.09318522201240317
65624,Fully Paid,10000,10000,6.11,304.72,36 months,A,A1,14.22,0,0,0,13.9,16,37,debt_consolidation,MORTGAGE,NY,JAN1987,10+ years,52000,Not Verified,10000,0,10000,0,1,0.0414647491,0.08579469628591352,0.09318522201240317
65659,Fully Paid,9000,9000,12.98,303.16,36 months,B,B5,31.36,0,0,1,79.4,8,12,debt_consolidation,MORTGAGE,PA,OCT2011,1 year,68000,Source Verified,9000,0,9000,0,1,0.1633086178,0.13741716059662365,0.12551628685844768
65671,Fully Paid,35000,35000,16.91,1246.28,36 months,C,C5,44.5,0,0,1,51.2,5,14,major_purchase,MORTGAGE,NV,AUG2004,5 years,38000,Verified,35000,0,35000,0,1,0.3506444312,0.22819034656886714,0.1715567968159956
65674,Fully Paid,20000,20000,7.21,619.47,36 months,A,A3,18.05,0,0,0,21,16,24,debt_consolidation,MORTGAGE,NJ,AUG2001,10+ years,75000,Source Verified,20000,0,20000,0,1,0.0688274316,0.09621765238804945,0.09318522201240317
65732,Fully Paid,30000,30000,6.11,914.16,36 months,A,A1,11.53,0,0,0,7.7,12,32,credit_card,MORTGAGE,FL,OCT2001,8 years,200000,Source Verified,30000,0,30000,0,1,0.0591954837,0.0925486637887131,0.09318522201240317
65752,Fully Paid,20000,20000,6.11,387.68,60 months,A,A1,26.39,0,0,0,14.7,21,35,debt_consolidation,RENT,NJ,OCT1982,10+ years,74200,Not Verified,20000,0,20000,0,1,0.0887112005,0.10379175081168594,0.09318522201240317
65819,Fully Paid,16000,16000,12.73,537.03,36 months,B,B5,12.16,0,0,1,33.6,15,37,debt_consolidation,MORTGAGE,CA,JUL2007,6 years,96000,Not Verified,16000,0,16000,0,1,0.1008851328,0.1116474604427722,0.12551628685844768
65830,Fully Paid,4500,4500,19.92,167.06,36 months,D,D3,30.44,0,3,1,91.5,9,29,medical,MORTGAGE,CO,MAY2005,10+ years,52000,Source Verified,4500,0,4500,0,1,0.2886920082,0.20397074171663213,0.21124155917823043
65903,Fully Paid,3000,3000,23.4,116.76,36 months,E,E1,35,0,1,0,31.7,6,6,credit_card,RENT,NC,SEP2014,< 1 year,13000,Not Verified,3000,0,3000,0,1,0.4530982865,0.2969585241709134,0.26321838497840144
65925,Fully Paid,8000,8000,7.02,247.09,36 months,A,A2,18.57,0,0,0,3.2,18,39,debt_consolidation,OWN,FL,APR2002,2 years,76000,Not Verified,8000,0,8000,0,1,0.0553998721,0.09110284453880739,0.09318522201240317
65966,Fully Paid,15475,15475,13.56,525.6,36 months,C,C1,6.94,0,0,0,15.3,15,15,debt_consolidation,RENT,CA,AUG2015,4 years,74500,Source Verified,15475,0,15475,0,1,0.254624136,0.1848715813931294,0.1715567968159956
66050,Fully Paid,10000,10000,18.94,259.08,60 months,D,D2,14.57,0,0,0,43.4,12,29,debt_consolidation,MORTGAGE,CA,MAR2000,10+ years,120000,Not Verified,10000,0,10000,0,1,0.2117732068,0.1682757152426976,0.21124155917823043
66093,Fully Paid,15000,15000,19.92,396.75,60 months,D,D3,22.11,1,0,0,19.2,22,45,small_business,MORTGAGE,FL,AUG2002,10+ years,108000,Source Verified,15000,0,15000,0,1,0.3732969706,0.24323261680734612,0.21124155917823043
66117,Fully Paid,5000,5000,19.92,185.62,36 months,D,D3,13.73,0,0,0,24.4,5,9,moving,RENT,FL,JUL2004,2 years,95000,Source Verified,5000,0,5000,0,1,0.3083609849,0.21309834941777997,0.21124155917823043
66145,Fully Paid,14000,14000,19.92,370.3,60 months,D,D3,8.05,0,1,0,23.1,7,39,debt_consolidation,MORTGAGE,CA,APR2001,10+ years,115000,Verified,14000,0,14000,0,1,0.1929857314,0.15955717803754826,0.21124155917823043
66155,Fully Paid,20000,20000,6.67,614.53,36 months,A,A2,8.25,0,1,0,5.5,8,9,credit_card,MORTGAGE,CA,DEC1996,< 1 year,120000,Not Verified,20000,0,20000,0,1,0.0488117102,0.08859329079613379,0.09318522201240317
66178,Fully Paid,30000,30000,20.89,1128.56,36 months,D,D4,20.14,0,0,0,27,18,22,home_improvement,RENT,MI,JUL2012,1 year,65000,Source Verified,30000,0,30000,0,1,0.4836424971,0.2944396873545706,0.21124155917823043
66190,Fully Paid,38400,38400,11.8,1271.77,36 months,B,B4,4.35,0,0,0,0.5,9,27,debt_consolidation,MORTGAGE,TX,AUG2007,4 years,101000,Source Verified,38400,0,38400,0,1,0.1295866072,0.12349602015169335,0.12551628685844768
66193,Fully Paid,15000,15000,8.19,471.37,36 months,A,A4,23.24,0,0,0,10.1,5,8,debt_consolidation,RENT,TN,OCT2011,7 years,44000,Source Verified,15000,0,15000,0,1,0.0955170719,0.10638423416338154,0.09318522201240317
66217,Fully Paid,5500,5500,14.47,189.24,36 months,C,C2,16.8,0,0,0,34.2,5,24,medical,OWN,AL,FEB1987,10+ years,46000,Not Verified,5500,0,5500,0,1,0.1701020483,0.14674013781015435,0.1715567968159956
66251,Fully Paid,9000,9000,10.47,292.4,36 months,B,B2,14.85,0,1,0,5.3,10,33,credit_card,MORTGAGE,CA,JUN1987,8 years,175000,Not Verified,9000,0,9000,0,1,0.0873391106,0.10605538351256853,0.12551628685844768
66303,Fully Paid,1600,1600,10.08,51.69,36 months,B,B1,12.43,0,0,0,89.7,3,22,vacation,RENT,NY,NOV2002,4 years,28000,Not Verified,1600,0,1600,0,1,0.0902226861,0.10724578286316537,0.12551628685844768
66327,Fully Paid,6000,6000,14.47,206.44,36 months,C,C2,16.69,0,2,0,25.3,6,20,debt_consolidation,ANY,CT,SEP2007,2 years,20000,Verified,6000,0,6000,0,1,0.1759154898,0.14936282405244147,0.1715567968159956
66356,Fully Paid,5000,5000,6.11,152.36,36 months,A,A1,7.49,0,0,0,22.2,13,26,credit_card,OWN,TN,JUL1995,2 years,75000,Not Verified,5000,0,5000,0,1,0.0417733683,0.08591225509521068,0.09318522201240317
66361,Fully Paid,15000,15000,11.06,491.51,36 months,B,B3,6.16,0,1,0,63.1,8,11,debt_consolidation,MORTGAGE,CA,AUG2004,10+ years,85000,Source Verified,15000,0,15000,0,1,0.1063499558,0.11390345191943953,0.12551628685844768
66375,Fully Paid,40000,40000,12.98,1347.38,36 months,B,B5,10.4,0,0,0,29.2,5,8,other,RENT,TX,APR2009,1 year,84000,Source Verified,40000,0,40000,0,1,0.2069682219,0.15544074429261343,0.12551628685844768
66418,Fully Paid,21000,21000,14.47,493.77,60 months,C,C2,12.66,0,0,0,11,12,28,major_purchase,MORTGAGE,TX,JUN1998,4 years,110000,Source Verified,21000,0,21000,0,1,0.2056097526,0.16275914609686531,0.1715567968159956
66443,Fully Paid,7500,7500,8.81,237.84,36 months,A,A5,8.79,0,0,0,52.5,3,7,debt_consolidation,MORTGAGE,MI,DEC1997,10+ years,52000,Source Verified,7500,0,7500,0,1,0.0479079707,0.08824903956505416,0.09318522201240317
66447,Fully Paid,40000,40000,10.08,851.46,60 months,B,B1,3.3,0,0,0,0.5,8,26,major_purchase,RENT,VA,FEB2007,4 years,77000,Source Verified,40000,0,40000,0,1,0.1661907856,0.13860697881967038,0.12551628685844768
66575,Fully Paid,3000,3000,10.33,97.27,36 months,B,B1,28.73,0,0,0,29.2,14,26,debt_consolidation,MORTGAGE,SC,APR1991,n/a,55300,Not Verified,3000,0,3000,0,1,0.1715080813,0.14080206798872855,0.12551628685844768
66607,Fully Paid,6400,6400,17.97,231.28,36 months,D,D1,29.2,0,0,1,69.3,10,25,credit_card,RENT,CA,MAY2003,10+ years,59061,Not Verified,6400,0,6400,0,1,0.3024456358,0.2103532657856387,0.21124155917823043
66608,Fully Paid,19000,19000,16.91,471.28,60 months,C,C5,5.18,0,0,0,57.3,6,10,credit_card,MORTGAGE,ND,MAR2007,10+ years,75000,Not Verified,19000,0,19000,0,1,0.1614924364,0.14285598232642555,0.1715567968159956
66691,Charged Off,15000,15000,11.31,493.29,36 months,B,B3,0.15,0,0,0,0.3,3,5,major_purchase,OWN,WA,JAN2013,n/a,20000,Verified,15000,0,0,1,1,0.1654656993,0.1383076482626426,0.12551628685844768
66720,Fully Paid,22000,22000,8.81,697.66,36 months,A,A5,10.18,0,1,0,73.3,13,17,debt_consolidation,MORTGAGE,WA,NOV2010,2 years,190000,Source Verified,22000,0,22000,0,1,0.0645805408,0.0945999324741132,0.09318522201240317
66739,Fully Paid,10000,10000,12.73,335.65,36 months,B,B5,11.22,0,1,1,10.3,12,30,home_improvement,MORTGAGE,MD,NOV2006,2 years,80000,Not Verified,10000,0,10000,0,1,0.0991002309,0.11091061618027966,0.12551628685844768
66814,Fully Paid,1800,1800,12.98,60.64,36 months,B,B5,33.52,0,1,0,15,24,33,debt_consolidation,RENT,IN,AUG2008,7 years,36700,Source Verified,1800,0,1800,0,1,0.2301577845,0.16501387329848305,0.12551628685844768
66825,Fully Paid,4000,4000,6.67,122.91,36 months,A,A2,11.7,0,1,0,4,10,25,debt_consolidation,OWN,WA,JUL2003,10+ years,52000,Not Verified,4000,0,4000,0,1,0.0443036999,0.0868761055945412,0.09318522201240317
66865,Fully Paid,7000,7000,19.92,259.86,36 months,D,D3,9.58,0,2,1,61.4,13,40,credit_card,RENT,NY,APR1978,3 years,60000,Not Verified,7000,0,7000,0,1,0.2421653349,0.18237952078026945,0.21124155917823043
66892,Fully Paid,30000,30000,17.97,761.32,60 months,D,D1,18.93,0,1,0,10,8,15,debt_consolidation,MORTGAGE,SC,JAN2005,10+ years,70000,Verified,30000,0,30000,0,1,0.2967349424,0.20770315491043825,0.21124155917823043
66957,Fully Paid,3000,3000,6.46,91.9,36 months,A,A1,2.48,0,0,0,36.6,5,7,credit_card,OWN,AZ,OCT2009,< 1 year,31000,Not Verified,3000,0,3000,0,1,0.0395909342,0.08508092524222187,0.09318522201240317
67032,Fully Paid,1000,1000,23.4,38.92,36 months,E,E1,7.16,0,0,0,84.7,5,12,home_improvement,MORTGAGE,PA,FEB2000,10+ years,26500,Not Verified,1000,0,1000,0,1,0.2395735223,0.19000321932719427,0.26321838497840144
67049,Fully Paid,5500,5500,8.19,172.84,36 months,A,A4,19.46,0,0,0,85.2,7,9,debt_consolidation,RENT,CA,OCT2012,10+ years,61000,Not Verified,5500,0,5500,0,1,0.0667781202,0.09543703145434507,0.09318522201240317
67057,Fully Paid,16000,16000,17.97,406.04,60 months,D,D1,40.42,0,0,0,54.5,19,40,debt_consolidation,MORTGAGE,NC,DEC2003,10+ years,72000,Not Verified,16000,0,16000,0,1,0.3153010759,0.216318975941694,0.21124155917823043
67097,Fully Paid,28800,28800,20.89,777.36,60 months,D,D4,8.2,0,3,0,34.1,21,25,car,MORTGAGE,IL,JUL2005,10+ years,78000,Source Verified,28800,0,28800,0,1,0.2997961911,0.20912376146437497,0.21124155917823043
67135,Fully Paid,24000,24000,14.47,564.31,60 months,C,C2,27.89,0,0,1,20.9,6,11,debt_consolidation,RENT,CA,APR2005,10+ years,50000,Not Verified,24000,0,24000,0,1,0.290356524,0.20099195388017785,0.1715567968159956
67137,Fully Paid,30000,30000,8.46,946.48,36 months,A,A5,18.51,1,0,0,32.5,10,26,credit_card,MORTGAGE,WA,MAR1994,10+ years,122308,Verified,30000,0,30000,0,1,0.0671186326,0.09556673897835823,0.09318522201240317
67144,Fully Paid,16000,16000,23.4,454.74,60 months,E,E1,12.77,1,1,0,8,9,22,other,MORTGAGE,SC,JUL2003,5 years,82500,Source Verified,16000,0,16000,0,1,0.3305906637,0.2355940253440679,0.26321838497840144
67159,Fully Paid,27000,27000,19.92,1002.32,36 months,D,D3,20.8,0,0,0,8.7,16,26,house,MORTGAGE,AL,AUG2007,n/a,54000,Verified,27000,0,27000,0,1,0.4032186738,0.2571181164307088,0.21124155917823043
67182,Fully Paid,10000,10000,16.14,352.27,36 months,C,C4,0,0,1,1,0,10,16,small_business,RENT,RI,JUL2003,10+ years,55000,Not Verified,10000,0,10000,0,1,0.2326273075,0.17494789342260467,0.1715567968159956
67237,Fully Paid,16500,16500,11.8,546.47,36 months,B,B4,24.87,0,0,1,31.8,12,19,credit_card,RENT,IL,AUG1999,10+ years,97500,Not Verified,16500,0,16500,0,1,0.1726234525,0.1412625161899823,0.12551628685844768
67271,Fully Paid,5000,5000,16.91,178.04,36 months,C,C5,21.62,0,1,0,47,22,32,debt_consolidation,MORTGAGE,NC,FEB2002,10+ years,75723,Not Verified,5000,0,5000,0,1,0.2027563353,0.1614718503880818,0.1715567968159956
67282,Fully Paid,40000,40000,10.47,859.17,60 months,B,B2,0.37,0,1,0,1.1,16,30,debt_consolidation,MORTGAGE,CA,JUN2001,2 years,185000,Source Verified,40000,0,40000,0,1,0.1290615974,0.12327928529423011,0.12551628685844768
67295,Fully Paid,10000,10000,18.94,259.08,60 months,D,D2,28.39,0,0,1,67.4,14,27,debt_consolidation,RENT,CA,FEB2009,5 years,30000,Source Verified,10000,0,10000,0,1,0.3818813545,0.24721629576484108,0.21124155917823043
67310,Fully Paid,30000,30000,10.33,642.3,60 months,B,B1,10.1,0,0,0,14.8,14,25,home_improvement,MORTGAGE,NY,DEC1995,10+ years,57000,Source Verified,30000,0,30000,0,1,0.138245626,0.12707064143569508,0.12551628685844768
67325,Fully Paid,12000,12000,10.08,255.44,60 months,B,B1,9.9,0,0,0,67.8,13,27,credit_card,RENT,MA,FEB2008,< 1 year,38800,Not Verified,12000,0,12000,0,1,0.1196706542,0.11940251054469712,0.12551628685844768
67343,Fully Paid,10000,10000,12.98,227.43,60 months,B,B5,23.84,0,0,0,53.7,11,35,debt_consolidation,RENT,OH,OCT1997,10+ years,69000,Not Verified,10000,0,10000,0,1,0.1448225547,0.12978573304796662,0.12551628685844768
67355,Fully Paid,35000,35000,16.14,853.74,60 months,C,C4,12.51,0,0,0,34.1,8,13,debt_consolidation,OWN,TX,MAR2004,10+ years,72500,Verified,35000,0,35000,0,1,0.2631138253,0.18870163478377627,0.1715567968159956
67442,Fully Paid,40000,40000,10.72,1304.26,36 months,B,B2,6.92,0,0,0,4.3,14,28,other,MORTGAGE,CT,AUG2007,< 1 year,160000,Not Verified,40000,0,40000,0,1,0.1186658317,0.11898769912343728,0.12551628685844768
67449,Fully Paid,5000,5000,14.47,172.04,36 months,C,C2,12.07,0,0,0,37,18,35,debt_consolidation,MORTGAGE,CA,JUN2007,10+ years,68000,Source Verified,5000,0,5000,0,1,0.1714383075,0.14734298014029037,0.1715567968159956
67459,Fully Paid,13000,13000,13.56,441.54,36 months,C,C1,16.45,0,0,0,74.3,14,24,credit_card,MORTGAGE,CA,MAY2003,< 1 year,130000,Not Verified,13000,0,13000,0,1,0.1699104591,0.14665370392086333,0.1715567968159956
67467,Fully Paid,21350,21350,10.72,696.15,36 months,B,B2,35.95,0,0,0,19.6,20,42,debt_consolidation,MORTGAGE,FL,MAR1982,10+ years,91000,Source Verified,21350,0,21350,0,1,0.1771484262,0.14313051852040432,0.12551628685844768
67563,Fully Paid,12000,12000,11.06,393.21,36 months,B,B3,30.78,0,1,0,75.9,9,31,debt_consolidation,MORTGAGE,ID,NOV1994,10+ years,40000,Not Verified,12000,0,12000,0,1,0.112282404,0.11635248870891478,0.12551628685844768
67584,Fully Paid,14000,14000,19.92,519.72,36 months,D,D3,12.35,0,0,0,73.8,8,14,debt_consolidation,RENT,FL,JAN2007,10+ years,85000,Not Verified,14000,0,14000,0,1,0.293036389,0.20598680001247624,0.21124155917823043
67593,Fully Paid,10000,10000,17.97,361.38,36 months,D,D1,10.27,0,1,0,58.9,7,28,home_improvement,MORTGAGE,WA,JUL1986,1 year,175000,Not Verified,10000,0,10000,0,1,0.1910840853,0.1586746979852323,0.21124155917823043
67599,Fully Paid,18000,18000,10.47,386.63,60 months,B,B2,14.86,0,1,0,18.9,7,26,debt_consolidation,MORTGAGE,VA,JUN2006,2 years,49493,Source Verified,18000,0,18000,0,1,0.1111515825,0.11588566230563836,0.12551628685844768
67614,Fully Paid,8000,8000,19.92,296.99,36 months,D,D3,17.27,0,0,0,57.4,6,10,debt_consolidation,RENT,NJ,NOV1986,4 years,47404,Not Verified,8000,0,8000,0,1,0.3018317398,0.21006838050956314,0.21124155917823043
67636,Fully Paid,28000,28000,7.21,867.25,36 months,A,A3,11.14,0,0,0,73.6,6,12,credit_card,MORTGAGE,NY,JUN2005,10+ years,108000,Source Verified,28000,0,28000,0,1,0.0583334316,0.09222029206579982,0.09318522201240317
67652,Fully Paid,16000,16000,17.97,578.2,36 months,D,D1,30.6,0,1,0,48.8,28,41,other,RENT,CA,OCT2005,8 years,52000,Source Verified,16000,0,16000,0,1,0.4327740341,0.2708336105511772,0.21124155917823043
67687,Fully Paid,10000,10000,6.46,306.31,36 months,A,A1,13.77,0,2,0,2.7,33,56,debt_consolidation,RENT,MA,AUG1977,10+ years,127000,Not Verified,10000,0,10000,0,1,0.0683402657,0.09603208181067066,0.09318522201240317
67725,Fully Paid,15000,15000,17.97,542.07,36 months,D,D1,19.34,0,2,0,26.2,21,45,debt_consolidation,RENT,CA,APR1996,5 years,79000,Verified,15000,0,15000,0,1,0.3301466164,0.22320821435314128,0.21124155917823043
67823,Fully Paid,40000,40000,20.89,1079.67,60 months,D,D4,29.23,0,0,1,51.1,15,22,credit_card,RENT,NJ,MAR2004,5 years,65242,Verified,40000,0,40000,0,1,0.4908028862,0.29776254566536287,0.21124155917823043
67882,Fully Paid,12000,12000,22.35,460.47,36 months,D,D5,19.78,1,1,0,48,24,40,debt_consolidation,MORTGAGE,TN,JUL1991,7 years,107000,Source Verified,12000,0,12000,0,1,0.3362997834,0.22606366003047787,0.21124155917823043
67894,Fully Paid,15000,15000,15.02,357.01,60 months,C,C3,12.26,0,0,1,53.4,8,24,other,MORTGAGE,CA,MAR2010,10+ years,138000,Source Verified,15000,0,15000,0,1,0.1676682285,0.14564214005690163,0.1715567968159956
67921,Fully Paid,5000,5000,12.98,168.43,36 months,B,B5,14.5,1,2,0,22.1,16,47,credit_card,MORTGAGE,MI,AUG1981,8 years,140000,Not Verified,5000,0,5000,0,1,0.0935406145,0.1086154920359222,0.12551628685844768
67962,Fully Paid,15000,15000,25.34,443.27,60 months,E,E3,3.02,0,2,0,19.1,6,10,major_purchase,MORTGAGE,FL,MAR1999,n/a,37000,Source Verified,15000,0,15000,0,1,0.4420066251,0.29140267199280656,0.26321838497840144
67974,Fully Paid,6000,6000,26.31,242.74,36 months,E,E4,12.96,0,0,0,99,2,12,debt_consolidation,RENT,OK,AUG2008,n/a,23890,Not Verified,6000,0,6000,0,1,0.464983651,0.3029119450213658,0.26321838497840144
68004,Fully Paid,16000,16000,14.47,376.21,60 months,C,C2,21.11,0,0,0,39.4,11,22,debt_consolidation,MORTGAGE,TX,SEP1992,10+ years,85000,Source Verified,16000,0,16000,0,1,0.2147885945,0.16690010500584526,0.1715567968159956
68089,Fully Paid,1000,1000,10.47,32.49,36 months,B,B2,1.19,0,0,0,48.9,2,5,credit_card,MORTGAGE,CA,NOV1995,n/a,25200,Not Verified,1000,0,1000,0,1,0.1012493945,0.11179783517411783,0.12551628685844768
68114,Charged Off,7500,7500,16.91,267.06,36 months,C,C5,0.21,0,1,0,6.1,1,7,major_purchase,RENT,NC,AUG2003,4 years,86000,Source Verified,7500,0,0,1,1,0.2097956108,0.1646475615411946,0.1715567968159956
68140,Fully Paid,15000,15000,19.92,396.75,60 months,D,D3,15.02,0,0,1,79.3,5,14,debt_consolidation,RENT,IL,JUN2008,10+ years,60000,Verified,15000,0,15000,0,1,0.3118654566,0.2147246385412693,0.21124155917823043
68157,Fully Paid,9000,9000,10.72,293.46,36 months,B,B2,27.25,0,2,0,58,18,43,debt_consolidation,MORTGAGE,FL,AUG1997,10+ years,55000,Not Verified,9000,0,9000,0,1,0.1090505489,0.1150183123669868,0.12551628685844768
68170,Fully Paid,3500,3500,8.81,110.99,36 months,A,A5,11.67,0,0,0,54,9,15,debt_consolidation,RENT,MI,OCT2004,< 1 year,50000,Not Verified,3500,0,3500,0,1,0.0617574855,0.09352457805790046,0.09318522201240317
68233,Fully Paid,33000,33000,10.33,706.53,60 months,B,B1,0.5,0,0,0,2.1,2,3,vacation,OWN,FL,JUN1997,2 years,59800,Not Verified,33000,0,33000,0,1,0.1096941818,0.1152840172830477,0.12551628685844768
68234,Fully Paid,20000,20000,8.46,630.99,36 months,A,A5,3.6,0,0,0,20.3,7,16,debt_consolidation,MORTGAGE,TX,DEC2003,7 years,61000,Verified,20000,0,20000,0,1,0.0474774799,0.0880850575903054,0.09318522201240317
68241,Fully Paid,40000,40000,6.67,1229.06,36 months,A,A2,3.58,1,0,0,22.6,13,36,home_improvement,MORTGAGE,FL,DEC1986,10+ years,2300000,Verified,40000,0,40000,0,1,0.0567971146,0.09163508026684826,0.09318522201240317
68295,Fully Paid,8100,8100,6.11,246.83,36 months,A,A1,22.19,0,1,0,8.8,26,37,debt_consolidation,MORTGAGE,NH,JAN2009,4 years,85000,Source Verified,8100,0,8100,0,1,0.0682612103,0.09600196813435853,0.09318522201240317
68321,Fully Paid,15000,15000,10.47,322.19,60 months,B,B2,10.09,0,0,0,0.9,3,6,debt_consolidation,RENT,TX,JUN1997,10+ years,98000,Source Verified,15000,0,15000,0,1,0.1473776089,0.13084051204037372,0.12551628685844768
68356,Fully Paid,13000,13000,6.11,396.14,36 months,A,A1,14.19,0,0,1,73.3,11,18,credit_card,MORTGAGE,NY,AUG2004,7 years,80000,Source Verified,13000,0,13000,0,1,0.0518603118,0.08975456000465169,0.09318522201240317
68372,Fully Paid,10000,10000,17.97,361.38,36 months,D,D1,9.22,0,3,0,53,5,7,home_improvement,MORTGAGE,CA,NOV2013,2 years,110000,Not Verified,10000,0,10000,0,1,0.2075226017,0.16630317460486674,0.21124155917823043
68399,Fully Paid,20000,20000,23.4,778.38,36 months,E,E1,15,0,1,0,91.7,4,9,debt_consolidation,MORTGAGE,IL,JAN2008,6 years,70500,Source Verified,20000,0,20000,0,1,0.3458510427,0.2432380028194248,0.26321838497840144
68407,Fully Paid,40000,40000,13.56,921.64,60 months,C,C1,11.01,0,0,0,20.9,6,13,debt_consolidation,RENT,FL,DEC2004,10+ years,70000,Source Verified,40000,0,40000,0,1,0.2926750036,0.20203791685235936,0.1715567968159956
68427,Fully Paid,30000,30000,7.21,929.2,36 months,A,A3,16.45,0,1,0,41.5,16,34,debt_consolidation,MORTGAGE,MI,DEC1995,4 years,110000,Verified,30000,0,30000,0,1,0.0643018147,0.09449376050413842,0.09318522201240317
68529,Fully Paid,11500,11500,18.94,421.2,36 months,D,D2,8.09,0,1,0,68,10,19,other,OWN,TX,SEP1999,5 years,78000,Source Verified,11500,0,11500,0,1,0.253576825,0.18767514985681072,0.21124155917823043
68576,Fully Paid,40000,40000,10.08,851.46,60 months,B,B1,3.35,0,0,0,37.5,11,26,home_improvement,MORTGAGE,CA,APR2010,10+ years,188000,Source Verified,40000,0,40000,0,1,0.1274489648,0.12261355734648215,0.12551628685844768
68599,Fully Paid,5000,5000,8.46,157.75,36 months,A,A5,13.83,0,0,0,80.7,3,16,debt_consolidation,RENT,MD,JUL2004,10+ years,87000,Source Verified,5000,0,5000,0,1,0.0628230711,0.09393047948704097,0.09318522201240317
68654,Fully Paid,35000,35000,26.31,1054.35,60 months,E,E4,26.1,0,0,0,60.6,14,28,debt_consolidation,MORTGAGE,WA,MAY2003,10+ years,55365,Source Verified,35000,0,35000,0,1,0.4804295699,0.3106488600847328,0.26321838497840144
68781,Fully Paid,15000,15000,7.56,467.01,36 months,A,A3,22.88,0,0,0,39.5,13,17,home_improvement,MORTGAGE,OR,APR2000,4 years,98000,Source Verified,15000,0,15000,0,1,0.0755505529,0.09877861468329353,0.09318522201240317
68809,Fully Paid,12000,12000,14.47,282.16,60 months,C,C2,15.92,0,0,1,35,9,30,debt_consolidation,MORTGAGE,NV,MAY2006,10+ years,75000,Source Verified,12000,0,12000,0,1,0.1745226409,0.1487344517453296,0.1715567968159956
68822,Fully Paid,35000,35000,16.91,868.15,60 months,C,C5,33.26,0,0,0,31.1,14,29,credit_card,OWN,CA,SEP2000,< 1 year,150000,Verified,35000,0,35000,0,1,0.3509374917,0.22832255839924473,0.1715567968159956
68845,Fully Paid,6500,6500,11.31,213.76,36 months,B,B3,27.03,0,0,0,66.8,7,10,credit_card,OWN,AZ,DEC2009,3 years,40000,Source Verified,6500,0,6500,0,1,0.1576479453,0.13508031841304238,0.12551628685844768
68902,Fully Paid,11000,11000,11.55,242.2,60 months,B,B4,24.54,0,0,0,25,10,23,credit_card,MORTGAGE,TX,DEC2005,10+ years,65000,Not Verified,11000,0,11000,0,1,0.1120509825,0.11625695314783299,0.12551628685844768
68926,Charged Off,12000,12000,8.46,378.59,36 months,A,A5,15.22,0,1,0,10.8,17,24,debt_consolidation,MORTGAGE,FL,MAR2006,< 1 year,120000,Not Verified,12000,0,590.05,1,1,0.0573080942,0.09182972192670333,0.09318522201240317
68992,Fully Paid,8000,8000,6.46,245.05,36 months,A,A1,8.21,0,1,0,30.5,5,8,credit_card,MORTGAGE,TX,APR2008,< 1 year,120000,Source Verified,8000,0,8000,0,1,0.0464637393,0.08769890488861933,0.09318522201240317
69093,Fully Paid,5000,5000,7.21,154.87,36 months,A,A3,5.85,0,0,1,26.6,9,32,credit_card,RENT,CA,OCT1995,5 years,33000,Not Verified,5000,0,5000,0,1,0.044017088,0.08676692977626936,0.09318522201240317
69107,Fully Paid,11000,11000,19.92,290.95,60 months,D,D3,16.73,0,2,0,33,17,25,debt_consolidation,MORTGAGE,CA,JUN2008,10+ years,112000,Not Verified,11000,0,11000,0,1,0.2546740134,0.1881843123537824,0.21124155917823043
69110,Charged Off,10000,10000,27.27,306.97,60 months,E,E5,11.37,0,1,0,84,4,24,debt_consolidation,RENT,IL,NOV2008,10+ years,70000,Source Verified,10000,0,79.72,1,1,0.3873701962,0.2640350927311423,0.26321838497840144
69125,Fully Paid,8000,8000,13.56,271.72,36 months,C,C1,17.12,0,0,0,64.9,5,13,debt_consolidation,MORTGAGE,TX,OCT1999,10+ years,53000,Source Verified,8000,0,8000,0,1,0.1731179549,0.1481007392280654,0.1715567968159956
69179,Fully Paid,14000,14000,22.35,537.21,36 months,D,D5,28.32,0,0,0,84.8,22,23,medical,RENT,IL,OCT2006,9 years,62000,Verified,14000,0,14000,0,1,0.47898022,0.2922761057401368,0.21124155917823043
69216,Fully Paid,17400,17400,13.56,400.91,60 months,C,C1,16.14,0,1,1,55.9,14,34,home_improvement,MORTGAGE,IL,SEP1994,3 years,165000,Not Verified,17400,0,17400,0,1,0.1730642488,0.1480765101634748,0.1715567968159956
69260,Fully Paid,24000,24000,18.94,879.02,36 months,D,D2,24.87,0,0,0,50.9,10,27,debt_consolidation,RENT,NV,NOV1993,10+ years,65000,Not Verified,24000,0,24000,0,1,0.3464251901,0.23076246778147666,0.21124155917823043
69263,Fully Paid,10000,10000,11.8,331.19,36 months,B,B4,11.2,0,0,0,50.1,9,18,debt_consolidation,MORTGAGE,FL,JUL1994,10+ years,81000,Source Verified,10000,0,10000,0,1,0.1087082924,0.11487702183537508,0.12551628685844768
69295,Fully Paid,10000,10000,10.72,326.07,36 months,B,B2,2.38,1,0,1,20.8,8,20,car,MORTGAGE,FL,AUG1988,< 1 year,70000,Not Verified,10000,0,10000,0,1,0.0720808928,0.09975647697782189,0.12551628685844768
69306,Fully Paid,5000,5000,17.97,180.69,36 months,D,D1,20.96,0,0,0,77.1,12,24,debt_consolidation,MORTGAGE,WA,AUG2006,2 years,52000,Source Verified,5000,0,5000,0,1,0.2516960834,0.18680237077054387,0.21124155917823043
69319,Fully Paid,16000,16000,14.47,376.21,60 months,C,C2,26.11,0,1,0,6.5,28,53,debt_consolidation,OWN,NJ,JUN2005,n/a,45000,Not Verified,16000,0,16000,0,1,0.3463669552,0.2262605985088044,0.1715567968159956
69363,Fully Paid,17000,17000,20.89,639.52,36 months,D,D4,18.63,0,0,0,22.9,6,19,debt_consolidation,RENT,IN,DEC2006,9 years,85000,Source Verified,17000,0,17000,0,1,0.3730775354,0.2431307854588234,0.21124155917823043
69414,Fully Paid,20000,20000,12.98,673.69,36 months,B,B5,19.11,0,0,0,40.7,26,39,debt_consolidation,MORTGAGE,FL,MAY1994,4 years,68000,Not Verified,20000,0,20000,0,1,0.1441853887,0.1295226978014047,0.12551628685844768
69481,Fully Paid,10000,10000,10.33,324.23,36 months,B,B1,15.36,0,0,0,26.2,10,27,credit_card,OWN,FL,DEC1995,1 year,45000,Source Verified,10000,0,10000,0,1,0.125007938,0.12160585121306912,0.12551628685844768
69516,Fully Paid,6800,6800,17.97,245.74,36 months,D,D1,14.82,0,1,0,24.5,3,10,debt_consolidation,OWN,FL,DEC2005,7 years,26000,Not Verified,6800,0,6800,0,1,0.2302137318,0.17683324625056185,0.21124155917823043
69564,Fully Paid,15000,15000,8.19,471.37,36 months,A,A4,33.32,0,0,0,67.5,13,30,credit_card,MORTGAGE,LA,JAN1994,10+ years,76400,Source Verified,15000,0,15000,0,1,0.0745895081,0.09841253479465009,0.09318522201240317
69579,Fully Paid,22000,22000,11.8,728.62,36 months,B,B4,20.81,0,2,0,70.2,11,25,credit_card,MORTGAGE,CO,JUN2004,10+ years,100000,Not Verified,22000,0,22000,0,1,0.1175025273,0.11850746311008979,0.12551628685844768
69584,Fully Paid,17000,17000,17.97,614.34,36 months,D,D1,21.46,0,3,0,24,18,27,debt_consolidation,MORTGAGE,IN,SEP1994,10+ years,109000,Not Verified,17000,0,17000,0,1,0.2711753818,0.1958419561440319,0.21124155917823043
69608,Fully Paid,3200,3200,23.4,124.54,36 months,E,E1,12.9,0,0,0,83.6,4,16,debt_consolidation,OWN,VA,MAR2008,n/a,36000,Verified,3200,0,3200,0,1,0.4091557223,0.27494753932222626,0.26321838497840144
69627,Fully Paid,15000,15000,8.81,475.68,36 months,A,A5,9.87,0,0,1,53.9,18,24,home_improvement,MORTGAGE,NV,JAN2011,4 years,150000,Not Verified,15000,0,15000,0,1,0.0553852672,0.09109728126000327,0.09318522201240317
69658,Fully Paid,10000,10000,12.73,335.65,36 months,B,B5,28.23,0,1,0,18,21,43,credit_card,MORTGAGE,FL,JUN2001,7 years,55000,Source Verified,10000,0,10000,0,1,0.149800253,0.1318406294166544,0.12551628685844768
69663,Fully Paid,14000,14000,8.81,443.96,36 months,A,A5,24.72,0,0,0,28.6,12,34,credit_card,MORTGAGE,VA,JAN1998,< 1 year,148967,Not Verified,14000,0,14000,0,1,0.0563412313,0.09146142581525724,0.09318522201240317
69687,Fully Paid,24000,24000,13.56,815.15,36 months,C,C1,22.02,0,2,0,28.5,13,24,debt_consolidation,RENT,VT,APR2006,< 1 year,60000,Source Verified,24000,0,24000,0,1,0.3113057895,0.21044304243295167,0.1715567968159956
69720,Fully Paid,12000,12000,25.34,354.62,60 months,E,E3,18.46,2,1,0,32.4,13,59,debt_consolidation,OWN,GA,NOV1999,10+ years,100000,Not Verified,12000,0,12000,0,1,0.3185947968,0.2295852534530828,0.26321838497840144
69723,Fully Paid,3000,3000,11.55,99,36 months,B,B4,11.87,0,2,0,24.5,14,23,other,MORTGAGE,NJ,OCT2004,10+ years,65000,Source Verified,3000,0,3000,0,1,0.1011213589,0.11174497944167965,0.12551628685844768
69742,Fully Paid,3000,3000,16.91,106.83,36 months,C,C5,20.34,0,1,0,14.5,6,9,debt_consolidation,RENT,CA,MAR2014,3 years,24600,Source Verified,3000,0,3000,0,1,0.2777433132,0.1953016077338844,0.1715567968159956
69759,Fully Paid,20000,20000,11.55,660,36 months,B,B4,8.31,0,1,0,34.4,8,15,debt_consolidation,MORTGAGE,NV,OCT2010,10+ years,80000,Not Verified,20000,0,20000,0,1,0.0996526761,0.11113867693586603,0.12551628685844768
69834,Fully Paid,40000,40000,13.56,921.64,60 months,C,C1,9.39,0,0,0,51.3,15,34,credit_card,MORTGAGE,OH,JAN2004,3 years,191000,Source Verified,40000,0,40000,0,1,0.2182869147,0.16847834334533057,0.1715567968159956
69900,Fully Paid,20000,20000,17.97,507.55,60 months,D,D1,13.24,1,0,0,27.4,22,30,debt_consolidation,MORTGAGE,MA,JAN2007,10+ years,95000,Source Verified,20000,0,20000,0,1,0.3035439114,0.21086293280987908,0.21124155917823043
69922,Fully Paid,30000,30000,7.21,929.2,36 months,A,A3,4.68,4,0,0,1.3,6,28,home_improvement,MORTGAGE,NY,NOV2002,10+ years,150000,Source Verified,30000,0,30000,0,1,0.0608493465,0.09317865097521631,0.09318522201240317
69929,Fully Paid,20000,20000,19.92,528.99,60 months,D,D3,15.34,0,0,0,81.3,8,20,debt_consolidation,MORTGAGE,TN,DEC1995,6 years,79000,Not Verified,20000,0,20000,0,1,0.2403621629,0.1815427387308152,0.21124155917823043
69944,Fully Paid,8000,8000,13.56,271.72,36 months,C,C1,21.48,0,0,0,55.5,19,45,debt_consolidation,MORTGAGE,CO,JUL2003,5 years,50000,Source Verified,8000,0,8000,0,1,0.1864468426,0.15411395711213285,0.1715567968159956
69945,Fully Paid,1200,1200,6.46,36.76,36 months,A,A1,25.68,0,1,0,10,17,19,moving,RENT,LA,DEC2005,5 years,63000,Not Verified,1200,0,1200,0,1,0.07450204,0.09837921656400377,0.09318522201240317
69951,Fully Paid,26000,26000,15.02,618.82,60 months,C,C3,17.79,0,0,0,83.5,22,49,other,MORTGAGE,UT,MAY1994,10+ years,307000,Source Verified,26000,0,26000,0,1,0.2093174835,0.16443185834855525,0.1715567968159956
69964,Fully Paid,1000,1000,25.34,39.94,36 months,E,E3,6.71,0,0,0,125.7,3,4,other,RENT,OH,NOV2014,< 1 year,29848,Source Verified,1000,0,1000,0,1,0.3511100233,0.24587224468522242,0.26321838497840144
69968,Fully Paid,17200,17200,12.73,577.31,36 months,B,B5,17.53,0,0,0,36.4,6,21,debt_consolidation,OWN,OR,FEB2000,10+ years,38000,Not Verified,17200,0,17200,0,1,0.1251598359,0.1216685577943662,0.12551628685844768
70036,Fully Paid,17000,17000,16.91,605.34,36 months,C,C5,14.63,0,0,0,77.1,28,31,credit_card,MORTGAGE,CO,JAN2005,1 year,57000,Source Verified,17000,0,17000,0,1,0.262319756,0.1883433969605295,0.1715567968159956
70072,Fully Paid,23000,23000,18.94,595.88,60 months,D,D2,21.66,0,1,0,52.6,9,15,debt_consolidation,OWN,PA,SEP2004,< 1 year,60000,Verified,23000,0,23000,0,1,0.3446565038,0.2299416892051924,0.21124155917823043
70100,Fully Paid,15000,15000,8.81,475.68,36 months,A,A5,18.52,0,0,0,43.7,22,35,credit_card,MORTGAGE,OH,SEP2003,5 years,112000,Not Verified,15000,0,15000,0,1,0.0590464115,0.0924918794074066,0.09318522201240317
70113,Fully Paid,35000,35000,8.19,712.87,60 months,A,A4,9.15,0,1,0,17.1,7,15,debt_consolidation,RENT,CA,DEC2006,5 years,171600,Source Verified,35000,0,35000,0,1,0.0931997092,0.10550150749011669,0.09318522201240317
70137,Fully Paid,5500,5500,14.47,189.24,36 months,C,C2,5.47,0,3,0,29.6,6,9,small_business,OWN,TX,MAY2011,1 year,34000,Source Verified,5500,0,5500,0,1,0.2304266841,0.1739551003041678,0.1715567968159956
70202,Fully Paid,18000,18000,17.97,650.48,36 months,D,D1,32.14,0,0,0,60.9,18,35,debt_consolidation,RENT,TX,JUL2000,10+ years,80713,Source Verified,18000,0,18000,0,1,0.4110137385,0.26073550302238985,0.21124155917823043
70206,Fully Paid,2000,2000,16.14,70.46,36 months,C,C4,34.53,0,0,0,83.2,6,15,other,MORTGAGE,SC,FEB2002,2 years,40000,Not Verified,2000,0,2000,0,1,0.1896547438,0.15556117531220529,0.1715567968159956
70224,Fully Paid,5000,5000,15.02,173.38,36 months,C,C3,20.96,0,2,1,58.3,7,13,debt_consolidation,OWN,CA,JUL2001,n/a,28000,Not Verified,5000,0,5000,0,1,0.2822732749,0.19734526263755506,0.1715567968159956
70243,Fully Paid,3000,3000,6.67,92.18,36 months,A,A2,17.51,0,0,0,5.7,12,36,vacation,OWN,AR,MAR2001,4 years,61000,Not Verified,3000,0,3000,0,1,0.0442764732,0.0868657344367095,0.09318522201240317
70255,Fully Paid,40000,40000,6.46,1225.24,36 months,A,A1,12.06,2,0,0,30.9,19,28,debt_consolidation,MORTGAGE,CA,OCT1979,8 years,250000,Source Verified,40000,0,40000,0,1,0.0878053407,0.10344669191879087,0.09318522201240317
70360,Fully Paid,10000,10000,10.33,214.1,60 months,B,B1,14.84,0,1,0,6,16,25,debt_consolidation,RENT,PA,JUL1997,7 years,90000,Not Verified,10000,0,10000,0,1,0.1395061368,0.12759100625282585,0.12551628685844768
70430,Fully Paid,2700,2700,19.92,100.24,36 months,D,D3,22.46,0,1,0,19.9,23,45,vacation,MORTGAGE,VA,FEB2003,10+ years,61708,Verified,2700,0,2700,0,1,0.2520242677,0.18695466835011632,0.21124155917823043
70515,Fully Paid,15000,15000,18.94,549.39,36 months,D,D2,24.2,2,0,0,0,5,34,debt_consolidation,MORTGAGE,KY,APR1997,7 years,50000,Not Verified,15000,0,15000,0,1,0.2413964952,0.18202273215452117,0.21124155917823043
70632,Fully Paid,1200,1200,12.73,40.28,36 months,B,B5,9.91,0,2,0,0,8,31,medical,RENT,MN,AUG2007,1 year,54000,Source Verified,1200,0,1200,0,1,0.1356521445,0.12599999886247823,0.12551628685844768
70648,Fully Paid,25000,25000,26.31,1011.4,36 months,E,E4,21.9,0,0,0,32.5,17,35,debt_consolidation,OWN,CA,JUN1997,10+ years,130000,Source Verified,25000,0,25000,0,1,0.4761893557,0.3085249218892602,0.26321838497840144
70668,Fully Paid,10000,10000,11.8,331.19,36 months,B,B4,15.05,0,1,1,53.2,17,43,debt_consolidation,MORTGAGE,NV,APR2005,8 years,130000,Not Verified,10000,0,10000,0,1,0.0971730191,0.11011502346034475,0.12551628685844768
70756,Fully Paid,7000,7000,11.06,229.37,36 months,B,B3,29.13,0,1,0,87,7,12,other,MORTGAGE,CA,FEB2010,10+ years,52000,Verified,7000,0,7000,0,1,0.1186929232,0.11899888305255815,0.12551628685844768
70785,Fully Paid,5600,5600,12.98,188.64,36 months,B,B5,17.26,0,0,0,19.5,9,14,debt_consolidation,OWN,NM,FEB2015,8 years,38000,Not Verified,5600,0,5600,0,1,0.1307789232,0.12398823275098413,0.12551628685844768
70845,Fully Paid,18000,18000,16.14,439.07,60 months,C,C4,22.65,0,1,0,57.6,20,53,home_improvement,MORTGAGE,WA,SEP2003,10+ years,120000,Not Verified,18000,0,18000,0,1,0.1951322212,0.1580322941184096,0.1715567968159956
70899,Fully Paid,16000,16000,13.56,543.43,36 months,C,C1,57.31,0,0,0,42.6,20,33,debt_consolidation,RENT,PA,OCT2006,< 1 year,15600,Not Verified,16000,0,16000,0,1,0.4069891647,0.2536098089261963,0.1715567968159956
70969,Fully Paid,7000,7000,18.94,256.38,36 months,D,D2,9.02,0,1,0,27.9,11,24,medical,MORTGAGE,MN,MAY1995,10+ years,62600,Source Verified,7000,0,7000,0,1,0.2358951793,0.17946978524014065,0.21124155917823043
70995,Fully Paid,21000,21000,29.69,675.43,60 months,F,F2,29.37,0,1,0,84.2,8,30,other,MORTGAGE,TX,JUL2003,4 years,49000,Verified,21000,0,21000,0,1,0.4401828575,0.30113576742396303,0.30760747675322797
71006,Fully Paid,10000,10000,11.06,217.73,60 months,B,B3,22.85,0,0,1,50.3,14,60,credit_card,RENT,WA,JUN2003,< 1 year,50000,Source Verified,10000,0,10000,0,1,0.1368232056,0.12648343700132678,0.12551628685844768
71026,Fully Paid,15500,15500,20.89,583.09,36 months,D,D4,15.06,0,1,0,83.7,9,17,debt_consolidation,RENT,TN,SEP2011,9 years,70000,Source Verified,15500,0,15500,0,1,0.3631895338,0.2385421481885824,0.21124155917823043
71105,Fully Paid,1500,1500,17.97,54.21,36 months,D,D1,17.81,0,1,0,10.9,11,42,credit_card,RENT,NJ,MAY2005,5 years,75000,Not Verified,1500,0,1500,0,1,0.2333988638,0.17831134222961564,0.21124155917823043
71184,Fully Paid,10000,10000,10.72,326.07,36 months,B,B2,1.13,0,0,0,5.9,11,40,debt_consolidation,MORTGAGE,NC,DEC1991,n/a,80000,Source Verified,10000,0,10000,0,1,0.1218776233,0.12031359283937863,0.12551628685844768
71243,Fully Paid,15000,15000,8.81,475.68,36 months,A,A5,19.38,0,0,0,80.9,5,28,credit_card,MORTGAGE,MA,OCT2001,10+ years,75000,Source Verified,15000,0,15000,0,1,0.0521725267,0.08987348848314179,0.09318522201240317
71246,Fully Paid,11200,11200,8.81,355.17,36 months,A,A5,18.21,0,0,0,0,7,31,debt_consolidation,MORTGAGE,MA,MAR2001,7 years,211900,Source Verified,11200,0,11200,0,1,0.053602318,0.09041812265616615,0.09318522201240317
71256,Fully Paid,30000,30000,11.8,993.57,36 months,B,B4,18.35,0,1,0,30.1,6,16,home_improvement,RENT,VA,DEC2005,2 years,72000,Source Verified,30000,0,30000,0,1,0.2055754181,0.1548657662006478,0.12551628685844768
71291,Fully Paid,20000,20000,12.73,452.31,60 months,B,B5,28.98,0,0,0,18.3,13,27,debt_consolidation,RENT,CO,JUL2002,10+ years,81000,Not Verified,20000,0,20000,0,1,0.1932025679,0.1497579988322844,0.12551628685844768
71293,Fully Paid,6350,6350,16.14,223.69,36 months,C,C4,32.99,0,0,0,51.1,17,63,debt_consolidation,RENT,SC,JUN1993,n/a,46200,Not Verified,6350,0,6350,0,1,0.324453563,0.21637455213768633,0.1715567968159956
71309,Fully Paid,15000,15000,24.37,434.75,60 months,E,E2,5.54,0,0,0,20.6,13,22,debt_consolidation,RENT,NY,JUN2006,9 years,70000,Not Verified,15000,0,15000,0,1,0.3743878937,0.2575322117811823,0.26321838497840144
71332,Fully Paid,9000,9000,11.55,297,36 months,B,B4,10.06,0,0,0,33.3,9,11,debt_consolidation,RENT,TX,JUL2015,< 1 year,29000,Not Verified,9000,0,9000,0,1,0.135491026,0.12593348582761263,0.12551628685844768
71374,Fully Paid,6000,6000,11.31,197.32,36 months,B,B3,14.56,0,0,0,56.5,15,34,debt_consolidation,MORTGAGE,ME,AUG2007,5 years,89000,Source Verified,6000,0,6000,0,1,0.1064320896,0.11393735844353854,0.12551628685844768
71394,Fully Paid,10000,10000,18.94,366.26,36 months,D,D2,12.05,1,1,0,0,6,9,debt_consolidation,RENT,IL,APR2002,5 years,48000,Verified,10000,0,10000,0,1,0.3156305794,0.216471885710719,0.21124155917823043
71419,Fully Paid,20000,20000,27.27,613.94,60 months,E,E5,8.21,0,0,0,37.5,15,23,debt_consolidation,RENT,PA,AUG2005,< 1 year,60000,Verified,20000,0,20000,0,1,0.4606296064,0.3007309887784639,0.26321838497840144
71424,Fully Paid,5000,5000,23.4,194.6,36 months,E,E1,9.85,0,0,0,69.6,3,8,debt_consolidation,MORTGAGE,CA,MAY2007,n/a,12552,Verified,5000,0,5000,0,1,0.3755555193,0.25811707954796903,0.26321838497840144
71428,Fully Paid,7200,7200,16.14,253.63,36 months,C,C4,18.75,0,1,0,27.3,34,89,home_improvement,MORTGAGE,TN,JAN1996,10+ years,89844,Not Verified,7200,0,7200,0,1,0.1606651704,0.14248276808544422,0.1715567968159956
71477,Fully Paid,40000,40000,10.47,1299.54,36 months,B,B2,16.31,0,0,0,30.4,12,22,debt_consolidation,MORTGAGE,FL,AUG2009,8 years,76000,Source Verified,40000,0,40000,0,1,0.1675878615,0.13918372052249542,0.12551628685844768
71535,Fully Paid,22500,22500,8.46,709.86,36 months,A,A5,20.71,0,1,1,52.8,13,20,debt_consolidation,RENT,MI,NOV2005,< 1 year,109000,Source Verified,22500,0,22500,0,1,0.1071430515,0.11081278662767768,0.09318522201240317
71570,Fully Paid,10000,10000,16.14,352.27,36 months,C,C4,13.12,0,0,1,43.5,10,31,debt_consolidation,MORTGAGE,CA,MAR1997,10+ years,65000,Source Verified,10000,0,10000,0,1,0.1747296941,0.14882786209083004,0.1715567968159956
71673,Fully Paid,2000,2000,18.94,73.26,36 months,D,D2,10.06,0,0,0,90.6,14,16,debt_consolidation,MORTGAGE,VA,OCT2008,2 years,62500,Source Verified,2000,0,2000,0,1,0.2355311316,0.17930084485036915,0.21124155917823043
71762,Fully Paid,9000,9000,22.35,345.35,36 months,D,D5,28.89,2,0,0,63.1,16,32,moving,RENT,VA,JAN1996,7 years,100000,Source Verified,9000,0,9000,0,1,0.4236102556,0.26658105707653645,0.21124155917823043
71825,Fully Paid,5000,5000,16.91,178.04,36 months,C,C5,31.8,0,1,0,15.3,17,30,debt_consolidation,OWN,NM,AUG2001,10+ years,30000,Source Verified,5000,0,5000,0,1,0.2891282913,0.20043784681560736,0.1715567968159956
71835,Fully Paid,21000,21000,19.92,555.44,60 months,D,D3,16.2,1,0,0,88.5,6,12,debt_consolidation,RENT,VA,JUN1994,< 1 year,70000,Source Verified,21000,0,21000,0,1,0.3814422015,0.2470125019241182,0.21124155917823043
71984,Fully Paid,1000,1000,8.46,31.55,36 months,A,A5,26.8,1,0,0,55.8,24,38,medical,MORTGAGE,TX,AUG2003,2 years,60000,Not Verified,1000,0,1000,0,1,0.064384967,0.09452543476607132,0.09318522201240317
72022,Fully Paid,32000,32000,22.35,890.19,60 months,D,D5,24.48,0,1,0,55,17,36,debt_consolidation,MORTGAGE,IL,AUG2006,3 years,75000,Source Verified,32000,0,32000,0,1,0.3846161482,0.24848540724013055,0.21124155917823043
72037,Fully Paid,30000,30000,16.14,1056.79,36 months,C,C4,22.99,1,1,0,64.7,24,43,debt_consolidation,MORTGAGE,MO,NOV2009,< 1 year,155000,Source Verified,30000,0,30000,0,1,0.2961123924,0.2035886664926803,0.1715567968159956
72087,Fully Paid,28000,28000,15.02,666.42,60 months,C,C3,28.73,1,0,0,67.2,13,27,debt_consolidation,MORTGAGE,FL,FEB2005,10+ years,85000,Verified,28000,0,28000,0,1,0.2596692237,0.1871476311481535,0.1715567968159956
72223,Fully Paid,1000,1000,24.37,39.43,36 months,E,E2,17.46,0,1,1,11.3,7,22,debt_consolidation,RENT,MD,APR2002,n/a,44000,Not Verified,1000,0,1000,0,1,0.4652046846,0.30302266152845236,0.26321838497840144
72238,Fully Paid,20000,20000,13.56,460.82,60 months,C,C1,9.69,0,0,1,56.8,14,33,credit_card,MORTGAGE,NJ,OCT2001,< 1 year,180000,Not Verified,20000,0,20000,0,1,0.1551637134,0.14000083108024097,0.1715567968159956
72285,Fully Paid,1000,1000,12.73,33.57,36 months,B,B5,12.72,0,0,0,16.7,4,8,debt_consolidation,RENT,TX,JUL2009,1 year,24900,Not Verified,1000,0,1000,0,1,0.1275325133,0.12264804788787541,0.12551628685844768
72310,Fully Paid,25000,25000,19.92,928.08,36 months,D,D3,10.17,0,1,0,44,16,49,house,MORTGAGE,WI,JUL1997,10+ years,500000,Not Verified,25000,0,25000,0,1,0.1920797578,0.15913675089817417,0.21124155917823043
72327,Fully Paid,6000,6000,10.08,193.83,36 months,B,B1,3.89,0,0,0,14.5,22,38,other,MORTGAGE,CA,JUN2005,n/a,80000,Verified,6000,0,6000,0,1,0.1285674766,0.12307530205209326,0.12551628685844768
72328,Fully Paid,14000,14000,22.35,389.46,60 months,D,D5,26.98,0,2,0,8.8,23,31,debt_consolidation,MORTGAGE,NY,AUG2004,2 years,66500,Source Verified,14000,0,14000,0,1,0.3834190226,0.24792986777244683,0.21124155917823043
72370,Fully Paid,25000,25000,8.46,788.73,36 months,A,A5,8.85,0,0,0,0,6,20,home_improvement,OWN,OH,MAR1996,6 years,450000,Source Verified,25000,0,25000,0,1,0.0698999959,0.09662621213417881,0.09318522201240317
72418,Fully Paid,30000,30000,19.92,1113.69,36 months,D,D3,16.46,1,0,0,31.1,19,32,small_business,RENT,MD,JAN1983,2 years,115000,Verified,30000,0,30000,0,1,0.4724332132,0.28923789431721375,0.21124155917823043
72420,Fully Paid,5400,5400,10.33,175.09,36 months,B,B1,13.46,0,0,0,44.3,21,61,home_improvement,MORTGAGE,TX,MAY1996,10+ years,140000,Source Verified,5400,0,5400,0,1,0.0921085493,0.10802430602948944,0.12551628685844768
72455,Fully Paid,23000,23000,8.46,725.63,36 months,A,A5,21.15,0,0,0,69.6,7,9,credit_card,RENT,NY,FEB2010,2 years,83000,Source Verified,23000,0,23000,0,1,0.0995061558,0.10790375062078433,0.09318522201240317
72560,Fully Paid,14350,14350,27.27,587.93,36 months,E,E5,31.62,0,2,0,47.2,6,15,car,MORTGAGE,NY,MAR2014,1 year,31200,Verified,14350,0,14350,0,1,0.3996974797,0.27020987236186694,0.26321838497840144
72603,Fully Paid,2750,2750,11.55,90.75,36 months,B,B4,28.27,0,2,0,13.7,10,29,medical,RENT,CT,APR1990,10+ years,54000,Not Verified,2750,0,2750,0,1,0.1517313458,0.1326378242933144,0.12551628685844768
72714,Fully Paid,15000,15000,12.98,341.15,60 months,B,B5,12.41,0,0,0,81.1,16,36,debt_consolidation,MORTGAGE,MA,OCT2004,10+ years,145000,Source Verified,15000,0,15000,0,1,0.1178737398,0.11866070727481981,0.12551628685844768
72717,Fully Paid,7675,7675,7.56,238.96,36 months,A,A3,28.82,0,0,0,5.6,10,63,debt_consolidation,MORTGAGE,VA,OCT2002,10+ years,105000,Source Verified,7675,0,7675,0,1,0.046325754,0.08764634371430317,0.09318522201240317
72719,Fully Paid,8000,8000,16.91,284.87,36 months,C,C5,6.54,0,0,0,17.9,7,12,other,RENT,WA,OCT2005,2 years,38000,Not Verified,8000,0,8000,0,1,0.1944357542,0.15771808876877172,0.1715567968159956
72770,Fully Paid,12000,12000,13.56,407.58,36 months,C,C1,17.49,0,1,1,69.8,9,23,debt_consolidation,MORTGAGE,CA,JUN2004,10+ years,84000,Not Verified,12000,0,12000,0,1,0.1547662738,0.139821529478761,0.1715567968159956
72774,Fully Paid,4000,4000,22.35,153.49,36 months,D,D5,27.58,0,2,0,47.1,16,45,debt_consolidation,MORTGAGE,IN,JUL2008,1 year,55000,Verified,4000,0,4000,0,1,0.281950748,0.20084238483993902,0.21124155917823043
72794,Fully Paid,9400,9400,10.33,304.78,36 months,B,B1,20.44,0,0,1,9.4,17,34,credit_card,MORTGAGE,NJ,FEB1980,8 years,44800,Source Verified,9400,0,9400,0,1,0.1258992727,0.12197381253332741,0.12551628685844768
72822,Fully Paid,40000,40000,10.08,851.46,60 months,B,B1,11.2,0,1,0,15.8,14,25,debt_consolidation,MORTGAGE,CA,SEP2005,10+ years,170000,Source Verified,40000,0,40000,0,1,0.1489304752,0.13148156722865775,0.12551628685844768
72946,Fully Paid,28025,28025,13.56,645.72,60 months,C,C1,31.03,0,0,0,58.7,16,26,debt_consolidation,MORTGAGE,ME,DEC1990,10+ years,48000,Source Verified,28025,0,28025,0,1,0.2787030941,0.1957346049803588,0.1715567968159956
72963,Fully Paid,10900,10900,20.89,294.21,60 months,D,D4,6.91,0,0,0,60.6,8,20,debt_consolidation,MORTGAGE,WV,OCT2009,< 1 year,61300,Source Verified,10900,0,10900,0,1,0.2424694746,0.18252066019541477,0.21124155917823043
72971,Fully Paid,15000,15000,18.94,388.62,60 months,D,D2,16.62,0,0,0,21.9,25,29,debt_consolidation,RENT,FL,NOV2001,10+ years,53000,Verified,15000,0,15000,0,1,0.3779765076,0.24540420807060723,0.21124155917823043
72998,Fully Paid,15000,15000,6.67,460.9,36 months,A,A2,0.84,0,3,0,1.3,25,49,home_improvement,MORTGAGE,IL,FEB2005,n/a,40000,Verified,15000,0,15000,0,1,0.0703135176,0.09678373026224905,0.09318522201240317
73003,Fully Paid,3000,3000,18.94,109.88,36 months,D,D2,5.38,0,0,1,35.7,7,18,other,MORTGAGE,CA,NOV1998,3 years,55800,Source Verified,3000,0,3000,0,1,0.1946705827,0.16033905204836904,0.21124155917823043
73004,Fully Paid,25000,25000,7.21,774.34,36 months,A,A3,28.36,1,0,0,65.2,16,31,credit_card,MORTGAGE,ND,JAN2006,9 years,135000,Source Verified,25000,0,25000,0,1,0.0844698093,0.10217612579796202,0.09318522201240317
73043,Fully Paid,9000,9000,11.06,294.91,36 months,B,B3,16.8,0,2,0,35.9,14,22,credit_card,MORTGAGE,PA,JUL1990,2 years,27996,Verified,9000,0,9000,0,1,0.1121292342,0.11628925706110424,0.12551628685844768
73091,Fully Paid,20000,20000,11.8,442.88,60 months,B,B4,22.13,0,1,0,6.6,19,33,major_purchase,MORTGAGE,FL,SEP1993,10+ years,95000,Source Verified,20000,0,20000,0,1,0.1605946957,0.13629679766337968,0.12551628685844768
73150,Fully Paid,18000,18000,25.34,531.92,60 months,E,E3,27.07,0,0,0,61.7,11,13,debt_consolidation,MORTGAGE,MD,JUN2015,10+ years,42240,Not Verified,18000,0,18000,0,1,0.3979228861,0.2693209721906253,0.26321838497840144
73151,Fully Paid,7000,7000,20.89,263.34,36 months,D,D4,14.25,0,2,0,27.5,17,33,home_improvement,MORTGAGE,NC,JUN1994,10+ years,60000,Not Verified,7000,0,7000,0,1,0.2402138176,0.18147389744215228,0.21124155917823043
73198,Fully Paid,15000,15000,7.84,468.94,36 months,A,A4,14.5,0,0,0,25.5,7,8,credit_card,MORTGAGE,TX,DEC1990,< 1 year,60000,Not Verified,15000,0,15000,0,1,0.0525539559,0.09001878197940894,0.09318522201240317
73243,Fully Paid,10000,10000,11.55,330,36 months,B,B4,9.47,0,1,0,70.4,14,17,credit_card,RENT,NY,FEB2007,8 years,85000,Not Verified,10000,0,10000,0,1,0.1355412175,0.12595420591245365,0.12551628685844768
73267,Fully Paid,25000,25000,16.14,880.66,36 months,C,C4,1.53,0,0,0,5.5,5,8,other,MORTGAGE,GA,APR2012,< 1 year,50100,Source Verified,25000,0,25000,0,1,0.1893754693,0.15543518292216033,0.1715567968159956
73329,Fully Paid,4000,4000,19.92,148.5,36 months,D,D3,11.28,0,0,1,32.3,4,13,other,MORTGAGE,FL,SEP2005,n/a,14892,Verified,4000,0,4000,0,1,0.2904891074,0.2048047056156105,0.21124155917823043
73362,Fully Paid,3000,3000,11.06,98.31,36 months,B,B3,19.7,0,2,0,20.7,13,22,debt_consolidation,MORTGAGE,WA,NOV2010,4 years,55000,Not Verified,3000,0,3000,0,1,0.1033205595,0.11265285473957708,0.12551628685844768
73369,Fully Paid,25000,25000,11.8,553.59,60 months,B,B4,22.93,0,2,0,5.1,16,33,debt_consolidation,MORTGAGE,NY,AUG1996,10+ years,117600,Not Verified,25000,0,25000,0,1,0.1363056935,0.12626979734883076,0.12551628685844768
73393,Fully Paid,5000,5000,8.46,157.75,36 months,A,A5,27.3,0,0,0,29.6,27,53,debt_consolidation,MORTGAGE,MA,MAY2004,10+ years,85000,Source Verified,5000,0,5000,0,1,0.0678001983,0.09582636006528278,0.09318522201240317
73411,Fully Paid,7000,7000,6.67,215.09,36 months,A,A2,9.52,0,0,0,16.6,13,22,car,RENT,CA,JUN1996,1 year,60000,Source Verified,7000,0,7000,0,1,0.0607959131,0.09315829719657681,0.09318522201240317
73414,Fully Paid,5000,5000,11.55,165,36 months,B,B4,27.15,1,2,0,26.4,10,22,debt_consolidation,OWN,MI,JUN2001,n/a,48000,Verified,5000,0,5000,0,1,0.2204865819,0.16102140169698323,0.12551628685844768
73432,Fully Paid,5000,5000,11.06,163.84,36 months,B,B3,21.74,1,1,1,18.4,16,25,home_improvement,MORTGAGE,NC,APR1991,4 years,86000,Not Verified,5000,0,5000,0,1,0.1219375223,0.12033832038013537,0.12551628685844768
73440,Fully Paid,3000,3000,7.84,93.79,36 months,A,A4,23.86,0,1,0,46.5,11,28,debt_consolidation,MORTGAGE,IL,JUL2008,10+ years,75000,Not Verified,3000,0,3000,0,1,0.0466546438,0.0877716239732047,0.09318522201240317
73497,Fully Paid,3000,3000,7.84,93.79,36 months,A,A4,18.2,0,0,0,23.8,17,31,debt_consolidation,MORTGAGE,TX,OCT2010,9 years,82500,Not Verified,3000,0,3000,0,1,0.0490507424,0.08868434261927273,0.09318522201240317
73553,Fully Paid,25000,25000,10.33,810.56,36 months,B,B1,20.39,0,2,0,15.6,8,17,debt_consolidation,MORTGAGE,TX,OCT2001,< 1 year,125000,Not Verified,25000,0,25000,0,1,0.1272996173,0.12255190362282786,0.12551628685844768
73577,Fully Paid,16000,16000,12.98,538.95,36 months,B,B5,19.37,0,0,0,39.6,6,12,debt_consolidation,MORTGAGE,CO,FEB1994,5 years,80000,Not Verified,16000,0,16000,0,1,0.1205114152,0.11974959400008338,0.12551628685844768
73580,Fully Paid,4000,4000,15.02,138.71,36 months,C,C3,21.51,0,3,1,5.6,21,41,major_purchase,OWN,NY,JAN2008,10+ years,65000,Source Verified,4000,0,4000,0,1,0.2381495194,0.1774391938299665,0.1715567968159956
73680,Fully Paid,25000,25000,8.46,788.73,36 months,A,A5,12.28,0,1,1,67.4,8,11,credit_card,MORTGAGE,CA,FEB2000,< 1 year,325000,Not Verified,25000,0,25000,0,1,0.0565423661,0.09153804181191662,0.09318522201240317
73708,Fully Paid,20000,20000,11.8,442.88,60 months,B,B4,11.02,0,1,0,62.5,10,32,debt_consolidation,MORTGAGE,TX,SEP2004,8 years,375000,Source Verified,20000,0,20000,0,1,0.1143087413,0.11718900247663479,0.12551628685844768
73831,Fully Paid,14000,14000,13.56,322.58,60 months,C,C1,16.9,0,1,0,47.3,8,17,home_improvement,MORTGAGE,PA,FEB2000,10+ years,113000,Not Verified,14000,0,14000,0,1,0.1698773202,0.14663875357912262,0.1715567968159956
73948,Fully Paid,30000,30000,22.35,834.55,60 months,D,D5,14.24,0,0,0,56.5,8,25,credit_card,MORTGAGE,NC,FEB1999,10+ years,51000,Not Verified,30000,0,30000,0,1,0.2688749606,0.1947744200651975,0.21124155917823043
73953,Fully Paid,13000,13000,11.55,286.24,60 months,B,B4,16.03,0,0,0,27.4,23,52,credit_card,RENT,PA,JUL2006,10+ years,45000,Not Verified,13000,0,13000,0,1,0.1343828279,0.1254759988297613,0.12551628685844768
73970,Fully Paid,15000,15000,19.92,396.75,60 months,D,D3,19.45,0,0,0,98.4,11,20,debt_consolidation,MORTGAGE,AZ,MAY2005,10+ years,48000,Source Verified,15000,0,15000,0,1,0.2858785453,0.20266512292290337,0.21124155917823043
74016,Fully Paid,6000,6000,12.98,202.11,36 months,B,B5,23.65,0,0,1,36,14,33,other,RENT,NY,JUN1997,10+ years,105000,Source Verified,6000,0,6000,0,1,0.1640751405,0.13773359695291038,0.12551628685844768
74065,Fully Paid,10225,10225,8.19,321.32,36 months,A,A4,28.98,0,0,0,56.6,8,16,debt_consolidation,MORTGAGE,TX,AUG1996,9 years,51250,Verified,10225,0,10225,0,1,0.0669424179,0.09549961551257043,0.09318522201240317
74075,Fully Paid,16000,16000,6.11,487.55,36 months,A,A1,21.53,0,2,1,27.3,27,42,credit_card,MORTGAGE,DE,JAN1995,8 years,90000,Not Verified,16000,0,16000,0,1,0.0610031915,0.0932372534050597,0.09318522201240317
74099,Fully Paid,23000,23000,10.08,743.01,36 months,B,B1,21.33,0,0,0,64,10,31,debt_consolidation,RENT,GA,MAY2002,10+ years,75000,Not Verified,23000,0,23000,0,1,0.1451543497,0.1299227048569348,0.12551628685844768
74137,Fully Paid,6000,6000,10.33,194.54,36 months,B,B1,12.91,0,0,0,80.7,5,6,credit_card,RENT,FL,AUG2014,2 years,29000,Source Verified,6000,0,6000,0,1,0.136328038,0.1262790216185922,0.12551628685844768
74151,Fully Paid,8000,8000,12.98,269.48,36 months,B,B5,7.37,1,0,0,53.9,16,27,debt_consolidation,MORTGAGE,CA,DEC1993,10+ years,250000,Not Verified,8000,0,8000,0,1,0.0975031465,0.11025130684969046,0.12551628685844768
74160,Fully Paid,27000,27000,22.35,751.1,60 months,D,D5,37.54,0,1,0,25,35,40,debt_consolidation,RENT,CA,FEB2009,2 years,60000,Verified,27000,0,27000,0,1,0.5724276899,0.33564144491978115,0.21124155917823043
74202,Fully Paid,4800,4800,18.94,175.81,36 months,D,D2,11.1,0,0,0,57.5,3,5,major_purchase,RENT,CT,AUG2012,< 1 year,36000,Not Verified,4800,0,4800,0,1,0.2720858984,0.19626449151315375,0.21124155917823043
74329,Fully Paid,22000,22000,8.46,694.08,36 months,A,A5,14.15,0,0,0,30.1,19,29,debt_consolidation,MORTGAGE,OK,FEB2002,10+ years,62000,Source Verified,22000,0,22000,0,1,0.0699062825,0.09662860681736939,0.09318522201240317
74364,Fully Paid,40000,40000,11.55,880.71,60 months,B,B4,16.4,0,0,0,14.1,11,23,debt_consolidation,OWN,GA,FEB2000,3 years,108000,Not Verified,40000,0,40000,0,1,0.1683625157,0.13950351372944184,0.12551628685844768
74389,Fully Paid,15000,15000,22.35,417.28,60 months,D,D5,15.1,0,0,0,50.7,8,48,debt_consolidation,RENT,CO,SEP2006,1 year,75000,Source Verified,15000,0,15000,0,1,0.3117153918,0.21465499929948043,0.21124155917823043
74423,Fully Paid,4350,4350,17.97,157.2,36 months,D,D1,81.57,0,1,0,72.7,12,24,debt_consolidation,MORTGAGE,FL,MAY2005,6 years,28000,Verified,4350,0,4350,0,1,0.4801706379,0.29282853242492846,0.21124155917823043
74443,Fully Paid,20500,20500,6.11,397.38,60 months,A,A1,15.31,0,0,0,39.1,9,25,credit_card,OWN,PA,NOV2003,10+ years,110000,Not Verified,20500,0,20500,0,1,0.0526463886,0.09005399131878938,0.09318522201240317
74446,Fully Paid,2000,2000,17.97,72.28,36 months,D,D1,14.75,0,0,0,29.7,5,6,other,RENT,NY,AUG2013,3 years,35000,Source Verified,2000,0,2000,0,1,0.2920748471,0.20554058578459436,0.21124155917823043
74505,Fully Paid,11000,11000,14.47,378.47,36 months,C,C2,6.38,0,0,0,94.8,8,10,debt_consolidation,RENT,FL,OCT2006,10+ years,80000,Not Verified,11000,0,11000,0,1,0.1906541023,0.15601202766688413,0.1715567968159956
74518,Fully Paid,1800,1800,10.47,58.48,36 months,B,B2,5.04,0,2,0,6.7,20,29,other,RENT,AR,OCT2014,4 years,25000,Verified,1800,0,1800,0,1,0.1179222307,0.11868072531695877,0.12551628685844768
74538,Fully Paid,15000,15000,7.21,464.6,36 months,A,A3,14.45,0,0,0,12,18,28,debt_consolidation,MORTGAGE,TN,OCT1997,10+ years,96000,Not Verified,15000,0,15000,0,1,0.0521408833,0.08986143492190479,0.09318522201240317
74553,Fully Paid,28000,28000,26.31,843.48,60 months,E,E4,14.81,1,0,0,37.5,11,24,debt_consolidation,OWN,NY,MAY2006,1 year,98000,Source Verified,28000,0,28000,0,1,0.4698123378,0.3053306512104292,0.26321838497840144
74578,Fully Paid,3500,3500,10.08,113.07,36 months,B,B1,20.53,0,3,0,7.8,26,69,debt_consolidation,MORTGAGE,NJ,JAN1998,3 years,160000,Not Verified,3500,0,3500,0,1,0.0885512587,0.1065557832111605,0.12551628685844768
74599,Fully Paid,18000,18000,7.02,555.96,36 months,A,A2,26.71,0,3,0,3.6,12,25,debt_consolidation,RENT,FL,JUL1994,10+ years,85000,Source Verified,18000,0,18000,0,1,0.0982234418,0.10741514093444984,0.09318522201240317
74605,Fully Paid,10000,10000,22.35,278.19,60 months,D,D5,3.9,0,0,0,95,5,8,credit_card,RENT,NY,NOV2004,2 years,80000,Source Verified,10000,0,10000,0,1,0.3022497533,0.21026236432986953,0.21124155917823043
74621,Fully Paid,40000,40000,11.8,885.75,60 months,B,B4,12.96,0,0,0,33.8,13,25,debt_consolidation,RENT,IL,SEP2002,4 years,110000,Source Verified,40000,0,40000,0,1,0.213336846,0.15806984347619138,0.12551628685844768
74703,Fully Paid,9000,9000,7.84,281.37,36 months,A,A4,8.77,0,2,1,29.7,7,23,home_improvement,OWN,AR,MAY1991,4 years,42000,Verified,9000,0,9000,0,1,0.0516551304,0.08967640258257968,0.09318522201240317
74753,Fully Paid,16000,16000,11.31,526.18,36 months,B,B3,14.15,0,1,0,31.3,4,18,moving,RENT,VA,JUL2003,1 year,68000,Not Verified,16000,0,16000,0,1,0.1283223502,0.12297410882605352,0.12551628685844768
74765,Fully Paid,23575,23575,7.21,730.2,36 months,A,A3,14.17,0,2,0,12.4,21,42,home_improvement,OWN,TN,JUL1995,10+ years,350000,Source Verified,23575,0,23575,0,1,0.0777894487,0.09963145185087229,0.09318522201240317
74800,Fully Paid,10000,10000,11.8,331.19,36 months,B,B4,11.24,0,0,0,29.1,10,14,credit_card,RENT,TX,JUL2015,3 years,80000,Not Verified,10000,0,10000,0,1,0.1352761874,0.1258447960291582,0.12551628685844768
74802,Fully Paid,3500,3500,13.56,118.88,36 months,C,C1,35.65,0,0,0,46.9,10,29,other,RENT,TX,OCT2002,10+ years,75000,Source Verified,3500,0,3500,0,1,0.2609861726,0.18774176179552052,0.1715567968159956
74939,Fully Paid,5000,5000,16.91,178.04,36 months,C,C5,20.17,1,0,0,28,13,32,car,MORTGAGE,CA,AUG2003,3 years,68000,Source Verified,5000,0,5000,0,1,0.1891433387,0.15533045911423451,0.1715567968159956
74991,Fully Paid,2800,2800,15.02,97.1,36 months,C,C3,23.64,6,2,0,32.8,12,31,credit_card,MORTGAGE,IL,APR1978,7 years,40000,Source Verified,2800,0,2800,0,1,0.229153023,0.17338049859117108,0.1715567968159956
75028,Fully Paid,20000,20000,13.56,679.29,36 months,C,C1,16.48,0,0,0,38.1,6,7,credit_card,MORTGAGE,NY,OCT2005,< 1 year,60000,Not Verified,20000,0,20000,0,1,0.1853913301,0.15363777134294399,0.1715567968159956
75118,Fully Paid,12500,12500,14.47,293.91,60 months,C,C2,19.48,0,1,0,51.9,13,21,credit_card,MORTGAGE,SD,JUN2008,10+ years,85000,Source Verified,12500,0,12500,0,1,0.2055329787,0.16272451018433456,0.1715567968159956
75120,Fully Paid,10650,10650,12.73,357.46,36 months,B,B5,21.1,0,0,0,51.4,8,14,moving,MORTGAGE,CO,DEC2005,2 years,67407,Not Verified,10650,0,10650,0,1,0.1122273602,0.11632976549470575,0.12551628685844768
75134,Fully Paid,10000,10000,7.02,308.87,36 months,A,A2,9.3,0,0,0,64.8,4,6,credit_card,MORTGAGE,TX,MAY1998,4 years,59000,Source Verified,10000,0,10000,0,1,0.0470885881,0.08793692145051425,0.09318522201240317
75142,Charged Off,10000,10000,11.06,327.68,36 months,B,B3,25.01,0,0,0,96,7,35,home_improvement,MORTGAGE,GA,MAR2004,10+ years,100000,Source Verified,10000,0,235.51,1,1,0.1124964161,0.1164408373111483,0.12551628685844768
75171,Fully Paid,4800,4800,10.47,155.95,36 months,B,B2,9.02,0,0,0,54.5,7,30,home_improvement,MORTGAGE,TX,OCT2001,4 years,80000,Not Verified,4800,0,4800,0,1,0.0737520653,0.10044637140185736,0.12551628685844768
75248,Fully Paid,3000,3000,16.91,106.83,36 months,C,C5,19.15,0,0,0,29.9,13,19,other,RENT,CA,JAN2000,n/a,68000,Not Verified,3000,0,3000,0,1,0.3275219877,0.21775884666377457,0.1715567968159956
75380,Fully Paid,2200,2200,7.02,67.95,36 months,A,A2,10.56,0,0,0,28.1,9,27,debt_consolidation,MORTGAGE,WA,JAN1997,10+ years,64000,Not Verified,2200,0,2200,0,1,0.0347202258,0.08322558156970347,0.09318522201240317
75468,Fully Paid,25000,25000,16.14,609.82,60 months,C,C4,19.09,0,0,1,64.1,11,27,debt_consolidation,MORTGAGE,AZ,FEB2006,10+ years,63293,Verified,25000,0,25000,0,1,0.2151234152,0.16705115660643724,0.1715567968159956
75733,Fully Paid,25000,25000,10.08,532.17,60 months,B,B1,2.05,0,0,0,10.1,8,16,home_improvement,MORTGAGE,FL,JUN2002,8 years,90000,Source Verified,25000,0,25000,0,1,0.1157057393,0.11776571202073555,0.12551628685844768
75747,Fully Paid,20000,20000,23.4,568.42,60 months,E,E1,17.33,0,0,0,45.9,9,20,home_improvement,MORTGAGE,NY,OCT2005,6 years,100000,Not Verified,20000,0,20000,0,1,0.3328753031,0.23673840924914083,0.26321838497840144
75750,Fully Paid,5500,5500,15.02,190.72,36 months,C,C3,5.3,1,0,0,35.7,13,33,debt_consolidation,RENT,TX,NOV2001,1 year,65000,Not Verified,5500,0,5500,0,1,0.1830781086,0.15259418051926185,0.1715567968159956
75777,Fully Paid,17400,17400,12.73,584.02,36 months,B,B5,33.04,1,1,0,43,19,34,debt_consolidation,MORTGAGE,TX,JUN2003,10+ years,43000,Verified,17400,0,17400,0,1,0.1745362156,0.14205214418900144,0.12551628685844768
75798,Fully Paid,6000,6000,8.19,188.55,36 months,A,A4,17.36,0,1,0,35.6,11,50,debt_consolidation,MORTGAGE,IL,AUG1999,10+ years,110000,Not Verified,6000,0,6000,0,1,0.0362151241,0.08379501621333016,0.09318522201240317
75813,Fully Paid,6000,6000,16.14,211.36,36 months,C,C4,19.08,0,0,0,33.3,7,23,major_purchase,MORTGAGE,CO,NOV2005,< 1 year,67000,Source Verified,6000,0,6000,0,1,0.1995335368,0.16001791139383653,0.1715567968159956
75824,Fully Paid,10000,10000,17.97,253.78,60 months,D,D1,23.09,0,1,0,27.8,15,26,debt_consolidation,RENT,CA,OCT2007,5 years,79000,Source Verified,10000,0,10000,0,1,0.3623912858,0.2381717123136837,0.21124155917823043
75859,Fully Paid,6600,6600,23.4,256.87,36 months,E,E1,34.03,0,0,0,84.3,7,16,debt_consolidation,RENT,PA,APR2004,5 years,26000,Source Verified,6600,0,6600,0,1,0.4746278944,0.3077427804361651,0.26321838497840144
75920,Fully Paid,1500,1500,11.06,49.16,36 months,B,B3,9.19,0,1,0,6.2,9,18,credit_card,RENT,FL,MAY2013,< 1 year,43200,Source Verified,1500,0,1500,0,1,0.1323513092,0.1246373460734158,0.12551628685844768
75966,Fully Paid,12000,12000,22.35,333.82,60 months,D,D5,15.01,0,1,1,60,13,42,debt_consolidation,MORTGAGE,MD,MAY2003,1 year,53000,Source Verified,12000,0,12000,0,1,0.2646270973,0.1928031517901935,0.21124155917823043
75989,Fully Paid,11000,11000,13.56,373.61,36 months,C,C1,0.86,0,0,0,1.8,7,7,house,RENT,NC,JUL2014,2 years,108000,Source Verified,11000,0,11000,0,1,0.1825951791,0.15237631085365252,0.1715567968159956
76027,Fully Paid,6025,6025,16.14,212.24,36 months,C,C4,27.98,0,0,0,52.9,8,24,debt_consolidation,RENT,MA,MAY2006,1 year,60000,Not Verified,6025,0,6025,0,1,0.2499614565,0.18276805194730214,0.1715567968159956
76075,Fully Paid,4000,4000,20.89,150.48,36 months,D,D4,21.94,0,0,0,52.8,4,20,other,MORTGAGE,VA,FEB2007,< 1 year,42000,Not Verified,4000,0,4000,0,1,0.2190060817,0.17163221139629156,0.21124155917823043
76121,Fully Paid,5000,5000,10.08,161.53,36 months,B,B1,11.45,0,3,0,24,20,51,home_improvement,MORTGAGE,TX,OCT1991,10+ years,90000,Not Verified,5000,0,5000,0,1,0.0808140854,0.10336171873399481,0.12551628685844768
76157,Fully Paid,1800,1800,23.4,70.06,36 months,E,E1,35.61,0,0,0,84.9,22,40,other,MORTGAGE,DC,JUL1996,10+ years,87000,Not Verified,1800,0,1800,0,1,0.3423739822,0.24149633099446857,0.26321838497840144
76161,Fully Paid,7000,7000,10.08,226.14,36 months,B,B1,4.46,0,0,1,32.6,7,22,debt_consolidation,MORTGAGE,TX,AUG2003,n/a,78000,Not Verified,7000,0,7000,0,1,0.1104046005,0.11557729275273172,0.12551628685844768
76182,Fully Paid,10000,10000,12.98,336.85,36 months,B,B5,32.1,0,0,0,34.7,13,18,debt_consolidation,MORTGAGE,FL,SEP2000,< 1 year,55000,Not Verified,10000,0,10000,0,1,0.153879322,0.13352455310397932,0.12551628685844768
76229,Fully Paid,5850,5850,6.46,179.2,36 months,A,A1,18.7,0,0,0,3.6,12,23,debt_consolidation,RENT,NM,NOV1986,10+ years,48000,Not Verified,5850,0,5850,0,1,0.0631247428,0.0940453918640112,0.09318522201240317
76253,Fully Paid,22600,22600,19.92,838.98,36 months,D,D3,22.62,0,0,0,7.4,10,18,car,RENT,WA,MAY2004,6 years,80000,Source Verified,22600,0,22600,0,1,0.3774484059,0.24515913659498187,0.21124155917823043
76268,Fully Paid,25000,25000,15.02,595.02,60 months,C,C3,19.52,0,0,0,3.8,13,20,other,RENT,CO,JAN1998,5 years,100000,Verified,25000,0,25000,0,1,0.2896918659,0.20069209885373704,0.1715567968159956
76302,Fully Paid,25000,25000,7.84,781.57,36 months,A,A4,21.47,0,0,0,32.6,9,27,credit_card,RENT,FL,APR1972,< 1 year,188000,Source Verified,25000,0,25000,0,1,0.0944399128,0.10597392417223515,0.09318522201240317
76346,Fully Paid,12500,12500,18.94,457.83,36 months,D,D2,15.89,2,2,0,23.9,13,20,debt_consolidation,RENT,OH,SEP2010,2 years,79000,Not Verified,12500,0,12500,0,1,0.3310724598,0.22363786229450558,0.21124155917823043
76350,Fully Paid,35000,35000,6.11,1066.52,36 months,A,A1,18.83,0,2,0,0,9,30,debt_consolidation,MORTGAGE,TX,DEC2002,7 years,75000,Not Verified,35000,0,35000,0,1,0.0571229147,0.09175918360139419,0.09318522201240317
76519,Fully Paid,4600,4600,7.02,142.08,36 months,A,A2,25.74,0,0,0,8.3,8,20,debt_consolidation,MORTGAGE,TX,OCT2004,10+ years,42000,Not Verified,4600,0,4600,0,1,0.0492352455,0.08875462329120641,0.09318522201240317
76574,Fully Paid,8000,8000,24.37,315.42,36 months,E,E2,7,0,0,0,47.6,9,19,debt_consolidation,OWN,FL,JAN1998,10+ years,66000,Not Verified,8000,0,8000,0,1,0.2964255568,0.21848060322088472,0.26321838497840144
76677,Fully Paid,35000,35000,7.84,1094.2,36 months,A,A4,31.86,0,0,0,0,6,11,debt_consolidation,MORTGAGE,TX,AUG2008,8 years,95000,Source Verified,35000,0,35000,0,1,0.1038175469,0.10954603990197741,0.09318522201240317
76789,Fully Paid,7200,7200,25.34,287.57,36 months,E,E3,19.36,0,0,0,97,8,19,house,MORTGAGE,AZ,OCT1991,2 years,80000,Source Verified,7200,0,7200,0,1,0.3079073092,0.22423185335190862,0.26321838497840144
76849,Fully Paid,12800,12800,13.56,294.93,60 months,C,C1,4.95,0,0,0,30,18,40,other,MORTGAGE,CA,MAY1999,10+ years,55000,Source Verified,12800,0,12800,0,1,0.1473509732,0.13647617769943315,0.1715567968159956
76886,Fully Paid,2525,2525,27.27,103.45,36 months,E,E5,28.84,0,0,0,0,6,13,debt_consolidation,MORTGAGE,IN,OCT2008,< 1 year,35000,Verified,2525,0,2525,0,1,0.3987130255,0.2697167557931159,0.26321838497840144
76894,Fully Paid,22000,22000,10.08,468.31,60 months,B,B1,12.73,0,0,0,55.2,8,30,debt_consolidation,RENT,CA,SEP2003,7 years,105000,Not Verified,22000,0,22000,0,1,0.1234659921,0.12096930419079922,0.12551628685844768
76945,Fully Paid,15000,15000,10.72,489.1,36 months,B,B2,20.03,0,2,0,50.1,16,29,home_improvement,MORTGAGE,AZ,APR2005,< 1 year,100000,Not Verified,15000,0,15000,0,1,0.1231318911,0.12083138041754142,0.12551628685844768
77038,Fully Paid,10000,10000,20.89,376.19,36 months,D,D4,21.64,0,1,1,49.5,13,29,debt_consolidation,MORTGAGE,CA,MAR2000,< 1 year,62000,Not Verified,10000,0,10000,0,1,0.2625728507,0.19184985577626223,0.21124155917823043
77051,Fully Paid,30000,30000,19.92,793.49,60 months,D,D3,24.03,0,2,0,76,19,39,credit_card,OWN,DC,OCT2004,4 years,83000,Verified,30000,0,30000,0,1,0.3637175036,0.23878715845454365,0.21124155917823043
77062,Fully Paid,17400,17400,20.89,469.66,60 months,D,D4,20.74,1,0,0,69.2,11,20,debt_consolidation,MORTGAGE,NC,AUG1992,8 years,87246,Not Verified,17400,0,17400,0,1,0.2925122994,0.2057435903965407,0.21124155917823043
77127,Fully Paid,15000,15000,13.56,509.47,36 months,C,C1,5.85,0,0,0,15.8,6,29,credit_card,OWN,WI,OCT2009,10+ years,47840,Not Verified,15000,0,15000,0,1,0.1407520539,0.13349912961834848,0.1715567968159956
77162,Fully Paid,2350,2350,12.98,79.16,36 months,B,B5,12.48,1,1,0,20,16,25,home_improvement,MORTGAGE,FL,SEP2000,10+ years,45000,Verified,2350,0,2350,0,1,0.1168515692,0.11823873420061413,0.12551628685844768
77165,Fully Paid,10000,10000,22.35,278.19,60 months,D,D5,25.53,0,2,0,21,11,15,debt_consolidation,RENT,NJ,MAY1999,10+ years,73000,Not Verified,10000,0,10000,0,1,0.3775131336,0.2451891742050726,0.21124155917823043
77216,Fully Paid,35000,35000,10.72,756.11,60 months,B,B2,2.1,0,1,0,32.7,6,11,credit_card,MORTGAGE,IL,DEC2000,< 1 year,186000,Not Verified,35000,0,35000,0,1,0.1055533395,0.11357459230532681,0.12551628685844768
77229,Fully Paid,12525,12525,16.14,305.52,60 months,C,C4,22.5,0,0,0,28.9,15,34,credit_card,MORTGAGE,MN,DEC2007,10+ years,75000,Verified,12525,0,12525,0,1,0.2019839129,0.1611233783854454,0.1715567968159956
77290,Fully Paid,28000,28000,12.98,636.8,60 months,B,B5,24.32,0,0,0,71.9,9,21,credit_card,RENT,CO,JUL2001,3 years,67000,Not Verified,28000,0,28000,0,1,0.1895323266,0.14824284763889492,0.12551628685844768
77304,Fully Paid,15000,15000,8.19,471.37,36 months,A,A4,15.79,0,1,0,11.6,16,26,debt_consolidation,MORTGAGE,MI,JAN2002,10+ years,120000,Not Verified,15000,0,15000,0,1,0.0543872371,0.09071711298078174,0.09318522201240317
77378,Fully Paid,4000,4000,6.11,121.89,36 months,A,A1,12.52,0,0,0,13.3,14,21,debt_consolidation,RENT,VA,AUG2006,10+ years,36816,Verified,4000,0,4000,0,1,0.0628539647,0.09394224743547355,0.09318522201240317
77410,Fully Paid,40000,40000,6.11,1218.88,36 months,A,A1,9.4,0,0,0,18.1,12,25,credit_card,MORTGAGE,NM,JUN2004,8 years,101000,Not Verified,40000,0,40000,0,1,0.0574774269,0.09189422391033582,0.09318522201240317
77487,Fully Paid,6500,6500,19.92,241.3,36 months,D,D3,17.46,1,0,0,83.5,14,23,debt_consolidation,RENT,PA,NOV1999,5 years,165000,Source Verified,6500,0,6500,0,1,0.3513076511,0.23302822818700672,0.21124155917823043
77567,Fully Paid,40000,40000,8.19,1256.97,36 months,A,A4,5.09,0,1,0,10.9,19,45,house,MORTGAGE,CO,MAY1994,< 1 year,875000,Source Verified,40000,0,40000,0,1,0.0577865307,0.0920119673128112,0.09318522201240317
77614,Fully Paid,15000,15000,20.89,404.88,60 months,D,D4,19.56,0,0,0,26.1,11,17,other,MORTGAGE,WA,JAN2007,10+ years,60000,Not Verified,15000,0,15000,0,1,0.2609911372,0.1911158440102302,0.21124155917823043
77621,Fully Paid,1800,1800,28.72,75.16,36 months,F,F1,16.1,0,1,0,4.3,6,14,major_purchase,RENT,FL,FEB2012,10+ years,42000,Source Verified,1800,0,1800,0,1,0.4748907179,0.3193605297301548,0.30760747675322797
77657,Fully Paid,17000,17000,23.4,661.62,36 months,E,E1,16.62,0,0,0,36.3,11,34,debt_consolidation,MORTGAGE,NV,DEC1999,10+ years,75000,Verified,17000,0,17000,0,1,0.3127010004,0.22663303012193622,0.26321838497840144
77697,Fully Paid,19875,19875,17.97,504.38,60 months,D,D1,37.87,0,0,0,40.3,11,31,credit_card,MORTGAGE,TN,MAY1994,10+ years,100000,Not Verified,19875,0,19875,0,1,0.2955095762,0.20713451007779446,0.21124155917823043
77700,Fully Paid,10000,10000,18.94,366.26,36 months,D,D2,21.77,0,0,1,23.2,19,28,debt_consolidation,RENT,GA,AUG2006,< 1 year,46000,Not Verified,10000,0,10000,0,1,0.3493125833,0.23210239475432023,0.21124155917823043
77714,Fully Paid,10000,10000,15.02,238.01,60 months,C,C3,10.86,0,2,0,19.7,20,22,debt_consolidation,RENT,HI,DEC2008,10+ years,40000,Not Verified,10000,0,10000,0,1,0.2366235726,0.17675077550171428,0.1715567968159956
77716,Fully Paid,3500,3500,12.73,117.48,36 months,B,B5,8.2,0,0,0,15.7,11,24,other,MORTGAGE,CA,DEC2007,n/a,26500,Not Verified,3500,0,3500,0,1,0.1255566071,0.12183235311681069,0.12551628685844768
77768,Fully Paid,15000,15000,7.21,464.6,36 months,A,A3,21.97,0,2,0,3.9,16,23,debt_consolidation,MORTGAGE,TX,NOV2007,4 years,65000,Not Verified,15000,0,15000,0,1,0.061141653,0.0932899959728374,0.09318522201240317
77837,Fully Paid,3000,3000,16.91,106.83,36 months,C,C5,3.71,0,0,0,62,3,3,debt_consolidation,RENT,PA,APR2015,10+ years,31401,Not Verified,3000,0,3000,0,1,0.1815256107,0.15189378388096944,0.1715567968159956
77852,Fully Paid,4800,4800,16.91,170.92,36 months,C,C5,18.28,0,0,0,82.9,9,32,credit_card,RENT,SD,JUN2008,8 years,30000,Source Verified,4800,0,4800,0,1,0.2361070025,0.17651772915654215,0.1715567968159956
77860,Fully Paid,11500,11500,20.89,310.41,60 months,D,D4,28.61,0,0,0,64.3,14,47,debt_consolidation,MORTGAGE,ME,MAR1998,8 years,45000,Verified,11500,0,11500,0,1,0.2788408457,0.19939920004104214,0.21124155917823043
77942,Fully Paid,10000,10000,22.35,383.72,36 months,D,D5,7.3,0,0,0,40.6,8,21,debt_consolidation,MORTGAGE,CA,NOV2008,10+ years,58000,Source Verified,10000,0,10000,0,1,0.2442900883,0.18336553626001123,0.21124155917823043
77985,Fully Paid,7500,7500,7.56,233.51,36 months,A,A3,23.73,0,0,0,14.2,12,33,credit_card,MORTGAGE,OH,MAY1975,n/a,36000,Not Verified,7500,0,7500,0,1,0.0751752566,0.09863565732302033,0.09318522201240317
78083,Fully Paid,10000,10000,8.19,203.68,60 months,A,A4,4.75,0,0,0,25.5,9,18,debt_consolidation,RENT,CA,JUL2008,2 years,75000,Not Verified,10000,0,10000,0,1,0.0550245627,0.09095988218849986,0.09318522201240317
78130,Fully Paid,7500,7500,16.14,264.2,36 months,C,C4,19.08,0,1,0,28.2,6,15,other,RENT,NY,NOV2004,10+ years,70000,Source Verified,7500,0,7500,0,1,0.2457355952,0.18086158943394864,0.1715567968159956
78166,Fully Paid,15000,15000,15.02,520.13,36 months,C,C3,15.59,0,0,0,51.9,9,10,credit_card,RENT,TX,SEP2013,2 years,107000,Verified,15000,0,15000,0,1,0.2541070306,0.18463829355177203,0.1715567968159956
78245,Fully Paid,28000,28000,8.81,887.92,36 months,A,A5,16.11,0,1,0,42.6,12,28,debt_consolidation,MORTGAGE,TX,AUG1999,1 year,95500,Source Verified,28000,0,28000,0,1,0.0719715466,0.09741530443203554,0.09318522201240317
78269,Fully Paid,18000,18000,19.92,476.09,60 months,D,D3,11.09,3,0,0,10.2,8,29,debt_consolidation,RENT,CA,APR1994,10+ years,120000,Not Verified,18000,0,18000,0,1,0.3044962381,0.21130487062156653,0.21124155917823043
78293,Fully Paid,10500,10500,17.97,266.46,60 months,D,D1,25.43,1,0,0,16.6,12,20,debt_consolidation,MORTGAGE,GA,JUL2004,5 years,70000,Source Verified,10500,0,10500,0,1,0.3067802661,0.2123647992533614,0.21124155917823043
78413,Fully Paid,9725,9725,26.31,393.44,36 months,E,E4,36.21,0,0,0,49,12,17,debt_consolidation,MORTGAGE,VT,NOV2005,7 years,52000,Not Verified,9725,0,9725,0,1,0.4232306633,0.2819977267370327,0.26321838497840144
78541,Fully Paid,36000,36000,10.47,1169.58,36 months,B,B2,24.56,0,0,0,25.2,11,35,debt_consolidation,RENT,CO,JAN2007,6 years,80000,Verified,36000,0,36000,0,1,0.193171071,0.14974499626331897,0.12551628685844768
78549,Fully Paid,40000,40000,6.67,1229.06,36 months,A,A2,0.43,0,0,0,2.2,17,37,debt_consolidation,MORTGAGE,TX,APR1991,8 years,70000,Not Verified,40000,0,40000,0,1,0.0515811941,0.08964823886693322,0.09318522201240317
78599,Fully Paid,8800,8800,18.94,322.31,36 months,D,D2,26.01,0,0,1,68.1,11,26,other,RENT,CA,APR1992,10+ years,49500,Verified,8800,0,8800,0,1,0.3187997345,0.21794256743138482,0.21124155917823043
78605,Fully Paid,1000,1000,16.14,35.23,36 months,C,C4,0,0,0,0,0,8,11,credit_card,RENT,CO,AUG2014,< 1 year,23100,Source Verified,1000,0,1000,0,1,0.2041420083,0.16209698534702285,0.1715567968159956
78619,Fully Paid,23000,23000,27.27,706.03,60 months,E,E5,12.82,0,0,0,48.4,11,19,debt_consolidation,OWN,KY,MAR2008,4 years,73000,Not Verified,23000,0,23000,0,1,0.4051153378,0.2729236965258067,0.26321838497840144
78627,Fully Paid,13000,13000,16.91,462.91,36 months,C,C5,13.64,0,0,0,54.6,3,12,credit_card,RENT,ND,JAN2012,4 years,33000,Not Verified,13000,0,13000,0,1,0.2171260368,0.1679546228439193,0.1715567968159956
78634,Fully Paid,12000,12000,15.02,285.61,60 months,C,C3,30.15,0,0,0,25.8,12,17,debt_consolidation,RENT,AZ,AUG2008,1 year,31200,Verified,12000,0,12000,0,1,0.3153773484,0.21227989268966993,0.1715567968159956
78645,Fully Paid,40000,40000,16.14,975.71,60 months,C,C4,20.27,0,0,0,10.8,16,33,debt_consolidation,OWN,TX,SEP2000,10+ years,71000,Verified,40000,0,40000,0,1,0.3029141072,0.20665720409298485,0.1715567968159956
78653,Fully Paid,3600,3600,11.8,119.23,36 months,B,B4,16.95,1,0,0,57,10,16,major_purchase,OWN,CA,JUL2002,8 years,95000,Not Verified,3600,0,3600,0,1,0.1275921022,0.12267264741296598,0.12551628685844768
78799,Fully Paid,24000,24000,15.02,571.22,60 months,C,C3,9.71,0,1,0,29.9,11,18,debt_consolidation,MORTGAGE,KS,JAN2010,2 years,80000,Not Verified,24000,0,24000,0,1,0.1820425455,0.1521269947575422,0.1715567968159956
78868,Fully Paid,30000,30000,18.94,1098.78,36 months,D,D2,9.03,0,1,0,28.6,12,18,house,RENT,CO,JUN2014,2 years,150000,Verified,30000,0,30000,0,1,0.3158622017,0.21657937261873075,0.21124155917823043
78884,Fully Paid,1325,1325,18.94,48.53,36 months,D,D2,17.24,0,0,0,98.9,8,29,other,MORTGAGE,CA,JUN2004,5 years,72409,Not Verified,1325,0,1325,0,1,0.176315986,0.15182139702514746,0.21124155917823043
78906,Fully Paid,5000,5000,8.46,157.75,36 months,A,A5,7.6,0,2,0,23.9,7,9,credit_card,MORTGAGE,IN,MAR2014,5 years,45000,Not Verified,5000,0,5000,0,1,0.0406859199,0.08549802571778987,0.09318522201240317
78913,Fully Paid,6000,6000,10.47,194.93,36 months,B,B2,17.98,0,1,0,1.1,12,26,debt_consolidation,MORTGAGE,OR,MAY2005,n/a,68000,Not Verified,6000,0,6000,0,1,0.1479754895,0.13108732946477425,0.12551628685844768
78960,Fully Paid,10000,10000,10.08,323.05,36 months,B,B1,15.34,0,2,0,27.6,11,36,home_improvement,MORTGAGE,MA,DEC1992,10+ years,225000,Not Verified,10000,0,10000,0,1,0.0875111208,0.10612639286549722,0.12551628685844768
78966,Fully Paid,10000,10000,7.21,309.74,36 months,A,A3,16.28,0,0,0,9.3,14,27,debt_consolidation,RENT,MD,JUL2007,10+ years,85000,Not Verified,10000,0,10000,0,1,0.065542054,0.09496619078505272,0.09318522201240317
78974,Fully Paid,3000,3000,17.97,108.42,36 months,D,D1,25.61,0,2,1,21.7,14,35,other,RENT,FL,JUN2006,10+ years,50000,Source Verified,3000,0,3000,0,1,0.3120542356,0.21481224353874814,0.21124155917823043
78975,Fully Paid,10000,10000,12.98,336.85,36 months,B,B5,19.22,0,0,0,41.6,19,45,house,OWN,OK,JUL1989,10+ years,62000,Not Verified,10000,0,10000,0,1,0.1070529836,0.11419367627339576,0.12551628685844768
79001,Fully Paid,8000,8000,11.31,263.09,36 months,B,B3,10.74,0,0,0,27.8,24,52,home_improvement,RENT,KY,OCT1998,3 years,230000,Source Verified,8000,0,8000,0,1,0.1506922104,0.13220884780029654,0.12551628685844768
79125,Fully Paid,40000,40000,13.56,921.64,60 months,C,C1,32.04,0,1,1,10.4,13,33,debt_consolidation,RENT,CA,JUL2007,10+ years,111235,Source Verified,40000,0,40000,0,1,0.3692976577,0.23660559604128653,0.1715567968159956
79238,Fully Paid,35000,35000,17.97,888.2,60 months,D,D1,15.62,0,0,0,85.1,14,32,home_improvement,OWN,GA,APR2001,< 1 year,140000,Source Verified,35000,0,35000,0,1,0.3565515007,0.23546169499733757,0.21124155917823043
79254,Fully Paid,38000,38000,12.73,1275.44,36 months,B,B5,23.27,0,1,0,45.4,13,18,debt_consolidation,RENT,MA,AUG2011,3 years,72000,Verified,38000,0,38000,0,1,0.2472386286,0.17206519750493646,0.12551628685844768
79292,Fully Paid,10500,10500,22.35,292.1,60 months,D,D5,38.08,0,0,0,67.1,11,29,home_improvement,MORTGAGE,TX,OCT2000,2 years,49000,Not Verified,10500,0,10500,0,1,0.3296080094,0.22295826777604802,0.21124155917823043
79318,Fully Paid,1500,1500,10.33,48.64,36 months,B,B1,15.14,0,1,0,33.5,9,43,medical,RENT,MO,SEP2005,10+ years,42000,Not Verified,1500,0,1500,0,1,0.1004311505,0.11146004720004543,0.12551628685844768
79339,Fully Paid,20000,20000,27.27,613.94,60 months,E,E5,31.52,0,0,1,44,6,8,credit_card,OWN,FL,SEP2014,< 1 year,30000,Not Verified,20000,0,20000,0,1,0.4823216653,0.31159661732056726,0.26321838497840144
79347,Fully Paid,12000,12000,6.11,365.67,36 months,A,A1,9.19,0,0,0,24.4,11,19,credit_card,RENT,NJ,FEB2006,3 years,62000,Verified,12000,0,12000,0,1,0.0628538808,0.09394221547639875,0.09318522201240317
79528,Fully Paid,5000,5000,19.92,185.62,36 months,D,D3,8.19,0,0,0,101.2,3,5,debt_consolidation,RENT,CA,JUL2011,10+ years,160000,Not Verified,5000,0,5000,0,1,0.2487504051,0.18543539594789418,0.21124155917823043
79606,Fully Paid,3000,3000,24.37,118.29,36 months,E,E2,7.09,1,0,0,66.1,8,18,debt_consolidation,MORTGAGE,NY,OCT1992,10+ years,33000,Not Verified,3000,0,3000,0,1,0.2540832024,0.19727116908512846,0.26321838497840144
79614,Fully Paid,8000,8000,11.06,262.14,36 months,B,B3,21.19,0,0,1,13.9,7,12,debt_consolidation,OWN,NV,APR1992,n/a,20000,Not Verified,8000,0,8000,0,1,0.1899139468,0.14840038831652055,0.12551628685844768
79615,Fully Paid,2000,2000,6.46,61.27,36 months,A,A1,5.14,0,0,0,30.3,15,31,home_improvement,MORTGAGE,MA,OCT2004,9 years,100000,Not Verified,2000,0,2000,0,1,0.0365169906,0.08391000279325359,0.09318522201240317
79670,Fully Paid,3000,3000,8.46,94.65,36 months,A,A5,9.35,0,2,0,9.5,12,21,debt_consolidation,RENT,CA,DEC2006,4 years,58000,Source Verified,3000,0,3000,0,1,0.0687783659,0.09619896234780137,0.09318522201240317
79701,Fully Paid,20000,20000,10.47,649.77,36 months,B,B2,9.77,0,0,0,45.5,8,10,credit_card,MORTGAGE,FL,DEC1990,7 years,50000,Source Verified,20000,0,20000,0,1,0.1170358497,0.11831480898607671,0.12551628685844768
79705,Fully Paid,10000,10000,11.31,328.86,36 months,B,B3,12.05,0,0,1,69.7,13,30,debt_consolidation,MORTGAGE,CA,OCT2003,8 years,150000,Source Verified,10000,0,10000,0,1,0.1091372302,0.11505409619273677,0.12551628685844768
79758,Fully Paid,10000,10000,13.56,230.41,60 months,C,C1,8.47,0,2,0,18.4,8,16,debt_consolidation,RENT,FL,SEP2003,2 years,82000,Not Verified,10000,0,10000,0,1,0.1891079003,0.15531447137201185,0.1715567968159956
79795,Fully Paid,12000,12000,11.8,397.43,36 months,B,B4,16.51,0,0,0,78.6,8,19,credit_card,MORTGAGE,VA,JUN1978,n/a,58600,Not Verified,12000,0,12000,0,1,0.1498996341,0.13188165598138338,0.12551628685844768
79814,Fully Paid,7000,7000,7.21,216.82,36 months,A,A3,15.81,0,0,0,18,15,37,credit_card,MORTGAGE,VA,AUG2006,8 years,103500,Not Verified,7000,0,7000,0,1,0.0432326306,0.0864681153217949,0.09318522201240317
79857,Fully Paid,3500,3500,10.72,114.13,36 months,B,B2,13.9,0,1,0,23.4,23,35,other,RENT,CT,MAR2005,10+ years,100000,Source Verified,3500,0,3500,0,1,0.1466689913,0.13054798010186144,0.12551628685844768
79864,Fully Paid,8000,8000,19.92,296.99,36 months,D,D3,1.75,1,1,0,47.7,5,21,major_purchase,MORTGAGE,MI,JUL1998,1 year,156000,Not Verified,8000,0,8000,0,1,0.1854159194,0.15604432247005748,0.21124155917823043
79873,Fully Paid,24000,24000,11.55,792,36 months,B,B4,32.4,0,2,0,68,14,40,debt_consolidation,RENT,MD,DEC2008,10+ years,110000,Verified,24000,0,24000,0,1,0.1967113572,0.1512064993151402,0.12551628685844768
79896,Fully Paid,5000,5000,10.72,163.04,36 months,B,B2,9.88,0,0,0,62.7,7,32,medical,MORTGAGE,TX,SEP2002,10+ years,135000,Not Verified,5000,0,5000,0,1,0.0739286757,0.10051927981208232,0.12551628685844768
79950,Fully Paid,10000,10000,7.21,309.74,36 months,A,A3,17.1,0,1,0,34.7,30,58,debt_consolidation,MORTGAGE,DE,JUL2006,< 1 year,150000,Not Verified,10000,0,10000,0,1,0.0516173605,0.08966201532322811,0.09318522201240317
79977,Fully Paid,10275,10275,17.97,371.32,36 months,D,D1,20.84,0,1,1,15.4,11,17,credit_card,MORTGAGE,FL,MAR2007,2 years,60000,Source Verified,10275,0,10275,0,1,0.2756592127,0.19792272781190848,0.21124155917823043
79982,Fully Paid,10000,10000,14.47,235.13,60 months,C,C2,2.55,1,1,0,1.6,7,24,debt_consolidation,RENT,MT,JUN1994,3 years,40000,Source Verified,10000,0,10000,0,1,0.2032081733,0.1616756933795942,0.1715567968159956
80077,Fully Paid,12000,12000,10.47,389.86,36 months,B,B2,7.7,0,0,0,62.3,6,9,debt_consolidation,RENT,AZ,MAY1992,10+ years,62000,Not Verified,12000,0,12000,0,1,0.1172682089,0.11841073164902942,0.12551628685844768
80084,Fully Paid,3600,3600,16.91,128.19,36 months,C,C5,10.79,0,0,1,39.1,15,35,medical,RENT,OH,APR2000,< 1 year,140000,Source Verified,3600,0,3600,0,1,0.2472161206,0.18152951627176692,0.1715567968159956
80212,Fully Paid,4500,4500,10.47,146.2,36 months,B,B2,27.17,0,0,0,76.2,6,10,credit_card,RENT,NJ,JAN2001,< 1 year,55000,Not Verified,4500,0,4500,0,1,0.14831765,0.13122858036560894,0.12551628685844768
80214,Fully Paid,8000,8000,11.06,262.14,36 months,B,B3,38.72,0,1,0,41.6,11,22,credit_card,RENT,WA,JUN2005,< 1 year,35000,Verified,8000,0,8000,0,1,0.2038471452,0.15415229955556978,0.12551628685844768
80235,Fully Paid,12000,12000,12.98,404.22,36 months,B,B5,24.27,0,1,0,8.5,6,14,debt_consolidation,RENT,IL,JAN2001,4 years,40000,Source Verified,12000,0,12000,0,1,0.1941170911,0.15013553284288542,0.12551628685844768
80247,Fully Paid,30000,30000,16.91,1068.24,36 months,C,C5,9.01,5,2,0,38.7,8,22,small_business,MORTGAGE,PA,AUG2001,8 years,230000,Not Verified,30000,0,30000,0,1,0.2797120933,0.19618980665742372,0.1715567968159956
80271,Fully Paid,9600,9600,11.06,314.57,36 months,B,B3,3.08,0,3,0,7.1,13,24,house,MORTGAGE,WI,JUL2007,1 year,68500,Source Verified,9600,0,9600,0,1,0.0866236777,0.10576003807786234,0.12551628685844768
80313,Fully Paid,25000,25000,10.08,807.62,36 months,B,B1,9.86,1,0,0,26.4,8,20,debt_consolidation,RENT,CA,APR2000,n/a,30200,Source Verified,25000,0,25000,0,1,0.2391285594,0.1687171939208529,0.12551628685844768
80341,Fully Paid,25000,25000,14.47,587.82,60 months,C,C2,19.88,0,2,0,22.1,12,42,debt_consolidation,MORTGAGE,NY,OCT1992,10+ years,95000,Source Verified,25000,0,25000,0,1,0.2040815082,0.16206969122530046,0.1715567968159956
80363,Fully Paid,10000,10000,20.89,269.92,60 months,D,D4,66.21,0,0,0,69,8,17,other,MORTGAGE,SC,JUL2005,5 years,45000,Not Verified,10000,0,10000,0,1,0.4195800938,0.26471081560726106,0.21124155917823043
80388,Fully Paid,4000,4000,16.14,140.91,36 months,C,C4,24.28,0,0,1,25.6,19,37,credit_card,MORTGAGE,FL,MAY2007,10+ years,70000,Not Verified,4000,0,4000,0,1,0.1846363836,0.15329718344862822,0.1715567968159956
80423,Fully Paid,4000,4000,12.73,134.26,36 months,B,B5,16.35,0,1,0,15.8,17,23,debt_consolidation,RENT,NC,OCT2002,10+ years,32000,Source Verified,4000,0,4000,0,1,0.1732079018,0.14150378889713938,0.12551628685844768
80435,Fully Paid,32000,32000,15.02,761.62,60 months,C,C3,20.46,0,1,0,33,24,57,debt_consolidation,MORTGAGE,GA,DEC2004,2 years,111890,Not Verified,32000,0,32000,0,1,0.2132203965,0.16619262539677335,0.1715567968159956
80444,Fully Paid,7500,7500,7.84,234.47,36 months,A,A4,8.7,0,1,0,39.7,10,14,credit_card,RENT,CA,DEC2007,7 years,65000,Not Verified,7500,0,7500,0,1,0.0575559299,0.09192412716718522,0.09318522201240317
80456,Fully Paid,12000,12000,11.31,394.63,36 months,B,B3,16.32,0,0,0,18.2,6,12,medical,RENT,NC,AUG2007,9 years,50000,Not Verified,12000,0,12000,0,1,0.1527491701,0.1330580031253726,0.12551628685844768
80468,Fully Paid,6300,6300,18.94,230.75,36 months,D,D2,30.63,2,0,0,37.2,11,23,debt_consolidation,MORTGAGE,FL,APR2012,< 1 year,48000,Not Verified,6300,0,6300,0,1,0.2908215902,0.2049589979619825,0.21124155917823043
80475,Fully Paid,10800,10800,16.91,267.89,60 months,C,C5,34.02,0,0,0,95.2,18,32,debt_consolidation,MORTGAGE,VA,JUN1991,10+ years,141000,Source Verified,10800,0,10800,0,1,0.2676920111,0.19076704559289756,0.1715567968159956
80483,Fully Paid,8500,8500,6.67,261.18,36 months,A,A2,16.76,0,1,0,71.8,7,34,debt_consolidation,MORTGAGE,AZ,JAN2006,10+ years,170000,Not Verified,8500,0,8500,0,1,0.036189962,0.08378543150014506,0.09318522201240317
80495,Fully Paid,35000,35000,17.97,888.2,60 months,D,D1,20.49,1,1,0,51.9,14,29,debt_consolidation,MORTGAGE,AZ,OCT1999,7 years,102000,Source Verified,35000,0,35000,0,1,0.3381169003,0.22690691336608868,0.21124155917823043
80507,Fully Paid,10000,10000,6.67,307.27,36 months,A,A2,14.37,0,0,0,18.4,11,15,credit_card,MORTGAGE,GA,JUL2003,10+ years,40000,Not Verified,10000,0,10000,0,1,0.0457249908,0.0874175018066657,0.09318522201240317
80596,Fully Paid,20000,20000,19.92,528.99,60 months,D,D3,14.61,1,0,0,48.3,16,35,credit_card,OWN,OR,JUN1997,10+ years,120000,Not Verified,20000,0,20000,0,1,0.2820351834,0.20088156802770954,0.21124155917823043
80674,Fully Paid,9500,9500,13.56,322.67,36 months,C,C1,30,0,0,0,46.7,11,29,debt_consolidation,MORTGAGE,CA,AUG2007,< 1 year,55000,Not Verified,9500,0,9500,0,1,0.1901634981,0.15579069562359305,0.1715567968159956
80678,Fully Paid,12000,12000,6.67,368.72,36 months,A,A2,6.56,0,0,0,4.7,9,22,credit_card,RENT,NJ,SEP2006,1 year,100000,Source Verified,12000,0,12000,0,1,0.0637824349,0.09429591905143231,0.09318522201240317
80764,Fully Paid,21950,21950,15.02,761.12,36 months,C,C3,0.25,0,1,0,0.1,3,18,medical,MORTGAGE,TX,AUG2004,3 years,57800,Source Verified,21950,0,21950,0,1,0.1707952334,0.14705286255764313,0.1715567968159956
80814,Fully Paid,6000,6000,16.14,211.36,36 months,C,C4,13.02,0,1,0,41.2,9,15,car,MORTGAGE,NM,AUG2004,< 1 year,65000,Not Verified,6000,0,6000,0,1,0.1493343348,0.13737095494657678,0.1715567968159956
80858,Fully Paid,12000,12000,14.47,282.16,60 months,C,C2,24.33,0,0,0,1.4,12,20,debt_consolidation,MORTGAGE,NC,FEB2003,10+ years,37000,Source Verified,12000,0,12000,0,1,0.2271656784,0.1724839244463889,0.1715567968159956
80865,Fully Paid,30000,30000,28.72,947.15,60 months,F,F1,28.27,0,0,0,93.5,11,14,credit_card,RENT,CA,OCT2003,3 years,78833,Source Verified,30000,0,30000,0,1,0.6220233583,0.39661845827628855,0.30760747675322797
80892,Fully Paid,17325,17325,13.56,399.19,60 months,C,C1,18.39,0,0,0,32.5,9,19,debt_consolidation,MORTGAGE,WA,MAR2007,7 years,53000,Verified,17325,0,17325,0,1,0.1897031238,0.15558300155065663,0.1715567968159956
80954,Fully Paid,7200,7200,11.55,237.6,36 months,B,B4,22.94,1,4,0,45.5,11,46,credit_card,RENT,NY,OCT1999,10+ years,62000,Source Verified,7200,0,7200,0,1,0.1428353524,0.12896537501419064,0.12551628685844768
81016,Fully Paid,2000,2000,16.14,70.46,36 months,C,C4,25.76,0,1,0,45.7,23,41,major_purchase,MORTGAGE,WA,MAY2001,5 years,112000,Not Verified,2000,0,2000,0,1,0.2014080054,0.16086356246107772,0.1715567968159956
81180,Fully Paid,12000,12000,13.56,276.49,60 months,C,C1,20.25,0,0,0,24.1,9,21,credit_card,MORTGAGE,TX,JUL2003,10+ years,69211,Not Verified,12000,0,12000,0,1,0.1646382806,0.14427520402216615,0.1715567968159956
81196,Fully Paid,16800,16800,7.02,518.89,36 months,A,A2,9.48,0,0,0,14.2,16,20,debt_consolidation,RENT,WA,DEC2013,< 1 year,130000,Source Verified,16800,0,16800,0,1,0.0852899175,0.10248852030707502,0.09318522201240317
81220,Fully Paid,11000,11000,7.56,342.48,36 months,A,A3,15.66,0,0,0,4.7,23,52,debt_consolidation,MORTGAGE,NY,AUG2004,10+ years,86000,Source Verified,11000,0,11000,0,1,0.0544945405,0.0907579868471437,0.09318522201240317
81267,Fully Paid,15600,15600,14.47,536.74,36 months,C,C2,21.49,0,1,0,21,14,19,debt_consolidation,MORTGAGE,CO,NOV2008,< 1 year,52000,Not Verified,15600,0,15600,0,1,0.211227999,0.1652937716777814,0.1715567968159956
81285,Fully Paid,7000,7000,16.14,246.59,36 months,C,C4,10.92,3,1,0,41.6,9,19,credit_card,MORTGAGE,NC,NOV1999,10+ years,98000,Not Verified,7000,0,7000,0,1,0.1663812372,0.1450615245339875,0.1715567968159956
81286,Fully Paid,12000,12000,10.47,389.86,36 months,B,B2,6.32,0,1,1,25.3,11,19,debt_consolidation,MORTGAGE,MD,JUN2007,10+ years,73150,Source Verified,12000,0,12000,0,1,0.1017642054,0.11201035971562547,0.12551628685844768
81381,Fully Paid,7500,7500,7.56,233.51,36 months,A,A3,8.7,0,0,0,21.9,12,22,debt_consolidation,MORTGAGE,WV,APR2009,8 years,130000,Not Verified,7500,0,7500,0,1,0.0429060959,0.08634373216440804,0.09318522201240317
81421,Fully Paid,8000,8000,18.94,293.01,36 months,D,D2,8.25,0,0,0,59.3,10,50,home_improvement,MORTGAGE,GA,JAN2008,2 years,140000,Source Verified,8000,0,8000,0,1,0.1873718653,0.1569520009493283,0.21124155917823043
81470,Fully Paid,13000,13000,7.84,406.42,36 months,A,A4,27.13,0,1,0,1.2,18,23,debt_consolidation,OWN,KY,SEP2010,5 years,35000,Verified,13000,0,13000,0,1,0.0884394049,0.10368821879842104,0.09318522201240317
81487,Charged Off,35000,35000,16.14,1232.92,36 months,C,C4,13.88,0,2,1,84.5,22,44,other,MORTGAGE,WA,AUG2010,< 1 year,300000,Source Verified,35000,0,0,1,1,0.2420936932,0.17921857534820304,0.1715567968159956
81530,Fully Paid,28000,28000,17.97,1011.85,36 months,D,D1,30.3,0,1,0,65.9,8,18,credit_card,MORTGAGE,WI,NOV2004,6 years,72800,Verified,28000,0,28000,0,1,0.3176819698,0.21742385627322927,0.21124155917823043
81574,Fully Paid,3200,3200,11.06,104.86,36 months,B,B3,6.86,0,0,0,22.1,21,30,debt_consolidation,MORTGAGE,CA,DEC1998,8 years,140000,Source Verified,3200,0,3200,0,1,0.1094726624,0.11519256951276922,0.12551628685844768
81594,Fully Paid,2000,2000,11.8,66.24,36 months,B,B4,6.44,0,0,0,78.5,7,25,medical,MORTGAGE,MO,AUG1996,10+ years,85000,Not Verified,2000,0,2000,0,1,0.0740200221,0.10055698948718512,0.12551628685844768
81643,Fully Paid,18000,18000,16.14,439.07,60 months,C,C4,12.44,0,0,0,100.2,9,12,debt_consolidation,MORTGAGE,IL,AUG2001,10+ years,150000,Source Verified,18000,0,18000,0,1,0.206863959,0.16332497098222254,0.1715567968159956
81689,Fully Paid,10000,10000,24.37,289.84,60 months,E,E2,0.77,0,0,0,3.7,6,23,medical,MORTGAGE,MI,JUL2003,10+ years,39000,Not Verified,10000,0,10000,0,1,0.2442736204,0.19235751498448875,0.26321838497840144
81694,Fully Paid,13500,13500,27.27,553.1,36 months,E,E5,29.49,0,0,0,88.3,14,31,major_purchase,RENT,TX,OCT2000,1 year,150000,Source Verified,13500,0,13500,0,1,0.5332092155,0.33708637006556086,0.26321838497840144
81773,Fully Paid,2500,2500,18.94,91.57,36 months,D,D2,25.22,0,2,0,2,19,36,major_purchase,OWN,NY,SEP1996,10+ years,130002,Source Verified,2500,0,2500,0,1,0.325344456,0.2209797183353903,0.21124155917823043
81776,Fully Paid,16200,16200,12.73,543.74,36 months,B,B5,14.22,0,1,0,28.8,12,34,debt_consolidation,MORTGAGE,TN,JUN2000,10+ years,150000,Not Verified,16200,0,16200,0,1,0.1013917204,0.11185659023668966,0.12551628685844768
81787,Fully Paid,1300,1300,13.56,44.16,36 months,C,C1,8.48,0,1,0,30.3,13,16,debt_consolidation,MORTGAGE,MI,APR2014,5 years,30000,Not Verified,1300,0,1300,0,1,0.1409709512,0.13359788333199363,0.1715567968159956
81811,Fully Paid,12000,12000,8.19,377.09,36 months,A,A4,39.06,0,0,0,19.6,27,44,debt_consolidation,MORTGAGE,MI,NOV1966,n/a,39000,Verified,12000,0,12000,0,1,0.1384847361,0.12275141884156206,0.09318522201240317
81840,Fully Paid,25100,25100,30.84,825.07,60 months,G,G2,22.78,0,1,0,75,8,19,other,MORTGAGE,NJ,JUN2006,10+ years,56000,Verified,25100,0,25100,0,1,0.4683302024,0.32685381853473733,0.3430527655067617
81963,Fully Paid,15000,15000,11.8,496.79,36 months,B,B4,19.92,0,2,0,91,11,23,debt_consolidation,OWN,CA,FEB1985,10+ years,98000,Source Verified,15000,0,15000,0,1,0.1489363949,0.13148401100272772,0.12551628685844768
81985,Fully Paid,10000,10000,7.21,309.74,36 months,A,A3,8.71,0,0,0,15.8,6,22,debt_consolidation,MORTGAGE,IL,JAN2004,10+ years,65000,Not Verified,10000,0,10000,0,1,0.0369731916,0.08408377826269998,0.09318522201240317
82042,Fully Paid,3000,3000,17.97,108.42,36 months,D,D1,31.97,0,0,0,66.3,9,33,other,MORTGAGE,TX,APR1995,10+ years,54736,Not Verified,3000,0,3000,0,1,0.2131221686,0.16890171599006917,0.21124155917823043
82054,Fully Paid,20000,20000,16.14,487.86,60 months,C,C4,22.46,3,3,0,30,14,24,debt_consolidation,RENT,FL,AUG2009,2 years,70000,Source Verified,20000,0,20000,0,1,0.349804918,0.2278116071044968,0.1715567968159956
82070,Fully Paid,15000,15000,7.84,468.94,36 months,A,A4,25.06,0,0,0,71.1,12,46,debt_consolidation,MORTGAGE,CA,APR1993,10+ years,100000,Not Verified,15000,0,15000,0,1,0.0470683967,0.08792923016966704,0.09318522201240317
82081,Fully Paid,11000,11000,12.98,250.18,60 months,B,B5,13.7,0,1,0,0,5,19,debt_consolidation,MORTGAGE,MN,DEC2006,8 years,48000,Verified,11000,0,11000,0,1,0.1105142945,0.115622576694964,0.12551628685844768
82216,Fully Paid,4600,4600,12.98,154.95,36 months,B,B5,16.97,0,0,0,39,7,8,debt_consolidation,RENT,MO,MAR2014,10+ years,32448,Not Verified,4600,0,4600,0,1,0.1431243168,0.1290846654694278,0.12551628685844768
82242,Fully Paid,40000,40000,17.97,1015.09,60 months,D,D1,24.07,0,0,0,95.6,8,12,home_improvement,MORTGAGE,GA,NOV2005,8 years,90000,Verified,40000,0,40000,0,1,0.3610809149,0.23756362010326385,0.21124155917823043
82280,Charged Off,16000,16000,10.08,340.59,60 months,B,B1,25.52,0,1,0,19.5,10,14,debt_consolidation,RENT,MN,FEB2013,< 1 year,45000,Not Verified,16000,0,356.19,1,1,0.1757501683,0.14255328886363727,0.12551628685844768
82296,Fully Paid,1600,1600,8.19,50.28,36 months,A,A4,18.69,1,0,0,15.2,8,26,credit_card,RENT,CA,JAN2008,4 years,85000,Not Verified,1600,0,1600,0,1,0.0597963892,0.0927775599010746,0.09318522201240317
82337,Fully Paid,18500,18500,27.27,567.9,60 months,E,E5,23.19,0,1,0,56.5,18,37,credit_card,MORTGAGE,TX,NOV2001,4 years,130000,Not Verified,18500,0,18500,0,1,0.3830741389,0.26188318253061305,0.26321838497840144
82338,Fully Paid,24000,24000,7.84,484.8,60 months,A,A4,14.25,0,1,0,33.4,9,31,debt_consolidation,MORTGAGE,TX,JUL2004,< 1 year,148000,Source Verified,24000,0,24000,0,1,0.059450304,0.09264572959360387,0.09318522201240317
82347,Fully Paid,5000,5000,10.47,162.45,36 months,B,B2,16.47,0,0,0,77.8,8,19,credit_card,MORTGAGE,CA,AUG2007,3 years,165000,Not Verified,5000,0,5000,0,1,0.0877608235,0.10622947528242103,0.12551628685844768
82349,Fully Paid,15000,15000,15.02,357.01,60 months,C,C3,14.86,1,0,0,18.6,7,17,debt_consolidation,RENT,NV,DEC1989,10+ years,60000,Not Verified,15000,0,15000,0,1,0.2293089749,0.17345085500614293,0.1715567968159956
82365,Fully Paid,10000,10000,7.84,312.63,36 months,A,A4,17,0,0,0,51.3,21,33,credit_card,MORTGAGE,NY,SEP2005,3 years,100000,Not Verified,10000,0,10000,0,1,0.0526916541,0.09007123379198041,0.09318522201240317
82391,Fully Paid,34000,34000,11.55,748.61,60 months,B,B4,3.9,0,0,0,11.2,4,6,debt_consolidation,MORTGAGE,FL,APR2005,n/a,117194,Verified,34000,0,34000,0,1,0.182308107,0.14526054101282979,0.12551628685844768
82394,Fully Paid,16000,16000,13.56,368.66,60 months,C,C1,16.91,0,0,0,21,5,9,debt_consolidation,RENT,NV,MAR2011,1 year,45000,Not Verified,16000,0,16000,0,1,0.2336181089,0.17539488531211087,0.1715567968159956
82451,Fully Paid,25000,25000,10.33,535.25,60 months,B,B1,10.93,0,1,0,46.5,10,15,debt_consolidation,RENT,VA,NOV2002,4 years,85000,Source Verified,25000,0,25000,0,1,0.1722903178,0.14112499132526443,0.12551628685844768
82459,Fully Paid,3000,3000,11.06,98.31,36 months,B,B3,3.66,0,1,0,29.9,3,25,other,MORTGAGE,NY,APR2000,10+ years,40000,Not Verified,3000,0,3000,0,1,0.0584410878,0.09412568457642033,0.12551628685844768
82460,Fully Paid,20750,20750,27.27,636.97,60 months,E,E5,41.3,0,1,0,72.9,5,11,debt_consolidation,MORTGAGE,AZ,JUL2007,n/a,31527,Verified,20750,0,20750,0,1,0.6082911467,0.3746951732872301,0.26321838497840144
82499,Fully Paid,20000,20000,6.11,387.68,60 months,A,A1,17.03,0,0,0,34.4,14,37,credit_card,MORTGAGE,TX,JUN2002,6 years,96000,Source Verified,20000,0,20000,0,1,0.0540696889,0.09059615294885094,0.09318522201240317
82547,Fully Paid,1200,1200,14.47,41.29,36 months,C,C2,12.24,1,0,0,92.8,2,4,credit_card,RENT,CA,JAN2012,7 years,30000,Source Verified,1200,0,1200,0,1,0.2100740369,0.1647731711825686,0.1715567968159956
82569,Fully Paid,3000,3000,7.84,93.79,36 months,A,A4,25.08,0,0,0,78.5,5,10,other,MORTGAGE,NJ,APR1999,3 years,50000,Not Verified,3000,0,3000,0,1,0.0473315609,0.08802947432168881,0.09318522201240317
82587,Fully Paid,40000,40000,10.08,851.46,60 months,B,B1,29.58,0,1,0,68.1,13,26,credit_card,MORTGAGE,GA,FEB1988,10+ years,128000,Source Verified,40000,0,40000,0,1,0.183135687,0.14560218307996725,0.12551628685844768
82669,Fully Paid,7000,7000,14.47,240.85,36 months,C,C2,48.25,0,2,0,50.8,14,29,moving,MORTGAGE,MI,FEB2009,4 years,25000,Not Verified,7000,0,7000,0,1,0.245248739,0.18064194826998195,0.1715567968159956
82705,Fully Paid,35000,35000,10.08,745.03,60 months,B,B1,15.78,1,2,0,99.7,11,26,credit_card,OWN,KS,JUN2004,5 years,150000,Verified,35000,0,35000,0,1,0.1513147144,0.13246583027131,0.12551628685844768
82742,Fully Paid,10000,10000,13.56,230.41,60 months,C,C1,14.75,0,0,0,49.2,5,26,credit_card,MORTGAGE,IN,AUG2007,5 years,45000,Source Verified,10000,0,10000,0,1,0.1543350117,0.13962696913503175,0.1715567968159956
82744,Fully Paid,16000,16000,20.89,601.9,36 months,D,D4,31.78,0,1,0,84.6,35,44,home_improvement,MORTGAGE,NV,FEB2003,3 years,120000,Source Verified,16000,0,16000,0,1,0.4309793351,0.27000076049174115,0.21124155917823043
82757,Fully Paid,10250,10250,23.4,398.92,36 months,E,E1,16.11,0,1,0,20.9,8,17,debt_consolidation,MORTGAGE,AZ,AUG2005,10+ years,130000,Source Verified,10250,0,10250,0,1,0.3337983993,0.23720079138004255,0.26321838497840144
82794,Fully Paid,30000,30000,19.92,1113.69,36 months,D,D3,29.13,0,0,1,47.5,9,29,debt_consolidation,OWN,PA,JUL2001,10+ years,51000,Source Verified,30000,0,30000,0,1,0.384041735,0.24821884439713524,0.21124155917823043
82912,Fully Paid,12000,12000,16.14,422.72,36 months,C,C4,14.92,0,1,0,66.1,3,31,debt_consolidation,MORTGAGE,MS,DEC1999,10+ years,28000,Verified,12000,0,12000,0,1,0.1498497731,0.13760349068950253,0.1715567968159956
82924,Fully Paid,27000,27000,17.97,975.71,36 months,D,D1,31.66,0,1,0,26.6,11,15,debt_consolidation,MORTGAGE,IN,AUG2003,4 years,60000,Not Verified,27000,0,27000,0,1,0.3341305675,0.22505701123240937,0.21124155917823043
82928,Fully Paid,7000,7000,10.33,226.96,36 months,B,B1,22.09,0,0,0,33.1,3,13,credit_card,RENT,AL,OCT2001,n/a,15867,Not Verified,7000,0,7000,0,1,0.1924991953,0.14946763213778738,0.12551628685844768
82972,Fully Paid,27650,27650,11.8,915.74,36 months,B,B4,17.63,0,1,0,28.7,19,32,debt_consolidation,RENT,GA,MAR2001,2 years,107000,Source Verified,27650,0,27650,0,1,0.2102227876,0.15678429603792224,0.12551628685844768
83214,Fully Paid,8250,8250,6.11,251.4,36 months,A,A1,9.09,0,1,0,16.1,12,27,credit_card,MORTGAGE,CA,APR1998,10+ years,150000,Not Verified,8250,0,8250,0,1,0.0365921107,0.08393861744039895,0.09318522201240317
83317,Fully Paid,35000,35000,20.89,944.71,60 months,D,D4,16.05,0,0,0,59.7,15,42,debt_consolidation,MORTGAGE,NY,JUL2004,10+ years,78435,Source Verified,35000,0,35000,0,1,0.3135144891,0.21548989043901765,0.21124155917823043
83327,Fully Paid,6000,6000,6.67,184.36,36 months,A,A2,10.7,0,0,0,16.7,4,8,credit_card,RENT,MO,JUL2014,3 years,34000,Not Verified,6000,0,6000,0,1,0.0544524576,0.09074195668565092,0.09318522201240317
83368,Fully Paid,4000,4000,7.56,124.54,36 months,A,A3,13.64,0,0,0,1.2,4,12,car,RENT,IL,NOV2004,6 years,27000,Not Verified,4000,0,4000,0,1,0.0491460502,0.0887206471378663,0.09318522201240317
83421,Fully Paid,35000,35000,16.91,1246.28,36 months,C,C5,18.81,0,1,0,70.9,15,34,credit_card,MORTGAGE,NJ,AUG1997,3 years,389000,Verified,35000,0,35000,0,1,0.2463246254,0.18112732555631808,0.1715567968159956
83536,Fully Paid,32200,32200,18.94,834.23,60 months,D,D2,61.31,0,1,0,75.3,20,48,debt_consolidation,MORTGAGE,CA,JUL1995,10+ years,79000,Verified,32200,0,32200,0,1,0.4690585497,0.28767184413467517,0.21124155917823043
83553,Fully Paid,17750,17750,10.72,578.77,36 months,B,B2,22.64,0,0,0,44.2,9,35,debt_consolidation,MORTGAGE,MD,APR1997,3 years,120000,Not Verified,17750,0,17750,0,1,0.1051729148,0.11341754515472126,0.12551628685844768
83601,Fully Paid,35000,35000,6.67,1075.43,36 months,A,A2,6.52,0,1,0,1.4,8,24,home_improvement,OWN,FL,JAN2006,6 years,182000,Source Verified,35000,0,35000,0,1,0.0704610698,0.09683993564720624,0.09318522201240317
83608,Fully Paid,20000,20000,10.08,425.73,60 months,B,B1,20.57,1,0,0,21.8,10,22,medical,MORTGAGE,SC,AUG1993,10+ years,100000,Not Verified,20000,0,20000,0,1,0.1246338874,0.12145143542221143,0.12551628685844768
83615,Fully Paid,6000,6000,13.56,203.79,36 months,C,C1,12.27,0,0,0,21.9,6,13,other,MORTGAGE,TX,AUG2001,7 years,32000,Not Verified,6000,0,6000,0,1,0.1342533107,0.13056727515954003,0.1715567968159956
83629,Fully Paid,6000,6000,12.73,201.39,36 months,B,B5,15.13,0,1,0,85.9,16,23,credit_card,RENT,WA,SEP2000,10+ years,184500,Verified,6000,0,6000,0,1,0.1501675889,0.13199227324106994,0.12551628685844768
83631,Fully Paid,25000,25000,10.08,807.62,36 months,B,B1,6.21,0,0,1,58.5,8,10,debt_consolidation,MORTGAGE,KY,DEC2009,< 1 year,147000,Source Verified,25000,0,25000,0,1,0.1213109958,0.12007967733828274,0.12551628685844768
83759,Fully Paid,40000,40000,7.21,1238.93,36 months,A,A3,2.23,0,0,0,12,12,23,home_improvement,MORTGAGE,CA,DEC1993,5 years,96000,Source Verified,40000,0,40000,0,1,0.0662405174,0.09523224852106411,0.09318522201240317
83767,Fully Paid,1000,1000,8.19,31.43,36 months,A,A4,9.69,0,0,0,1.2,9,20,credit_card,MORTGAGE,WV,MAY2008,10+ years,55000,Source Verified,1000,0,1000,0,1,0.0443053077,0.08687671803554807,0.09318522201240317
83810,Fully Paid,7000,7000,18.94,256.38,36 months,D,D2,19.43,0,0,0,60.6,8,30,home_improvement,MORTGAGE,NV,AUG2012,10+ years,38000,Source Verified,7000,0,7000,0,1,0.241979699,0.18229337437335194,0.21124155917823043
83860,Fully Paid,12750,12750,22.35,489.24,36 months,D,D5,24.22,0,2,1,30.9,14,28,home_improvement,RENT,NY,DEC2004,9 years,70000,Verified,12750,0,12750,0,1,0.408767363,0.2596930474525752,0.21124155917823043
83922,Fully Paid,14000,14000,15.02,333.21,60 months,C,C3,10.13,0,0,0,21.7,12,21,debt_consolidation,MORTGAGE,TX,MAY2005,10+ years,72500,Source Verified,14000,0,14000,0,1,0.1889315888,0.15523492989121998,0.1715567968159956
83930,Fully Paid,25000,25000,6.11,761.8,36 months,A,A1,26.33,0,0,0,26.8,32,52,debt_consolidation,MORTGAGE,VA,JUN2000,10+ years,160000,Source Verified,25000,0,25000,0,1,0.085055222,0.10239912041384931,0.09318522201240317
83978,Fully Paid,16000,16000,6.11,487.55,36 months,A,A1,9.26,0,2,0,11.7,24,65,credit_card,MORTGAGE,NJ,NOV2002,10+ years,200000,Verified,16000,0,16000,0,1,0.0397998628,0.08516051004266242,0.09318522201240317
84011,Fully Paid,15000,15000,11.55,495,36 months,B,B4,23.47,0,0,1,21.9,10,22,debt_consolidation,MORTGAGE,NY,MAY1997,5 years,43000,Source Verified,15000,0,15000,0,1,0.140578589,0.12803373660700806,0.12551628685844768
84017,Fully Paid,14400,14400,11.8,318.87,60 months,B,B4,17.71,0,0,0,74,18,28,credit_card,MORTGAGE,MA,MAR2007,3 years,120000,Source Verified,14400,0,14400,0,1,0.1365917978,0.12638790709588715,0.12551628685844768
84049,Fully Paid,24000,24000,10.47,515.5,60 months,B,B2,6.13,0,0,0,7.1,12,26,credit_card,MORTGAGE,OR,OCT2003,10+ years,130000,Not Verified,24000,0,24000,0,1,0.0940647492,0.10883186563408369,0.12551628685844768
84076,Fully Paid,10000,10000,7.56,311.34,36 months,A,A3,23.17,0,0,0,96.3,10,22,credit_card,RENT,WA,AUG2007,6 years,45000,Not Verified,10000,0,10000,0,1,0.0673877307,0.09566924346356241,0.09318522201240317
84089,Fully Paid,1000,1000,27.27,40.98,36 months,E,E5,0.55,0,0,0,17.4,3,15,medical,RENT,SC,JUL2008,n/a,55000,Source Verified,1000,0,1000,0,1,0.4745520264,0.3077047778883188,0.26321838497840144
84094,Fully Paid,7700,7700,24.37,303.6,36 months,E,E2,20.26,0,0,1,55.5,11,26,debt_consolidation,MORTGAGE,CA,NOV1998,10+ years,117000,Not Verified,7700,0,7700,0,1,0.3043817167,0.2224658716775815,0.26321838497840144
84116,Fully Paid,7000,7000,7.21,216.82,36 months,A,A3,3.97,0,1,0,0,5,24,debt_consolidation,MORTGAGE,CA,SEP1997,4 years,55000,Source Verified,7000,0,7000,0,1,0.0385733138,0.08469329465235416,0.09318522201240317
84164,Fully Paid,24000,24000,10.72,782.56,36 months,B,B2,24.16,1,0,0,64.9,4,11,home_improvement,OWN,TX,DEC1979,< 1 year,45000,Not Verified,24000,0,24000,0,1,0.1612504117,0.13656749073195928,0.12551628685844768
84188,Fully Paid,7000,7000,16.14,246.59,36 months,C,C4,1.76,1,0,0,51.7,4,9,debt_consolidation,MORTGAGE,TX,MAY1998,10+ years,75000,Source Verified,7000,0,7000,0,1,0.1573719146,0.1409970428607228,0.1715567968159956
84219,Fully Paid,9500,9500,7.21,294.25,36 months,A,A3,12,0,0,0,32.9,9,23,car,MORTGAGE,MO,JUN2003,5 years,54000,Not Verified,9500,0,9500,0,1,0.0359299808,0.083686399812189,0.09318522201240317
84313,Fully Paid,20000,20000,19.92,528.99,60 months,D,D3,19.01,0,0,0,24,23,32,debt_consolidation,RENT,FL,SEP2000,3 years,80000,Verified,20000,0,20000,0,1,0.4048812288,0.25788964359518923,0.21124155917823043
84497,Fully Paid,20000,20000,13.56,460.82,60 months,C,C1,9.99,0,0,0,56.1,9,19,debt_consolidation,MORTGAGE,VA,APR1992,4 years,115000,Verified,20000,0,20000,0,1,0.1715750918,0.14740468925042263,0.1715567968159956
84567,Fully Paid,22400,22400,16.91,555.62,60 months,C,C5,42.46,1,2,0,44.6,10,15,debt_consolidation,MORTGAGE,IL,FEB2007,10+ years,42000,Not Verified,22400,0,22400,0,1,0.3069988137,0.20849998578113474,0.1715567968159956
84568,Fully Paid,6000,6000,13.56,203.79,36 months,C,C1,19.8,0,0,0,59.2,10,11,credit_card,RENT,NY,JUL2014,3 years,46000,Not Verified,6000,0,6000,0,1,0.2247597861,0.17139852595469782,0.1715567968159956
84583,Fully Paid,1000,1000,25.34,39.94,36 months,E,E3,39.91,0,0,0,37.6,14,32,debt_consolidation,OWN,RI,DEC2005,1 year,42000,Not Verified,1000,0,1000,0,1,0.4316465137,0.2862132557808116,0.26321838497840144
84604,Fully Paid,17950,17950,17.97,455.52,60 months,D,D1,66.1,0,0,0,39.1,23,48,debt_consolidation,MORTGAGE,NV,MAR2006,10+ years,50000,Verified,17950,0,17950,0,1,0.4570027576,0.282077219539111,0.21124155917823043
84610,Fully Paid,10000,10000,16.91,356.08,36 months,C,C5,30.19,0,1,0,9.3,15,35,credit_card,MORTGAGE,TX,MAY2011,5 years,100000,Source Verified,10000,0,10000,0,1,0.2443583089,0.18024023806562392,0.1715567968159956
84739,Fully Paid,40000,40000,15.02,952.02,60 months,C,C3,27.05,0,0,0,66.2,27,46,debt_consolidation,OWN,IL,OCT1992,10+ years,127000,Source Verified,40000,0,40000,0,1,0.3530497497,0.22927548619541518,0.1715567968159956
84751,Fully Paid,35000,35000,11.06,1146.85,36 months,B,B3,7.52,0,0,0,44.3,9,18,debt_consolidation,RENT,NY,JUL2009,2 years,190000,Source Verified,35000,0,35000,0,1,0.1777158553,0.14336476493848832,0.12551628685844768
84835,Fully Paid,10000,10000,11.55,220.18,60 months,B,B4,9.56,1,0,0,29,9,18,debt_consolidation,MORTGAGE,NJ,MAR2005,10+ years,65000,Not Verified,10000,0,10000,0,1,0.0940324547,0.1088185337994125,0.12551628685844768
84850,Fully Paid,25000,25000,22.35,695.46,60 months,D,D5,11,0,0,0,17.9,12,26,debt_consolidation,RENT,CA,AUG2004,3 years,130000,Source Verified,25000,0,25000,0,1,0.3902947965,0.2511206472297733,0.21124155917823043
84870,Fully Paid,5000,5000,14.47,172.04,36 months,C,C2,24.85,0,1,0,60.8,13,19,debt_consolidation,RENT,CA,OCT2006,8 years,55000,Not Verified,5000,0,5000,0,1,0.2513453466,0.18339238256559554,0.1715567968159956
84912,Fully Paid,22200,22200,8.46,700.39,36 months,A,A5,17.59,0,0,0,42.1,15,24,debt_consolidation,MORTGAGE,FL,MAR2003,3 years,66600,Verified,22200,0,22200,0,1,0.0682147819,0.09598428269086838,0.09318522201240317
84930,Fully Paid,15000,15000,14.47,352.69,60 months,C,C2,17.71,0,0,0,61.2,18,29,debt_consolidation,MORTGAGE,NY,JUL2004,2 years,165000,Source Verified,15000,0,15000,0,1,0.2148754279,0.16693927917893203,0.1715567968159956
84941,Fully Paid,1000,1000,8.19,31.43,36 months,A,A4,3.12,0,0,0,3.2,13,16,debt_consolidation,RENT,WI,JUN2014,7 years,25000,Source Verified,1000,0,1000,0,1,0.0631503019,0.0940551278019007,0.09318522201240317
84968,Fully Paid,18650,18650,11.55,615.45,36 months,B,B4,26.82,0,0,0,37.5,10,21,debt_consolidation,MORTGAGE,MO,AUG1993,n/a,22291,Not Verified,18650,0,18650,0,1,0.1975404104,0.15154874954957667,0.12551628685844768
84984,Fully Paid,13000,13000,14.47,305.67,60 months,C,C2,22.19,0,3,0,9,11,34,debt_consolidation,MORTGAGE,FL,NOV1999,n/a,90000,Verified,13000,0,13000,0,1,0.2699798355,0.19179917872413296,0.1715567968159956
85002,Fully Paid,1500,1500,15.02,52.02,36 months,C,C3,28.32,1,0,0,33.5,11,28,home_improvement,MORTGAGE,NJ,SEP2002,n/a,60000,Not Verified,1500,0,1500,0,1,0.2755737266,0.1943228166120901,0.1715567968159956
